
PLAY [verify] ******************************************************************

TASK [Gathering Facts] *********************************************************
ok: [localhost]

TASK [/stigforge/roles/ol10_stig : StigForge apply ol10_stig profile stig] *****
included: /stigforge/roles/ol10_stig/tasks/stig.yml for localhost

TASK [/stigforge/roles/ol10_stig : Gather the package facts] *******************
ok: [localhost]

TASK [/stigforge/roles/ol10_stig : Ensure aide is installed] *******************
skipping: [localhost]

TASK [/stigforge/roles/ol10_stig : Build and Test AIDE Database - Ensure AIDE Is Installed] ***
skipping: [localhost] => (item=aide) 
skipping: [localhost]

TASK [/stigforge/roles/ol10_stig : Ensure aide is installed] *******************
skipping: [localhost] => (item=aide) 
skipping: [localhost]

TASK [/stigforge/roles/ol10_stig : Ensure AIDE is installed] *******************
skipping: [localhost]

TASK [/stigforge/roles/ol10_stig : Install cron] *******************************
skipping: [localhost]

TASK [/stigforge/roles/ol10_stig : Ensure AIDE is installed] *******************
skipping: [localhost] => (item=aide) 
skipping: [localhost]

TASK [/stigforge/roles/ol10_stig : Configure AIDE to Use FIPS 140-2 for Validating Hashes - Ensure aide is installed] ***
skipping: [localhost]

TASK [/stigforge/roles/ol10_stig : Ensure crypto-policies is installed] ********
ok: [localhost]

TASK [/stigforge/roles/ol10_stig : Remove the GDM Package Group: Ensure gdm is removed] ***
skipping: [localhost]

TASK [/stigforge/roles/ol10_stig : Ensure sudo is installed] *******************
skipping: [localhost]

TASK [/stigforge/roles/ol10_stig : Ensure gnutls-utils is installed] ***********
changed: [localhost]

TASK [/stigforge/roles/ol10_stig : Ensure nss-tools is installed] **************
changed: [localhost]

TASK [/stigforge/roles/ol10_stig : Uninstall gssproxy Package: Ensure gssproxy is removed] ***
ok: [localhost]

TASK [/stigforge/roles/ol10_stig : Uninstall tuned Package: Ensure tuned is removed] ***
ok: [localhost]

TASK [/stigforge/roles/ol10_stig : Lock Accounts Must Persist - Ensure necessary SELinux packages are installed] ***
changed: [localhost] => (item=python3-libselinux)
changed: [localhost] => (item=python3-policycoreutils)
changed: [localhost] => (item=policycoreutils-python-utils)

TASK [/stigforge/roles/ol10_stig : Ensure pcsc-lite-ccid is installed] *********
skipping: [localhost]

TASK [/stigforge/roles/ol10_stig : Ensure rsyslog-gnutls is installed] *********
skipping: [localhost]

TASK [/stigforge/roles/ol10_stig : Ensure rsyslog is installed] ****************
skipping: [localhost]

TASK [/stigforge/roles/ol10_stig : Ensure libreswan is installed] **************
changed: [localhost]

TASK [/stigforge/roles/ol10_stig : Ensure NetworkManager is installed] *********
skipping: [localhost] => (item=NetworkManager) 
skipping: [localhost]

TASK [/stigforge/roles/ol10_stig : Ensure policycoreutils-python-utils is installed] ***
skipping: [localhost]

TASK [/stigforge/roles/ol10_stig : Ensure policycoreutils is installed] ********
skipping: [localhost]

TASK [/stigforge/roles/ol10_stig : Ensure cronie is installed] *****************
skipping: [localhost]

TASK [/stigforge/roles/ol10_stig : Uninstall unbound Package: Ensure unbound is removed] ***
ok: [localhost]

TASK [/stigforge/roles/ol10_stig : Ensure fapolicyd is installed] **************
skipping: [localhost]

TASK [/stigforge/roles/ol10_stig : Uninstall vsftpd Package: Ensure vsftpd is removed] ***
ok: [localhost]

TASK [/stigforge/roles/ol10_stig : Ensure s-nail is installed] *****************
skipping: [localhost]

TASK [/stigforge/roles/ol10_stig : Uninstall nfs-utils Package: Ensure nfs-utils is removed] ***
ok: [localhost]

TASK [/stigforge/roles/ol10_stig : Ensure chrony is installed] *****************
skipping: [localhost]

TASK [/stigforge/roles/ol10_stig : Uninstall telnet-server Package: Ensure telnet-server is removed] ***
ok: [localhost]

TASK [/stigforge/roles/ol10_stig : Uninstall tftp-server Package: Ensure tftp-server is removed] ***
ok: [localhost]

TASK [/stigforge/roles/ol10_stig : Remove tftp Daemon: Ensure tftp is removed] ***
ok: [localhost]

TASK [/stigforge/roles/ol10_stig : Ensure openssh-clients is installed] ********
skipping: [localhost]

TASK [/stigforge/roles/ol10_stig : Ensure openssh-server is installed] *********
skipping: [localhost]

TASK [/stigforge/roles/ol10_stig : Enable SSH Server firewalld Firewall Exception - Ensure firewalld and NetworkManager packages are installed] ***
skipping: [localhost] => (item=firewalld) 
skipping: [localhost] => (item=NetworkManager) 
skipping: [localhost]

TASK [/stigforge/roles/ol10_stig : Ensure sssd is installed] *******************
skipping: [localhost]

TASK [/stigforge/roles/ol10_stig : Ensure usbguard is installed] ***************
skipping: [localhost]

TASK [/stigforge/roles/ol10_stig : Ensure audispd-plugins is installed] ********
skipping: [localhost]

TASK [/stigforge/roles/ol10_stig : Ensure audit is installed] ******************
skipping: [localhost]

TASK [/stigforge/roles/ol10_stig : Gather the package facts] *******************
ok: [localhost]

TASK [/stigforge/roles/ol10_stig : Disable debug-shell SystemD Service - Collect systemd Services Present in the System] ***
skipping: [localhost]

TASK [/stigforge/roles/ol10_stig : Disable debug-shell SystemD Service - Ensure debug-shell.service is Masked] ***
skipping: [localhost]

TASK [/stigforge/roles/ol10_stig : Unit Socket Exists - debug-shell.socket] ****
skipping: [localhost]

TASK [/stigforge/roles/ol10_stig : Disable debug-shell SystemD Service - Disable Socket debug-shell] ***
skipping: [localhost]

TASK [/stigforge/roles/ol10_stig : Enable rsyslog Service - Enable Service rsyslog] ***
skipping: [localhost]

TASK [/stigforge/roles/ol10_stig : Enable systemd-journald Service - Enable Service systemd-journald] ***
skipping: [localhost]

TASK [/stigforge/roles/ol10_stig : Disable the Automounter - Collect systemd Services Present in the System] ***
skipping: [localhost]

TASK [/stigforge/roles/ol10_stig : Disable the Automounter - Ensure autofs.service is Masked] ***
skipping: [localhost]

TASK [/stigforge/roles/ol10_stig : Unit Socket Exists - autofs.socket] *********
skipping: [localhost]

TASK [/stigforge/roles/ol10_stig : Disable the Automounter - Disable Socket autofs] ***
skipping: [localhost]

TASK [/stigforge/roles/ol10_stig : Disable KDump Kernel Crash Analyzer (kdump) - Collect systemd Services Present in the System] ***
skipping: [localhost]

TASK [/stigforge/roles/ol10_stig : Disable KDump Kernel Crash Analyzer (kdump) - Ensure kdump.service is Masked] ***
skipping: [localhost]

TASK [/stigforge/roles/ol10_stig : Unit Socket Exists - kdump.socket] **********
skipping: [localhost]

TASK [/stigforge/roles/ol10_stig : Disable KDump Kernel Crash Analyzer (kdump) - Disable Socket kdump] ***
skipping: [localhost]

TASK [/stigforge/roles/ol10_stig : Enable the File Access Policy Service - Enable Service fapolicyd] ***
skipping: [localhost]

TASK [/stigforge/roles/ol10_stig : The Chronyd service is enabled - Enable Service chronyd] ***
skipping: [localhost]

TASK [/stigforge/roles/ol10_stig : Enable the OpenSSH Service - Enable Service sshd] ***
skipping: [localhost]

TASK [/stigforge/roles/ol10_stig : Enable the SSSD Service - Enable Service sssd] ***
skipping: [localhost]

TASK [/stigforge/roles/ol10_stig : Enable the USBGuard Service - Enable Service usbguard] ***
skipping: [localhost]

TASK [/stigforge/roles/ol10_stig : Enable auditd Service - Enable Service auditd] ***
skipping: [localhost]

TASK [/stigforge/roles/ol10_stig : Gather the service facts] *******************
skipping: [localhost]

TASK [/stigforge/roles/ol10_stig : Build and Test AIDE Database - Build and Test AIDE Database] ***
skipping: [localhost]

TASK [/stigforge/roles/ol10_stig : Build and Test AIDE Database - Check Whether the Stock AIDE Database Exists] ***
skipping: [localhost]

TASK [/stigforge/roles/ol10_stig : Build and Test AIDE Database - Stage AIDE Database] ***
skipping: [localhost]

TASK [/stigforge/roles/ol10_stig : Set audit_tools fact] ***********************
skipping: [localhost]

TASK [/stigforge/roles/ol10_stig : Ensure existing AIDE configuration for audit tools are correct] ***
skipping: [localhost]

TASK [/stigforge/roles/ol10_stig : Configure AIDE to properly protect audit tools] ***
skipping: [localhost]

TASK [/stigforge/roles/ol10_stig : Configure Periodic Execution of AIDE] *******
skipping: [localhost]

TASK [/stigforge/roles/ol10_stig : Configure Notification of Post-AIDE Scan Details] ***
skipping: [localhost]

TASK [/stigforge/roles/ol10_stig : Configure AIDE to Use FIPS 140-2 for Validating Hashes - Set-fact aide config file and forbidden hashes] ***
skipping: [localhost]

TASK [/stigforge/roles/ol10_stig : Configure AIDE to Use FIPS 140-2 for Validating Hashes - Remove forbidden hashes] ***
skipping: [localhost]

TASK [/stigforge/roles/ol10_stig : Configure AIDE to Use FIPS 140-2 for Validating Hashes - Set sha512] ***
skipping: [localhost]

TASK [/stigforge/roles/ol10_stig : Get rules groups] ***************************
skipping: [localhost]

TASK [/stigforge/roles/ol10_stig : Ensure the acl rule is present when aide is installed.] ***
skipping: [localhost]

TASK [/stigforge/roles/ol10_stig : Get rules groups] ***************************
skipping: [localhost]

TASK [/stigforge/roles/ol10_stig : Ensure the xattrs rule is present when aide is installed.] ***
skipping: [localhost]

TASK [/stigforge/roles/ol10_stig : Set the file_audit_tools_group_ownership_newgroup variable if represented by gid] ***
skipping: [localhost]

TASK [/stigforge/roles/ol10_stig : Test for existence /sbin/auditctl] **********
skipping: [localhost]

TASK [/stigforge/roles/ol10_stig : Ensure group owner on /sbin/auditctl] *******
skipping: [localhost]

TASK [/stigforge/roles/ol10_stig : Test for existence /sbin/aureport] **********
skipping: [localhost]

TASK [/stigforge/roles/ol10_stig : Ensure group owner on /sbin/aureport] *******
skipping: [localhost]

TASK [/stigforge/roles/ol10_stig : Test for existence /sbin/ausearch] **********
skipping: [localhost]

TASK [/stigforge/roles/ol10_stig : Ensure group owner on /sbin/ausearch] *******
skipping: [localhost]

TASK [/stigforge/roles/ol10_stig : Test for existence /sbin/autrace] ***********
skipping: [localhost]

TASK [/stigforge/roles/ol10_stig : Ensure group owner on /sbin/autrace] ********
skipping: [localhost]

TASK [/stigforge/roles/ol10_stig : Test for existence /sbin/auditd] ************
skipping: [localhost]

TASK [/stigforge/roles/ol10_stig : Ensure group owner on /sbin/auditd] *********
skipping: [localhost]

TASK [/stigforge/roles/ol10_stig : Test for existence /sbin/rsyslogd] **********
skipping: [localhost]

TASK [/stigforge/roles/ol10_stig : Ensure group owner on /sbin/rsyslogd] *******
skipping: [localhost]

TASK [/stigforge/roles/ol10_stig : Test for existence /sbin/augenrules] ********
skipping: [localhost]

TASK [/stigforge/roles/ol10_stig : Ensure group owner on /sbin/augenrules] *****
skipping: [localhost]

TASK [/stigforge/roles/ol10_stig : Set the file_audit_tools_ownership_newown variable if represented by uid] ***
skipping: [localhost]

TASK [/stigforge/roles/ol10_stig : Test for existence /sbin/auditctl] **********
skipping: [localhost]

TASK [/stigforge/roles/ol10_stig : Ensure owner on /sbin/auditctl] *************
skipping: [localhost]

TASK [/stigforge/roles/ol10_stig : Test for existence /sbin/aureport] **********
skipping: [localhost]

TASK [/stigforge/roles/ol10_stig : Ensure owner on /sbin/aureport] *************
skipping: [localhost]

TASK [/stigforge/roles/ol10_stig : Test for existence /sbin/ausearch] **********
skipping: [localhost]

TASK [/stigforge/roles/ol10_stig : Ensure owner on /sbin/ausearch] *************
skipping: [localhost]

TASK [/stigforge/roles/ol10_stig : Test for existence /sbin/autrace] ***********
skipping: [localhost]

TASK [/stigforge/roles/ol10_stig : Ensure owner on /sbin/autrace] **************
skipping: [localhost]

TASK [/stigforge/roles/ol10_stig : Test for existence /sbin/auditd] ************
skipping: [localhost]

TASK [/stigforge/roles/ol10_stig : Ensure owner on /sbin/auditd] ***************
skipping: [localhost]

TASK [/stigforge/roles/ol10_stig : Test for existence /sbin/rsyslogd] **********
skipping: [localhost]

TASK [/stigforge/roles/ol10_stig : Ensure owner on /sbin/rsyslogd] *************
skipping: [localhost]

TASK [/stigforge/roles/ol10_stig : Test for existence /sbin/augenrules] ********
skipping: [localhost]

TASK [/stigforge/roles/ol10_stig : Ensure owner on /sbin/augenrules] ***********
skipping: [localhost]

TASK [/stigforge/roles/ol10_stig : Test for existence /sbin/auditctl] **********
skipping: [localhost]

TASK [/stigforge/roles/ol10_stig : Ensure permission u-s,g-ws,o-wt on /sbin/auditctl] ***
skipping: [localhost]

TASK [/stigforge/roles/ol10_stig : Test for existence /sbin/aureport] **********
skipping: [localhost]

TASK [/stigforge/roles/ol10_stig : Ensure permission u-s,g-ws,o-wt on /sbin/aureport] ***
skipping: [localhost]

TASK [/stigforge/roles/ol10_stig : Test for existence /sbin/ausearch] **********
skipping: [localhost]

TASK [/stigforge/roles/ol10_stig : Ensure permission u-s,g-ws,o-wt on /sbin/ausearch] ***
skipping: [localhost]

TASK [/stigforge/roles/ol10_stig : Test for existence /sbin/autrace] ***********
skipping: [localhost]

TASK [/stigforge/roles/ol10_stig : Ensure permission u-s,g-ws,o-wt on /sbin/autrace] ***
skipping: [localhost]

TASK [/stigforge/roles/ol10_stig : Test for existence /sbin/auditd] ************
skipping: [localhost]

TASK [/stigforge/roles/ol10_stig : Ensure permission u-s,g-ws,o-wt on /sbin/auditd] ***
skipping: [localhost]

TASK [/stigforge/roles/ol10_stig : Test for existence /sbin/rsyslogd] **********
skipping: [localhost]

TASK [/stigforge/roles/ol10_stig : Ensure permission u-s,g-ws,o-wt on /sbin/rsyslogd] ***
skipping: [localhost]

TASK [/stigforge/roles/ol10_stig : Test for existence /sbin/augenrules] ********
skipping: [localhost]

TASK [/stigforge/roles/ol10_stig : Ensure permission u-s,g-ws,o-wt on /sbin/augenrules] ***
skipping: [localhost]

TASK [/stigforge/roles/ol10_stig : Configure BIND to use System Crypto Policy - Check BIND configuration file exists] ***
skipping: [localhost]

TASK [/stigforge/roles/ol10_stig : Configure BIND to use System Crypto Policy - Aborting remediation, file not found] ***
skipping: [localhost]

TASK [/stigforge/roles/ol10_stig : Configure BIND to use System Crypto Policy - Insert crypto-policy into BIND config] ***
skipping: [localhost]

TASK [/stigforge/roles/ol10_stig : Configure System Cryptography Policy] *******
changed: [localhost]

TASK [/stigforge/roles/ol10_stig : Verify that Crypto Policy is Set (runtime)] ***
fatal: [localhost]: FAILED! => {"changed": false, "cmd": "/usr/bin/update-crypto-policies --set FIPS", "msg": "[Errno 2] No such file or directory: b'/usr/bin/update-crypto-policies'", "rc": 2, "stderr": "", "stderr_lines": [], "stdout": "", "stdout_lines": []}

TASK [/stigforge/roles/ol10_stig : StigForge: continue after error in 'Verify that Crypto Policy is Set (runtime)' (OpenSCAP is the score gate)] ***
ok: [localhost] => {
    "msg": "StigForge: 'Verify that Crypto Policy is Set (runtime)' raised an error (module or templating) and was skipped; continuing so later rules still run. OpenSCAP evaluates the resulting system state independently."
}

TASK [/stigforge/roles/ol10_stig : Configure Kerberos to use System Crypto Policy] ***
ok: [localhost]

TASK [/stigforge/roles/ol10_stig : Configure Libreswan to use System Crypto Policy] ***
ok: [localhost]

TASK [/stigforge/roles/ol10_stig : Check for duplicate values] *****************
ok: [localhost]

TASK [/stigforge/roles/ol10_stig : Deduplicate values from /etc/crypto-policies/back-ends/openssh.config] ***
skipping: [localhost]

TASK [/stigforge/roles/ol10_stig : Insert correct line to /etc/crypto-policies/back-ends/openssh.config] ***
changed: [localhost]

TASK [/stigforge/roles/ol10_stig : Run dconf update] ***************************
skipping: [localhost]

TASK [/stigforge/roles/ol10_stig : Disable the GNOME3 Login Restart and Shutdown Buttons] ***
skipping: [localhost]

TASK [/stigforge/roles/ol10_stig : Prevent user modification of GNOME disablement of Login Restart and Shutdown Buttons] ***
skipping: [localhost]

TASK [/stigforge/roles/ol10_stig : Dconf Update] *******************************
skipping: [localhost]

TASK [/stigforge/roles/ol10_stig : Disable the GNOME3 Login User List] *********
skipping: [localhost]

TASK [/stigforge/roles/ol10_stig : Prevent user modification of GNOME3 disablement of Login User List] ***
skipping: [localhost]

TASK [/stigforge/roles/ol10_stig : Dconf Update] *******************************
skipping: [localhost]

TASK [/stigforge/roles/ol10_stig : Detect if removal-action can be found on /etc/dconf/db/local.d/] ***
skipping: [localhost]

TASK [/stigforge/roles/ol10_stig : Configure removal-action - default file] ****
skipping: [localhost]

TASK [/stigforge/roles/ol10_stig : Configure removal-action - existing files] ***
skipping: [localhost]

TASK [/stigforge/roles/ol10_stig : Detect if lock for removal-action can be found on /etc/dconf/db/local.d/] ***
skipping: [localhost]

TASK [/stigforge/roles/ol10_stig : Prevent user modification removal-action - default file] ***
skipping: [localhost]

TASK [/stigforge/roles/ol10_stig : Prevent user modification removal-action - existing files] ***
skipping: [localhost]

TASK [/stigforge/roles/ol10_stig : Dconf Update - removal-action] **************
skipping: [localhost]

TASK [/stigforge/roles/ol10_stig : Disable GDM Automatic Login] ****************
skipping: [localhost]

TASK [/stigforge/roles/ol10_stig : Disable GNOME3 Automounting - automount-open] ***
skipping: [localhost]

TASK [/stigforge/roles/ol10_stig : Prevent user modification of GNOME3 Automounting - automount-open] ***
skipping: [localhost]

TASK [/stigforge/roles/ol10_stig : Dconf Update] *******************************
skipping: [localhost]

TASK [/stigforge/roles/ol10_stig : Disable GNOME3 Automounting - autorun-never] ***
skipping: [localhost]

TASK [/stigforge/roles/ol10_stig : Prevent user modification of GNOME3 Automounting - autorun-never] ***
skipping: [localhost]

TASK [/stigforge/roles/ol10_stig : Dconf Update] *******************************
skipping: [localhost]

TASK [/stigforge/roles/ol10_stig : Set GNOME3 Screensaver Lock Delay After Activation Period] ***
skipping: [localhost]

TASK [/stigforge/roles/ol10_stig : Dconf Update] *******************************
skipping: [localhost]

TASK [/stigforge/roles/ol10_stig : Dconf Update] *******************************
skipping: [localhost]

TASK [/stigforge/roles/ol10_stig : Enable GNOME3 Screensaver Lock After Idle Period] ***
skipping: [localhost]

TASK [/stigforge/roles/ol10_stig : Prevent user modification of GNOME lock-enabled] ***
skipping: [localhost]

TASK [/stigforge/roles/ol10_stig : Enable GNOME3 Screensaver Lock After Idle Period] ***
skipping: [localhost]

TASK [/stigforge/roles/ol10_stig : Prevent user modification of GNOME disable-lock-screen] ***
skipping: [localhost]

TASK [/stigforge/roles/ol10_stig : Check GNOME3 screenserver disable-lock-screen false] ***
skipping: [localhost]

TASK [/stigforge/roles/ol10_stig : Update GNOME3 screenserver disable-lock-screen false] ***
skipping: [localhost]

TASK [/stigforge/roles/ol10_stig : Dconf Update] *******************************
skipping: [localhost]

TASK [/stigforge/roles/ol10_stig : Prevent user modification of GNOME Screensaver lock-enabled] ***
skipping: [localhost]

TASK [/stigforge/roles/ol10_stig : Dconf Update] *******************************
skipping: [localhost]

TASK [/stigforge/roles/ol10_stig : Implement Blank Screensaver] ****************
skipping: [localhost]

TASK [/stigforge/roles/ol10_stig : Prevent user modification of GNOME picture-uri] ***
skipping: [localhost]

TASK [/stigforge/roles/ol10_stig : Dconf Update] *******************************
skipping: [localhost]

TASK [/stigforge/roles/ol10_stig : Prevent user modification of GNOME lock-delay] ***
skipping: [localhost]

TASK [/stigforge/roles/ol10_stig : Dconf Update] *******************************
skipping: [localhost]

TASK [/stigforge/roles/ol10_stig : Disable Ctrl-Alt-Del Reboot Key Sequence in GNOME3] ***
skipping: [localhost]

TASK [/stigforge/roles/ol10_stig : Prevent user modification of GNOME disablement of Ctrl-Alt-Del] ***
skipping: [localhost]

TASK [/stigforge/roles/ol10_stig : Dconf Update] *******************************
skipping: [localhost]

TASK [/stigforge/roles/ol10_stig : Find /etc/sudoers.d/ files] *****************
skipping: [localhost]

TASK [/stigforge/roles/ol10_stig : Remove lines containing !authenticate from sudoers files] ***
skipping: [localhost]

TASK [/stigforge/roles/ol10_stig : Find out if /etc/sudoers.d/* files contain Defaults targetpw to be deduplicated] ***
skipping: [localhost]

TASK [/stigforge/roles/ol10_stig : Remove found occurrences of Defaults targetpw from /etc/sudoers.d/* files] ***
skipping: [localhost]

TASK [/stigforge/roles/ol10_stig : Find out if /etc/sudoers.d/* files contain Defaults rootpw to be deduplicated] ***
skipping: [localhost]

TASK [/stigforge/roles/ol10_stig : Remove found occurrences of Defaults rootpw from /etc/sudoers.d/* files] ***
skipping: [localhost]

TASK [/stigforge/roles/ol10_stig : Find out if /etc/sudoers.d/* files contain Defaults runaspw to be deduplicated] ***
skipping: [localhost]

TASK [/stigforge/roles/ol10_stig : Remove found occurrences of Defaults runaspw from /etc/sudoers.d/* files] ***
skipping: [localhost]

TASK [/stigforge/roles/ol10_stig : Remove any ocurrences of Defaults targetpw in /etc/sudoers] ***
skipping: [localhost]

TASK [/stigforge/roles/ol10_stig : Remove any ocurrences of Defaults rootpw in /etc/sudoers] ***
skipping: [localhost]

TASK [/stigforge/roles/ol10_stig : Remove any ocurrences of Defaults runaspw in /etc/sudoers] ***
skipping: [localhost]

TASK [/stigforge/roles/ol10_stig : Check for duplicate values] *****************
skipping: [localhost]

TASK [/stigforge/roles/ol10_stig : Deduplicate values from /etc/sudoers] *******
skipping: [localhost]

TASK [/stigforge/roles/ol10_stig : Insert correct line into /etc/sudoers] ******
skipping: [localhost]

TASK [/stigforge/roles/ol10_stig : Check for duplicate values] *****************
skipping: [localhost]

TASK [/stigforge/roles/ol10_stig : Deduplicate values from /etc/sudoers] *******
skipping: [localhost]

TASK [/stigforge/roles/ol10_stig : Insert correct line into /etc/sudoers] ******
skipping: [localhost]

TASK [/stigforge/roles/ol10_stig : Check for duplicate values] *****************
skipping: [localhost]

TASK [/stigforge/roles/ol10_stig : Deduplicate values from /etc/sudoers] *******
skipping: [localhost]

TASK [/stigforge/roles/ol10_stig : Insert correct line into /etc/sudoers] ******
skipping: [localhost]

TASK [/stigforge/roles/ol10_stig : Ensure dnf Removes Previous Package Versions - Ensure DNF Removes Previous Package Versions] ***
changed: [localhost]

TASK [/stigforge/roles/ol10_stig : Ensure GPG check is globally activated] *****
ok: [localhost]

TASK [/stigforge/roles/ol10_stig : Check stats of dnf] *************************
ok: [localhost]

TASK [/stigforge/roles/ol10_stig : Check if config file of dnf is a symlink] ***
skipping: [localhost]

TASK [/stigforge/roles/ol10_stig : Ensure GPG check Enabled for Local Packages (dnf)] ***
changed: [localhost]

TASK [/stigforge/roles/ol10_stig : Grep for dnf repo section names] ************
ok: [localhost]

TASK [/stigforge/roles/ol10_stig : Set gpgcheck=1 for each dnf repo] ***********
ok: [localhost] => (item=['/etc/yum.repos.d/uek-ol10.repo', 'ol10_UEKR8'])
ok: [localhost] => (item=['/etc/yum.repos.d/uek-ol10.repo', 'ol10_RDMA'])
ok: [localhost] => (item=['/etc/yum.repos.d/oracle-linux-ol10.repo', 'ol10_baseos_latest'])
ok: [localhost] => (item=['/etc/yum.repos.d/oracle-linux-ol10.repo', 'ol10_appstream'])
ok: [localhost] => (item=['/etc/yum.repos.d/oracle-linux-ol10.repo', 'ol10_u0_baseos_base'])
ok: [localhost] => (item=['/etc/yum.repos.d/oracle-linux-ol10.repo', 'ol10_u1_baseos_base'])
ok: [localhost] => (item=['/etc/yum.repos.d/oracle-linux-ol10.repo', 'ol10_u2_baseos_base'])
ok: [localhost] => (item=['/etc/yum.repos.d/oracle-linux-ol10.repo', 'ol10_addons'])
ok: [localhost] => (item=['/etc/yum.repos.d/oracle-linux-ol10.repo', 'ol10_codeready_builder'])
ok: [localhost] => (item=['/etc/yum.repos.d/oracle-linux-ol10.repo', 'ol10_distro_builder'])
ok: [localhost] => (item=['/etc/yum.repos.d/virt-ol10.repo', 'ol10_kvm_utils'])

TASK [/stigforge/roles/ol10_stig : Ensure Oracle Linux GPG Key Installed - Read GPG key directory permission] ***
ok: [localhost]

TASK [/stigforge/roles/ol10_stig : Ensure Oracle Linux GPG Key Installed - Retrieve GPG key fingerprints information] ***
fatal: [localhost]: FAILED! => {"changed": false, "cmd": "gpg --with-fingerprint --with-colons /etc/pki/rpm-gpg/RPM-GPG-KEY-oracle", "msg": "[Errno 2] No such file or directory: b'gpg'", "rc": 2, "stderr": "", "stderr_lines": [], "stdout": "", "stdout_lines": []}

TASK [/stigforge/roles/ol10_stig : StigForge: continue after error in 'Ensure Oracle Linux GPG Key Installed - Retrieve GPG key fingerprints information' (OpenSCAP is the score gate)] ***
ok: [localhost] => {
    "msg": "StigForge: 'Ensure Oracle Linux GPG Key Installed - Retrieve GPG key fingerprints information' raised an error (module or templating) and was skipped; continuing so later rules still run. OpenSCAP evaluates the resulting system state independently."
}

TASK [/stigforge/roles/ol10_stig : Ensure Oracle Linux GPG Key Installed - Set fact for installed fingerprints] ***
ok: [localhost]

TASK [/stigforge/roles/ol10_stig : Ensure Oracle Linux GPG Key Installed - Set fact for valid fingerprints] ***
ok: [localhost]

TASK [/stigforge/roles/ol10_stig : Ensure Oracle Linux GPG Key Installed - Import Oracle GPG key securely] ***
skipping: [localhost]

TASK [/stigforge/roles/ol10_stig : Modify the System Login Banner - Ensure Correct Banner] ***
skipping: [localhost]

TASK [/stigforge/roles/ol10_stig : Enable GNOME3 Login Warning Banner] *********
skipping: [localhost]

TASK [/stigforge/roles/ol10_stig : Prevent user modification of GNOME banner-message-enabled] ***
skipping: [localhost]

TASK [/stigforge/roles/ol10_stig : Dconf Update] *******************************
skipping: [localhost]

TASK [/stigforge/roles/ol10_stig : Set the GNOME3 Login Warning Banner Text] ***
skipping: [localhost] => (item=local.d) 
skipping: [localhost] => (item=local.d/locks) 
skipping: [localhost]

TASK [/stigforge/roles/ol10_stig : Set the GNOME3 Login Warning Banner Text] ***
skipping: [localhost] => (item=00-security-settings) 
skipping: [localhost] => (item=locks/00-security-settings-lock) 
skipping: [localhost]

TASK [/stigforge/roles/ol10_stig : Set the GNOME3 Login Warning Banner Text] ***
skipping: [localhost]

TASK [/stigforge/roles/ol10_stig : Prevent user modification of the GNOME3 Login Warning Banner Text] ***
skipping: [localhost]

TASK [/stigforge/roles/ol10_stig : Dconf Update] *******************************
skipping: [localhost]

TASK [/stigforge/roles/ol10_stig : Check for pam_succeed_if entry] *************
ok: [localhost]

TASK [/stigforge/roles/ol10_stig : Ensure PAM Displays Last Logon/Access Notification - Check if system relies on authselect tool] ***
ok: [localhost]

TASK [/stigforge/roles/ol10_stig : Ensure PAM Displays Last Logon/Access Notification - Collect the Available authselect Features] ***
ok: [localhost]

TASK [/stigforge/roles/ol10_stig : Ensure PAM Displays Last Logon/Access Notification - Check integrity of authselect current profile] ***
ok: [localhost]

TASK [/stigforge/roles/ol10_stig : Ensure PAM Displays Last Logon/Access Notification - Informative message based on the authselect integrity check result] ***
ok: [localhost] => {
    "changed": false,
    "msg": [
        "authselect integrity check passed"
    ]
}

TASK [/stigforge/roles/ol10_stig : Ensure PAM Displays Last Logon/Access Notification - Get authselect Features Currently Enabled] ***
ok: [localhost]

TASK [/stigforge/roles/ol10_stig : Ensure PAM Displays Last Logon/Access Notification - Ensure "with-silent-lastlog" Feature is Disabled Using authselect Tool] ***
skipping: [localhost]

TASK [/stigforge/roles/ol10_stig : Ensure PAM Displays Last Logon/Access Notification - Ensure authselect changes are applied] ***
skipping: [localhost]

TASK [/stigforge/roles/ol10_stig : Ensure PAM Displays Last Logon/Access Notification - Define the PAM file to be edited as a local fact] ***
ok: [localhost]

TASK [/stigforge/roles/ol10_stig : Ensure PAM Displays Last Logon/Access Notification - Check if system relies on authselect tool] ***
ok: [localhost]

TASK [/stigforge/roles/ol10_stig : Ensure PAM Displays Last Logon/Access Notification - Check integrity of authselect current profile] ***
ok: [localhost]

TASK [/stigforge/roles/ol10_stig : Ensure PAM Displays Last Logon/Access Notification - Informative message based on the authselect integrity check result] ***
ok: [localhost] => {
    "changed": false,
    "msg": [
        "authselect integrity check passed"
    ]
}

TASK [/stigforge/roles/ol10_stig : Ensure PAM Displays Last Logon/Access Notification - Get authselect current profile] ***
ok: [localhost]

TASK [/stigforge/roles/ol10_stig : Ensure PAM Displays Last Logon/Access Notification - Define the current authselect profile as a local fact] ***
skipping: [localhost]

TASK [/stigforge/roles/ol10_stig : Ensure PAM Displays Last Logon/Access Notification - Define the new authselect custom profile as a local fact] ***
ok: [localhost]

TASK [/stigforge/roles/ol10_stig : Ensure PAM Displays Last Logon/Access Notification - Get authselect current features to also enable them in the custom profile] ***
ok: [localhost]

TASK [/stigforge/roles/ol10_stig : Ensure PAM Displays Last Logon/Access Notification - Check if any custom profile with the same name was already created] ***
ok: [localhost]

TASK [/stigforge/roles/ol10_stig : Ensure PAM Displays Last Logon/Access Notification - Create an authselect custom profile based on the current profile] ***
skipping: [localhost]

TASK [/stigforge/roles/ol10_stig : Ensure PAM Displays Last Logon/Access Notification - Create an authselect custom profile based on sssd profile] ***
changed: [localhost]

TASK [/stigforge/roles/ol10_stig : Ensure PAM Displays Last Logon/Access Notification - Ensure authselect changes are applied] ***
changed: [localhost]

TASK [/stigforge/roles/ol10_stig : Ensure PAM Displays Last Logon/Access Notification - Ensure the authselect custom profile is selected] ***
changed: [localhost]

TASK [/stigforge/roles/ol10_stig : Ensure PAM Displays Last Logon/Access Notification - Restore the authselect features in the custom profile] ***
skipping: [localhost]

TASK [/stigforge/roles/ol10_stig : Ensure PAM Displays Last Logon/Access Notification - Ensure authselect changes are applied] ***
skipping: [localhost]

TASK [/stigforge/roles/ol10_stig : Ensure PAM Displays Last Logon/Access Notification - Change the PAM file to be edited according to the custom authselect profile] ***
ok: [localhost]

TASK [/stigforge/roles/ol10_stig : Ensure PAM Displays Last Logon/Access Notification - Define a fact for control already filtered in case filters are used] ***
ok: [localhost]

TASK [/stigforge/roles/ol10_stig : Ensure PAM Displays Last Logon/Access Notification - Check if expected PAM module line is present in /etc/authselect/custom/hardening/postlogin] ***
ok: [localhost]

TASK [/stigforge/roles/ol10_stig : Ensure PAM Displays Last Logon/Access Notification - Check if required PAM module line is present in /etc/authselect/custom/hardening/postlogin with different control] ***
ok: [localhost]

TASK [/stigforge/roles/ol10_stig : Ensure PAM Displays Last Logon/Access Notification - Ensure the correct control for the required PAM module line in /etc/authselect/custom/hardening/postlogin] ***
skipping: [localhost]

TASK [/stigforge/roles/ol10_stig : Ensure PAM Displays Last Logon/Access Notification - Ensure the required PAM module line is included in /etc/authselect/custom/hardening/postlogin] ***
changed: [localhost]

TASK [/stigforge/roles/ol10_stig : Ensure PAM Displays Last Logon/Access Notification - Ensure authselect changes are applied] ***
changed: [localhost]

TASK [/stigforge/roles/ol10_stig : Ensure PAM Displays Last Logon/Access Notification - Define a fact for control already filtered in case filters are used] ***
ok: [localhost]

TASK [/stigforge/roles/ol10_stig : Ensure PAM Displays Last Logon/Access Notification - Check if the required PAM module option is present in /etc/authselect/custom/hardening/postlogin] ***
ok: [localhost]

TASK [/stigforge/roles/ol10_stig : Ensure PAM Displays Last Logon/Access Notification - Ensure the "showfailed" PAM option for "pam_lastlog.so" is included in /etc/authselect/custom/hardening/postlogin] ***
changed: [localhost]

TASK [/stigforge/roles/ol10_stig : Ensure PAM Displays Last Logon/Access Notification - Define a fact for control already filtered in case filters are used] ***
ok: [localhost]

TASK [/stigforge/roles/ol10_stig : Ensure PAM Displays Last Logon/Access Notification - Check if /etc/authselect/custom/hardening/postlogin file is present] ***
ok: [localhost]

TASK [/stigforge/roles/ol10_stig : Ensure PAM Displays Last Logon/Access Notification - Ensure the "silent" option from "pam_lastlog.so" is not present in /etc/authselect/custom/hardening/postlogin] ***
ok: [localhost]

TASK [/stigforge/roles/ol10_stig : Configure the Use of the pam_faillock.so Module in the /etc/pam.d/password-auth File. - Check if system relies on authselect tool] ***
ok: [localhost]

TASK [/stigforge/roles/ol10_stig : Configure the Use of the pam_faillock.so Module in the /etc/pam.d/password-auth File. - Check integrity of authselect current profile] ***
ok: [localhost]

TASK [/stigforge/roles/ol10_stig : Configure the Use of the pam_faillock.so Module in the /etc/pam.d/password-auth File. - Informative message based on the authselect integrity check result] ***
ok: [localhost] => {
    "changed": false,
    "msg": [
        "authselect integrity check passed"
    ]
}

TASK [/stigforge/roles/ol10_stig : Configure the Use of the pam_faillock.so Module in the /etc/pam.d/password-auth File. - Get authselect current features] ***
ok: [localhost]

TASK [/stigforge/roles/ol10_stig : Configure the Use of the pam_faillock.so Module in the /etc/pam.d/password-auth File. - Ensure "with-faillock" feature is enabled using authselect tool] ***
changed: [localhost]

TASK [/stigforge/roles/ol10_stig : Configure the Use of the pam_faillock.so Module in the /etc/pam.d/password-auth File. - Ensure authselect changes are applied] ***
changed: [localhost]

TASK [/stigforge/roles/ol10_stig : Configure the Use of the pam_faillock.so Module in the /etc/pam.d/password-auth File. - Check if pam_faillock.so is already enabled] ***
skipping: [localhost]

TASK [/stigforge/roles/ol10_stig : Configure the Use of the pam_faillock.so Module in the /etc/pam.d/password-auth File. - Enable pam_faillock.so preauth editing PAM files] ***
skipping: [localhost] => (item=/etc/pam.d/system-auth) 
skipping: [localhost] => (item=/etc/pam.d/password-auth) 
skipping: [localhost]

TASK [/stigforge/roles/ol10_stig : Configure the Use of the pam_faillock.so Module in the /etc/pam.d/password-auth File. - Enable pam_faillock.so authfail editing PAM files] ***
skipping: [localhost] => (item=/etc/pam.d/system-auth) 
skipping: [localhost] => (item=/etc/pam.d/password-auth) 
skipping: [localhost]

TASK [/stigforge/roles/ol10_stig : Configure the Use of the pam_faillock.so Module in the /etc/pam.d/password-auth File. - Enable pam_faillock.so account section editing PAM files] ***
skipping: [localhost] => (item=/etc/pam.d/system-auth) 
skipping: [localhost] => (item=/etc/pam.d/password-auth) 
skipping: [localhost]

TASK [/stigforge/roles/ol10_stig : Configure the Use of the pam_faillock.so Module in the /etc/pam.d/system-auth File. - Check if system relies on authselect tool] ***
ok: [localhost]

TASK [/stigforge/roles/ol10_stig : Configure the Use of the pam_faillock.so Module in the /etc/pam.d/system-auth File. - Check integrity of authselect current profile] ***
ok: [localhost]

TASK [/stigforge/roles/ol10_stig : Configure the Use of the pam_faillock.so Module in the /etc/pam.d/system-auth File. - Informative message based on the authselect integrity check result] ***
ok: [localhost] => {
    "changed": false,
    "msg": [
        "authselect integrity check passed"
    ]
}

TASK [/stigforge/roles/ol10_stig : Configure the Use of the pam_faillock.so Module in the /etc/pam.d/system-auth File. - Get authselect current features] ***
ok: [localhost]

TASK [/stigforge/roles/ol10_stig : Configure the Use of the pam_faillock.so Module in the /etc/pam.d/system-auth File. - Ensure "with-faillock" feature is enabled using authselect tool] ***
skipping: [localhost]

TASK [/stigforge/roles/ol10_stig : Configure the Use of the pam_faillock.so Module in the /etc/pam.d/system-auth File. - Ensure authselect changes are applied] ***
skipping: [localhost]

TASK [/stigforge/roles/ol10_stig : Configure the Use of the pam_faillock.so Module in the /etc/pam.d/system-auth File. - Check if pam_faillock.so is already enabled] ***
skipping: [localhost]

TASK [/stigforge/roles/ol10_stig : Configure the Use of the pam_faillock.so Module in the /etc/pam.d/system-auth File. - Enable pam_faillock.so preauth editing PAM files] ***
skipping: [localhost] => (item=/etc/pam.d/system-auth) 
skipping: [localhost] => (item=/etc/pam.d/password-auth) 
skipping: [localhost]

TASK [/stigforge/roles/ol10_stig : Configure the Use of the pam_faillock.so Module in the /etc/pam.d/system-auth File. - Enable pam_faillock.so authfail editing PAM files] ***
skipping: [localhost] => (item=/etc/pam.d/system-auth) 
skipping: [localhost] => (item=/etc/pam.d/password-auth) 
skipping: [localhost]

TASK [/stigforge/roles/ol10_stig : Configure the Use of the pam_faillock.so Module in the /etc/pam.d/system-auth File. - Enable pam_faillock.so account section editing PAM files] ***
skipping: [localhost] => (item=/etc/pam.d/system-auth) 
skipping: [localhost] => (item=/etc/pam.d/password-auth) 
skipping: [localhost]

TASK [/stigforge/roles/ol10_stig : An SELinux Context must be configured for the pam_faillock.so records directory - Get directories from faillock] ***
skipping: [localhost] => (item=/etc/security/faillock.conf) 
skipping: [localhost] => (item=/etc/pam.d/system-auth) 
skipping: [localhost] => (item=/etc/pam.d/password-auth) 
skipping: [localhost]

TASK [/stigforge/roles/ol10_stig : An SELinux Context must be configured for the pam_faillock.so records directory - Create a list directories from faillock] ***
skipping: [localhost]

TASK [/stigforge/roles/ol10_stig : An SELinux Context must be configured for the pam_faillock.so records directory - Create directories for faillock] ***
skipping: [localhost]

TASK [/stigforge/roles/ol10_stig : An SELinux Context must be configured for the pam_faillock.so records directory - Set up SELinux context for faillock] ***
skipping: [localhost]

TASK [/stigforge/roles/ol10_stig : An SELinux Context must be configured for the pam_faillock.so records directory - Restore SELinux context] ***
skipping: [localhost]

TASK [/stigforge/roles/ol10_stig : An SELinux Context must be configured for the pam_faillock.so records directory - Verify pam_faillock.so configuration] ***
skipping: [localhost]

TASK [/stigforge/roles/ol10_stig : Account Lockouts Must Be Logged - Check if system relies on authselect tool] ***
ok: [localhost]

TASK [/stigforge/roles/ol10_stig : Account Lockouts Must Be Logged - Check integrity of authselect current profile] ***
ok: [localhost]

TASK [/stigforge/roles/ol10_stig : Account Lockouts Must Be Logged - Informative message based on the authselect integrity check result] ***
ok: [localhost] => {
    "changed": false,
    "msg": [
        "authselect integrity check passed"
    ]
}

TASK [/stigforge/roles/ol10_stig : Account Lockouts Must Be Logged - Get authselect current features] ***
ok: [localhost]

TASK [/stigforge/roles/ol10_stig : Account Lockouts Must Be Logged - Ensure "with-faillock" feature is enabled using authselect tool] ***
skipping: [localhost]

TASK [/stigforge/roles/ol10_stig : Account Lockouts Must Be Logged - Ensure authselect changes are applied] ***
skipping: [localhost]

TASK [/stigforge/roles/ol10_stig : Account Lockouts Must Be Logged - Check if pam_faillock.so is already enabled] ***
skipping: [localhost]

TASK [/stigforge/roles/ol10_stig : Account Lockouts Must Be Logged - Enable pam_faillock.so preauth editing PAM files] ***
skipping: [localhost] => (item=/etc/pam.d/system-auth) 
skipping: [localhost] => (item=/etc/pam.d/password-auth) 
skipping: [localhost]

TASK [/stigforge/roles/ol10_stig : Account Lockouts Must Be Logged - Enable pam_faillock.so authfail editing PAM files] ***
skipping: [localhost] => (item=/etc/pam.d/system-auth) 
skipping: [localhost] => (item=/etc/pam.d/password-auth) 
skipping: [localhost]

TASK [/stigforge/roles/ol10_stig : Account Lockouts Must Be Logged - Enable pam_faillock.so account section editing PAM files] ***
skipping: [localhost] => (item=/etc/pam.d/system-auth) 
skipping: [localhost] => (item=/etc/pam.d/password-auth) 
skipping: [localhost]

TASK [/stigforge/roles/ol10_stig : Account Lockouts Must Be Logged - Check the presence of /etc/security/faillock.conf file] ***
ok: [localhost]

TASK [/stigforge/roles/ol10_stig : Account Lockouts Must Be Logged - Ensure the pam_faillock.so audit parameter in /etc/security/faillock.conf] ***
changed: [localhost]

TASK [/stigforge/roles/ol10_stig : Account Lockouts Must Be Logged - Check if /etc/pam.d/system-auth file is present] ***
ok: [localhost]

TASK [/stigforge/roles/ol10_stig : Account Lockouts Must Be Logged - Define the PAM file to be edited as a local fact] ***
ok: [localhost]

TASK [/stigforge/roles/ol10_stig : Account Lockouts Must Be Logged - Check if system relies on authselect tool] ***
ok: [localhost]

TASK [/stigforge/roles/ol10_stig : Account Lockouts Must Be Logged - Check integrity of authselect current profile] ***
ok: [localhost]

TASK [/stigforge/roles/ol10_stig : Account Lockouts Must Be Logged - Informative message based on the authselect integrity check result] ***
ok: [localhost] => {
    "changed": false,
    "msg": [
        "authselect integrity check passed"
    ]
}

TASK [/stigforge/roles/ol10_stig : Account Lockouts Must Be Logged - Get authselect current profile] ***
ok: [localhost]

TASK [/stigforge/roles/ol10_stig : Account Lockouts Must Be Logged - Define the current authselect profile as a local fact] ***
ok: [localhost]

TASK [/stigforge/roles/ol10_stig : Account Lockouts Must Be Logged - Define the new authselect custom profile as a local fact] ***
skipping: [localhost]

TASK [/stigforge/roles/ol10_stig : Account Lockouts Must Be Logged - Get authselect current features to also enable them in the custom profile] ***
skipping: [localhost]

TASK [/stigforge/roles/ol10_stig : Account Lockouts Must Be Logged - Check if any custom profile with the same name was already created] ***
skipping: [localhost]

TASK [/stigforge/roles/ol10_stig : Account Lockouts Must Be Logged - Create an authselect custom profile based on the current profile] ***
skipping: [localhost]

TASK [/stigforge/roles/ol10_stig : Account Lockouts Must Be Logged - Create an authselect custom profile based on sssd profile] ***
skipping: [localhost]

TASK [/stigforge/roles/ol10_stig : Account Lockouts Must Be Logged - Ensure authselect changes are applied] ***
skipping: [localhost]

TASK [/stigforge/roles/ol10_stig : Account Lockouts Must Be Logged - Ensure the authselect custom profile is selected] ***
skipping: [localhost]

TASK [/stigforge/roles/ol10_stig : Account Lockouts Must Be Logged - Restore the authselect features in the custom profile] ***
skipping: [localhost]

TASK [/stigforge/roles/ol10_stig : Account Lockouts Must Be Logged - Ensure authselect changes are applied] ***
skipping: [localhost]

TASK [/stigforge/roles/ol10_stig : Account Lockouts Must Be Logged - Change the PAM file to be edited according to the custom authselect profile] ***
ok: [localhost]

TASK [/stigforge/roles/ol10_stig : Account Lockouts Must Be Logged - Define a fact for control already filtered in case filters are used] ***
ok: [localhost]

TASK [/stigforge/roles/ol10_stig : Account Lockouts Must Be Logged - Check if /etc/authselect/custom/hardening/system-auth file is present] ***
ok: [localhost]

TASK [/stigforge/roles/ol10_stig : Account Lockouts Must Be Logged - Ensure the "audit" option from "pam_faillock.so" is not present in /etc/authselect/custom/hardening/system-auth] ***
ok: [localhost]

TASK [/stigforge/roles/ol10_stig : Account Lockouts Must Be Logged - Ensure authselect changes are applied] ***
skipping: [localhost]

TASK [/stigforge/roles/ol10_stig : Account Lockouts Must Be Logged - Check if /etc/pam.d/password-auth file is present] ***
ok: [localhost]

TASK [/stigforge/roles/ol10_stig : Account Lockouts Must Be Logged - Define the PAM file to be edited as a local fact] ***
ok: [localhost]

TASK [/stigforge/roles/ol10_stig : Account Lockouts Must Be Logged - Check if system relies on authselect tool] ***
ok: [localhost]

TASK [/stigforge/roles/ol10_stig : Account Lockouts Must Be Logged - Check integrity of authselect current profile] ***
ok: [localhost]

TASK [/stigforge/roles/ol10_stig : Account Lockouts Must Be Logged - Informative message based on the authselect integrity check result] ***
ok: [localhost] => {
    "changed": false,
    "msg": [
        "authselect integrity check passed"
    ]
}

TASK [/stigforge/roles/ol10_stig : Account Lockouts Must Be Logged - Get authselect current profile] ***
ok: [localhost]

TASK [/stigforge/roles/ol10_stig : Account Lockouts Must Be Logged - Define the current authselect profile as a local fact] ***
ok: [localhost]

TASK [/stigforge/roles/ol10_stig : Account Lockouts Must Be Logged - Define the new authselect custom profile as a local fact] ***
skipping: [localhost]

TASK [/stigforge/roles/ol10_stig : Account Lockouts Must Be Logged - Get authselect current features to also enable them in the custom profile] ***
skipping: [localhost]

TASK [/stigforge/roles/ol10_stig : Account Lockouts Must Be Logged - Check if any custom profile with the same name was already created] ***
skipping: [localhost]

TASK [/stigforge/roles/ol10_stig : Account Lockouts Must Be Logged - Create an authselect custom profile based on the current profile] ***
skipping: [localhost]

TASK [/stigforge/roles/ol10_stig : Account Lockouts Must Be Logged - Create an authselect custom profile based on sssd profile] ***
skipping: [localhost]

TASK [/stigforge/roles/ol10_stig : Account Lockouts Must Be Logged - Ensure authselect changes are applied] ***
skipping: [localhost]

TASK [/stigforge/roles/ol10_stig : Account Lockouts Must Be Logged - Ensure the authselect custom profile is selected] ***
skipping: [localhost]

TASK [/stigforge/roles/ol10_stig : Account Lockouts Must Be Logged - Restore the authselect features in the custom profile] ***
skipping: [localhost]

TASK [/stigforge/roles/ol10_stig : Account Lockouts Must Be Logged - Ensure authselect changes are applied] ***
skipping: [localhost]

TASK [/stigforge/roles/ol10_stig : Account Lockouts Must Be Logged - Change the PAM file to be edited according to the custom authselect profile] ***
ok: [localhost]

TASK [/stigforge/roles/ol10_stig : Account Lockouts Must Be Logged - Define a fact for control already filtered in case filters are used] ***
ok: [localhost]

TASK [/stigforge/roles/ol10_stig : Account Lockouts Must Be Logged - Check if /etc/authselect/custom/hardening/password-auth file is present] ***
ok: [localhost]

TASK [/stigforge/roles/ol10_stig : Account Lockouts Must Be Logged - Ensure the "audit" option from "pam_faillock.so" is not present in /etc/authselect/custom/hardening/password-auth] ***
ok: [localhost]

TASK [/stigforge/roles/ol10_stig : Account Lockouts Must Be Logged - Ensure authselect changes are applied] ***
skipping: [localhost]

TASK [/stigforge/roles/ol10_stig : Account Lockouts Must Be Logged - Check if pam_faillock.so audit parameter is already enabled in pam files] ***
skipping: [localhost]

TASK [/stigforge/roles/ol10_stig : Account Lockouts Must Be Logged - Ensure the inclusion of pam_faillock.so preauth audit parameter in auth section] ***
skipping: [localhost] => (item=/etc/pam.d/system-auth) 
skipping: [localhost] => (item=/etc/pam.d/password-auth) 
skipping: [localhost]

TASK [/stigforge/roles/ol10_stig : Lock Accounts After Failed Password Attempts - Check if system relies on authselect tool] ***
ok: [localhost]

TASK [/stigforge/roles/ol10_stig : Lock Accounts After Failed Password Attempts - Check integrity of authselect current profile] ***
ok: [localhost]

TASK [/stigforge/roles/ol10_stig : Lock Accounts After Failed Password Attempts - Informative message based on the authselect integrity check result] ***
ok: [localhost] => {
    "changed": false,
    "msg": [
        "authselect integrity check passed"
    ]
}

TASK [/stigforge/roles/ol10_stig : Lock Accounts After Failed Password Attempts - Get authselect current features] ***
ok: [localhost]

TASK [/stigforge/roles/ol10_stig : Lock Accounts After Failed Password Attempts - Ensure "with-faillock" feature is enabled using authselect tool] ***
skipping: [localhost]

TASK [/stigforge/roles/ol10_stig : Lock Accounts After Failed Password Attempts - Ensure authselect changes are applied] ***
skipping: [localhost]

TASK [/stigforge/roles/ol10_stig : Lock Accounts After Failed Password Attempts - Check if pam_faillock.so is already enabled] ***
skipping: [localhost]

TASK [/stigforge/roles/ol10_stig : Lock Accounts After Failed Password Attempts - Enable pam_faillock.so preauth editing PAM files] ***
skipping: [localhost] => (item=/etc/pam.d/system-auth) 
skipping: [localhost] => (item=/etc/pam.d/password-auth) 
skipping: [localhost]

TASK [/stigforge/roles/ol10_stig : Lock Accounts After Failed Password Attempts - Enable pam_faillock.so authfail editing PAM files] ***
skipping: [localhost] => (item=/etc/pam.d/system-auth) 
skipping: [localhost] => (item=/etc/pam.d/password-auth) 
skipping: [localhost]

TASK [/stigforge/roles/ol10_stig : Lock Accounts After Failed Password Attempts - Enable pam_faillock.so account section editing PAM files] ***
skipping: [localhost] => (item=/etc/pam.d/system-auth) 
skipping: [localhost] => (item=/etc/pam.d/password-auth) 
skipping: [localhost]

TASK [/stigforge/roles/ol10_stig : Lock Accounts After Failed Password Attempts - Check the presence of /etc/security/faillock.conf file] ***
ok: [localhost]

TASK [/stigforge/roles/ol10_stig : Lock Accounts After Failed Password Attempts - Ensure the pam_faillock.so deny parameter in /etc/security/faillock.conf] ***
changed: [localhost]

TASK [/stigforge/roles/ol10_stig : Lock Accounts After Failed Password Attempts - Check if /etc/pam.d/system-auth file is present] ***
ok: [localhost]

TASK [/stigforge/roles/ol10_stig : Lock Accounts After Failed Password Attempts - Define the PAM file to be edited as a local fact] ***
ok: [localhost]

TASK [/stigforge/roles/ol10_stig : Lock Accounts After Failed Password Attempts - Check if system relies on authselect tool] ***
ok: [localhost]

TASK [/stigforge/roles/ol10_stig : Lock Accounts After Failed Password Attempts - Check integrity of authselect current profile] ***
ok: [localhost]

TASK [/stigforge/roles/ol10_stig : Lock Accounts After Failed Password Attempts - Informative message based on the authselect integrity check result] ***
ok: [localhost] => {
    "changed": false,
    "msg": [
        "authselect integrity check passed"
    ]
}

TASK [/stigforge/roles/ol10_stig : Lock Accounts After Failed Password Attempts - Get authselect current profile] ***
ok: [localhost]

TASK [/stigforge/roles/ol10_stig : Lock Accounts After Failed Password Attempts - Define the current authselect profile as a local fact] ***
ok: [localhost]

TASK [/stigforge/roles/ol10_stig : Lock Accounts After Failed Password Attempts - Define the new authselect custom profile as a local fact] ***
skipping: [localhost]

TASK [/stigforge/roles/ol10_stig : Lock Accounts After Failed Password Attempts - Get authselect current features to also enable them in the custom profile] ***
skipping: [localhost]

TASK [/stigforge/roles/ol10_stig : Lock Accounts After Failed Password Attempts - Check if any custom profile with the same name was already created] ***
skipping: [localhost]

TASK [/stigforge/roles/ol10_stig : Lock Accounts After Failed Password Attempts - Create an authselect custom profile based on the current profile] ***
skipping: [localhost]

TASK [/stigforge/roles/ol10_stig : Lock Accounts After Failed Password Attempts - Create an authselect custom profile based on sssd profile] ***
skipping: [localhost]

TASK [/stigforge/roles/ol10_stig : Lock Accounts After Failed Password Attempts - Ensure authselect changes are applied] ***
skipping: [localhost]

TASK [/stigforge/roles/ol10_stig : Lock Accounts After Failed Password Attempts - Ensure the authselect custom profile is selected] ***
skipping: [localhost]

TASK [/stigforge/roles/ol10_stig : Lock Accounts After Failed Password Attempts - Restore the authselect features in the custom profile] ***
skipping: [localhost]

TASK [/stigforge/roles/ol10_stig : Lock Accounts After Failed Password Attempts - Ensure authselect changes are applied] ***
skipping: [localhost]

TASK [/stigforge/roles/ol10_stig : Lock Accounts After Failed Password Attempts - Change the PAM file to be edited according to the custom authselect profile] ***
ok: [localhost]

TASK [/stigforge/roles/ol10_stig : Lock Accounts After Failed Password Attempts - Define a fact for control already filtered in case filters are used] ***
ok: [localhost]

TASK [/stigforge/roles/ol10_stig : Lock Accounts After Failed Password Attempts - Check if /etc/authselect/custom/hardening/system-auth file is present] ***
ok: [localhost]

TASK [/stigforge/roles/ol10_stig : Lock Accounts After Failed Password Attempts - Ensure the "deny" option from "pam_faillock.so" is not present in /etc/authselect/custom/hardening/system-auth] ***
ok: [localhost]

TASK [/stigforge/roles/ol10_stig : Lock Accounts After Failed Password Attempts - Ensure authselect changes are applied] ***
skipping: [localhost]

TASK [/stigforge/roles/ol10_stig : Lock Accounts After Failed Password Attempts - Check if /etc/pam.d/password-auth file is present] ***
ok: [localhost]

TASK [/stigforge/roles/ol10_stig : Lock Accounts After Failed Password Attempts - Define the PAM file to be edited as a local fact] ***
ok: [localhost]

TASK [/stigforge/roles/ol10_stig : Lock Accounts After Failed Password Attempts - Check if system relies on authselect tool] ***
ok: [localhost]

TASK [/stigforge/roles/ol10_stig : Lock Accounts After Failed Password Attempts - Check integrity of authselect current profile] ***
ok: [localhost]

TASK [/stigforge/roles/ol10_stig : Lock Accounts After Failed Password Attempts - Informative message based on the authselect integrity check result] ***
ok: [localhost] => {
    "changed": false,
    "msg": [
        "authselect integrity check passed"
    ]
}

TASK [/stigforge/roles/ol10_stig : Lock Accounts After Failed Password Attempts - Get authselect current profile] ***
ok: [localhost]

TASK [/stigforge/roles/ol10_stig : Lock Accounts After Failed Password Attempts - Define the current authselect profile as a local fact] ***
ok: [localhost]

TASK [/stigforge/roles/ol10_stig : Lock Accounts After Failed Password Attempts - Define the new authselect custom profile as a local fact] ***
skipping: [localhost]

TASK [/stigforge/roles/ol10_stig : Lock Accounts After Failed Password Attempts - Get authselect current features to also enable them in the custom profile] ***
skipping: [localhost]

TASK [/stigforge/roles/ol10_stig : Lock Accounts After Failed Password Attempts - Check if any custom profile with the same name was already created] ***
skipping: [localhost]

TASK [/stigforge/roles/ol10_stig : Lock Accounts After Failed Password Attempts - Create an authselect custom profile based on the current profile] ***
skipping: [localhost]

TASK [/stigforge/roles/ol10_stig : Lock Accounts After Failed Password Attempts - Create an authselect custom profile based on sssd profile] ***
skipping: [localhost]

TASK [/stigforge/roles/ol10_stig : Lock Accounts After Failed Password Attempts - Ensure authselect changes are applied] ***
skipping: [localhost]

TASK [/stigforge/roles/ol10_stig : Lock Accounts After Failed Password Attempts - Ensure the authselect custom profile is selected] ***
skipping: [localhost]

TASK [/stigforge/roles/ol10_stig : Lock Accounts After Failed Password Attempts - Restore the authselect features in the custom profile] ***
skipping: [localhost]

TASK [/stigforge/roles/ol10_stig : Lock Accounts After Failed Password Attempts - Ensure authselect changes are applied] ***
skipping: [localhost]

TASK [/stigforge/roles/ol10_stig : Lock Accounts After Failed Password Attempts - Change the PAM file to be edited according to the custom authselect profile] ***
ok: [localhost]

TASK [/stigforge/roles/ol10_stig : Lock Accounts After Failed Password Attempts - Define a fact for control already filtered in case filters are used] ***
ok: [localhost]

TASK [/stigforge/roles/ol10_stig : Lock Accounts After Failed Password Attempts - Check if /etc/authselect/custom/hardening/password-auth file is present] ***
ok: [localhost]

TASK [/stigforge/roles/ol10_stig : Lock Accounts After Failed Password Attempts - Ensure the "deny" option from "pam_faillock.so" is not present in /etc/authselect/custom/hardening/password-auth] ***
ok: [localhost]

TASK [/stigforge/roles/ol10_stig : Lock Accounts After Failed Password Attempts - Ensure authselect changes are applied] ***
skipping: [localhost]

TASK [/stigforge/roles/ol10_stig : Lock Accounts After Failed Password Attempts - Check if pam_faillock.so deny parameter is already enabled in pam files] ***
skipping: [localhost]

TASK [/stigforge/roles/ol10_stig : Lock Accounts After Failed Password Attempts - Ensure the inclusion of pam_faillock.so preauth deny parameter in auth section] ***
skipping: [localhost] => (item=/etc/pam.d/system-auth) 
skipping: [localhost] => (item=/etc/pam.d/password-auth) 
skipping: [localhost]

TASK [/stigforge/roles/ol10_stig : Lock Accounts After Failed Password Attempts - Ensure the inclusion of pam_faillock.so authfail deny parameter in auth section] ***
skipping: [localhost] => (item=/etc/pam.d/system-auth) 
skipping: [localhost] => (item=/etc/pam.d/password-auth) 
skipping: [localhost]

TASK [/stigforge/roles/ol10_stig : Lock Accounts After Failed Password Attempts - Ensure the desired value for pam_faillock.so preauth deny parameter in auth section] ***
skipping: [localhost] => (item=/etc/pam.d/system-auth) 
skipping: [localhost] => (item=/etc/pam.d/password-auth) 
skipping: [localhost]

TASK [/stigforge/roles/ol10_stig : Lock Accounts After Failed Password Attempts - Ensure the desired value for pam_faillock.so authfail deny parameter in auth section] ***
skipping: [localhost] => (item=/etc/pam.d/system-auth) 
skipping: [localhost] => (item=/etc/pam.d/password-auth) 
skipping: [localhost]

TASK [/stigforge/roles/ol10_stig : Configure the root Account for Failed Password Attempts - Check if system relies on authselect tool] ***
ok: [localhost]

TASK [/stigforge/roles/ol10_stig : Configure the root Account for Failed Password Attempts - Check integrity of authselect current profile] ***
ok: [localhost]

TASK [/stigforge/roles/ol10_stig : Configure the root Account for Failed Password Attempts - Informative message based on the authselect integrity check result] ***
ok: [localhost] => {
    "changed": false,
    "msg": [
        "authselect integrity check passed"
    ]
}

TASK [/stigforge/roles/ol10_stig : Configure the root Account for Failed Password Attempts - Get authselect current features] ***
ok: [localhost]

TASK [/stigforge/roles/ol10_stig : Configure the root Account for Failed Password Attempts - Ensure "with-faillock" feature is enabled using authselect tool] ***
skipping: [localhost]

TASK [/stigforge/roles/ol10_stig : Configure the root Account for Failed Password Attempts - Ensure authselect changes are applied] ***
skipping: [localhost]

TASK [/stigforge/roles/ol10_stig : Configure the root Account for Failed Password Attempts - Check if pam_faillock.so is already enabled] ***
skipping: [localhost]

TASK [/stigforge/roles/ol10_stig : Configure the root Account for Failed Password Attempts - Enable pam_faillock.so preauth editing PAM files] ***
skipping: [localhost] => (item=/etc/pam.d/system-auth) 
skipping: [localhost] => (item=/etc/pam.d/password-auth) 
skipping: [localhost]

TASK [/stigforge/roles/ol10_stig : Configure the root Account for Failed Password Attempts - Enable pam_faillock.so authfail editing PAM files] ***
skipping: [localhost] => (item=/etc/pam.d/system-auth) 
skipping: [localhost] => (item=/etc/pam.d/password-auth) 
skipping: [localhost]

TASK [/stigforge/roles/ol10_stig : Configure the root Account for Failed Password Attempts - Enable pam_faillock.so account section editing PAM files] ***
skipping: [localhost] => (item=/etc/pam.d/system-auth) 
skipping: [localhost] => (item=/etc/pam.d/password-auth) 
skipping: [localhost]

TASK [/stigforge/roles/ol10_stig : Configure the root Account for Failed Password Attempts - Check the presence of /etc/security/faillock.conf file] ***
ok: [localhost]

TASK [/stigforge/roles/ol10_stig : Configure the root Account for Failed Password Attempts - Ensure the pam_faillock.so even_deny_root parameter in /etc/security/faillock.conf] ***
changed: [localhost]

TASK [/stigforge/roles/ol10_stig : Configure the root Account for Failed Password Attempts - Check if /etc/pam.d/system-auth file is present] ***
ok: [localhost]

TASK [/stigforge/roles/ol10_stig : Configure the root Account for Failed Password Attempts - Define the PAM file to be edited as a local fact] ***
ok: [localhost]

TASK [/stigforge/roles/ol10_stig : Configure the root Account for Failed Password Attempts - Check if system relies on authselect tool] ***
ok: [localhost]

TASK [/stigforge/roles/ol10_stig : Configure the root Account for Failed Password Attempts - Check integrity of authselect current profile] ***
ok: [localhost]

TASK [/stigforge/roles/ol10_stig : Configure the root Account for Failed Password Attempts - Informative message based on the authselect integrity check result] ***
ok: [localhost] => {
    "changed": false,
    "msg": [
        "authselect integrity check passed"
    ]
}

TASK [/stigforge/roles/ol10_stig : Configure the root Account for Failed Password Attempts - Get authselect current profile] ***
ok: [localhost]

TASK [/stigforge/roles/ol10_stig : Configure the root Account for Failed Password Attempts - Define the current authselect profile as a local fact] ***
ok: [localhost]

TASK [/stigforge/roles/ol10_stig : Configure the root Account for Failed Password Attempts - Define the new authselect custom profile as a local fact] ***
skipping: [localhost]

TASK [/stigforge/roles/ol10_stig : Configure the root Account for Failed Password Attempts - Get authselect current features to also enable them in the custom profile] ***
skipping: [localhost]

TASK [/stigforge/roles/ol10_stig : Configure the root Account for Failed Password Attempts - Check if any custom profile with the same name was already created] ***
skipping: [localhost]

TASK [/stigforge/roles/ol10_stig : Configure the root Account for Failed Password Attempts - Create an authselect custom profile based on the current profile] ***
skipping: [localhost]

TASK [/stigforge/roles/ol10_stig : Configure the root Account for Failed Password Attempts - Create an authselect custom profile based on sssd profile] ***
skipping: [localhost]

TASK [/stigforge/roles/ol10_stig : Configure the root Account for Failed Password Attempts - Ensure authselect changes are applied] ***
skipping: [localhost]

TASK [/stigforge/roles/ol10_stig : Configure the root Account for Failed Password Attempts - Ensure the authselect custom profile is selected] ***
skipping: [localhost]

TASK [/stigforge/roles/ol10_stig : Configure the root Account for Failed Password Attempts - Restore the authselect features in the custom profile] ***
skipping: [localhost]

TASK [/stigforge/roles/ol10_stig : Configure the root Account for Failed Password Attempts - Ensure authselect changes are applied] ***
skipping: [localhost]

TASK [/stigforge/roles/ol10_stig : Configure the root Account for Failed Password Attempts - Change the PAM file to be edited according to the custom authselect profile] ***
ok: [localhost]

TASK [/stigforge/roles/ol10_stig : Configure the root Account for Failed Password Attempts - Define a fact for control already filtered in case filters are used] ***
ok: [localhost]

TASK [/stigforge/roles/ol10_stig : Configure the root Account for Failed Password Attempts - Check if /etc/authselect/custom/hardening/system-auth file is present] ***
ok: [localhost]

TASK [/stigforge/roles/ol10_stig : Configure the root Account for Failed Password Attempts - Ensure the "even_deny_root" option from "pam_faillock.so" is not present in /etc/authselect/custom/hardening/system-auth] ***
ok: [localhost]

TASK [/stigforge/roles/ol10_stig : Configure the root Account for Failed Password Attempts - Ensure authselect changes are applied] ***
skipping: [localhost]

TASK [/stigforge/roles/ol10_stig : Configure the root Account for Failed Password Attempts - Check if /etc/pam.d/password-auth file is present] ***
ok: [localhost]

TASK [/stigforge/roles/ol10_stig : Configure the root Account for Failed Password Attempts - Define the PAM file to be edited as a local fact] ***
ok: [localhost]

TASK [/stigforge/roles/ol10_stig : Configure the root Account for Failed Password Attempts - Check if system relies on authselect tool] ***
ok: [localhost]

TASK [/stigforge/roles/ol10_stig : Configure the root Account for Failed Password Attempts - Check integrity of authselect current profile] ***
ok: [localhost]

TASK [/stigforge/roles/ol10_stig : Configure the root Account for Failed Password Attempts - Informative message based on the authselect integrity check result] ***
ok: [localhost] => {
    "changed": false,
    "msg": [
        "authselect integrity check passed"
    ]
}

TASK [/stigforge/roles/ol10_stig : Configure the root Account for Failed Password Attempts - Get authselect current profile] ***
ok: [localhost]

TASK [/stigforge/roles/ol10_stig : Configure the root Account for Failed Password Attempts - Define the current authselect profile as a local fact] ***
ok: [localhost]

TASK [/stigforge/roles/ol10_stig : Configure the root Account for Failed Password Attempts - Define the new authselect custom profile as a local fact] ***
skipping: [localhost]

TASK [/stigforge/roles/ol10_stig : Configure the root Account for Failed Password Attempts - Get authselect current features to also enable them in the custom profile] ***
skipping: [localhost]

TASK [/stigforge/roles/ol10_stig : Configure the root Account for Failed Password Attempts - Check if any custom profile with the same name was already created] ***
skipping: [localhost]

TASK [/stigforge/roles/ol10_stig : Configure the root Account for Failed Password Attempts - Create an authselect custom profile based on the current profile] ***
skipping: [localhost]

TASK [/stigforge/roles/ol10_stig : Configure the root Account for Failed Password Attempts - Create an authselect custom profile based on sssd profile] ***
skipping: [localhost]

TASK [/stigforge/roles/ol10_stig : Configure the root Account for Failed Password Attempts - Ensure authselect changes are applied] ***
skipping: [localhost]

TASK [/stigforge/roles/ol10_stig : Configure the root Account for Failed Password Attempts - Ensure the authselect custom profile is selected] ***
skipping: [localhost]

TASK [/stigforge/roles/ol10_stig : Configure the root Account for Failed Password Attempts - Restore the authselect features in the custom profile] ***
skipping: [localhost]

TASK [/stigforge/roles/ol10_stig : Configure the root Account for Failed Password Attempts - Ensure authselect changes are applied] ***
skipping: [localhost]

TASK [/stigforge/roles/ol10_stig : Configure the root Account for Failed Password Attempts - Change the PAM file to be edited according to the custom authselect profile] ***
ok: [localhost]

TASK [/stigforge/roles/ol10_stig : Configure the root Account for Failed Password Attempts - Define a fact for control already filtered in case filters are used] ***
ok: [localhost]

TASK [/stigforge/roles/ol10_stig : Configure the root Account for Failed Password Attempts - Check if /etc/authselect/custom/hardening/password-auth file is present] ***
ok: [localhost]

TASK [/stigforge/roles/ol10_stig : Configure the root Account for Failed Password Attempts - Ensure the "even_deny_root" option from "pam_faillock.so" is not present in /etc/authselect/custom/hardening/password-auth] ***
ok: [localhost]

TASK [/stigforge/roles/ol10_stig : Configure the root Account for Failed Password Attempts - Ensure authselect changes are applied] ***
skipping: [localhost]

TASK [/stigforge/roles/ol10_stig : Configure the root Account for Failed Password Attempts - Check if pam_faillock.so even_deny_root parameter is already enabled in pam files] ***
skipping: [localhost]

TASK [/stigforge/roles/ol10_stig : Configure the root Account for Failed Password Attempts - Ensure the inclusion of pam_faillock.so preauth even_deny_root parameter in auth section] ***
skipping: [localhost] => (item=/etc/pam.d/system-auth) 
skipping: [localhost] => (item=/etc/pam.d/password-auth) 
skipping: [localhost]

TASK [/stigforge/roles/ol10_stig : Configure the root Account for Failed Password Attempts - Ensure the inclusion of pam_faillock.so authfail even_deny_root parameter in auth section] ***
skipping: [localhost] => (item=/etc/pam.d/system-auth) 
skipping: [localhost] => (item=/etc/pam.d/password-auth) 
skipping: [localhost]

TASK [/stigforge/roles/ol10_stig : Lock Accounts Must Persist - Check if system relies on authselect tool] ***
ok: [localhost]

TASK [/stigforge/roles/ol10_stig : Lock Accounts Must Persist - Check integrity of authselect current profile] ***
ok: [localhost]

TASK [/stigforge/roles/ol10_stig : Lock Accounts Must Persist - Informative message based on the authselect integrity check result] ***
ok: [localhost] => {
    "changed": false,
    "msg": [
        "authselect integrity check passed"
    ]
}

TASK [/stigforge/roles/ol10_stig : Lock Accounts Must Persist - Get authselect current features] ***
ok: [localhost]

TASK [/stigforge/roles/ol10_stig : Lock Accounts Must Persist - Ensure "with-faillock" feature is enabled using authselect tool] ***
skipping: [localhost]

TASK [/stigforge/roles/ol10_stig : Lock Accounts Must Persist - Ensure authselect changes are applied] ***
skipping: [localhost]

TASK [/stigforge/roles/ol10_stig : Lock Accounts Must Persist - Check if pam_faillock.so is already enabled] ***
skipping: [localhost]

TASK [/stigforge/roles/ol10_stig : Lock Accounts Must Persist - Enable pam_faillock.so preauth editing PAM files] ***
skipping: [localhost] => (item=/etc/pam.d/system-auth) 
skipping: [localhost] => (item=/etc/pam.d/password-auth) 
skipping: [localhost]

TASK [/stigforge/roles/ol10_stig : Lock Accounts Must Persist - Enable pam_faillock.so authfail editing PAM files] ***
skipping: [localhost] => (item=/etc/pam.d/system-auth) 
skipping: [localhost] => (item=/etc/pam.d/password-auth) 
skipping: [localhost]

TASK [/stigforge/roles/ol10_stig : Lock Accounts Must Persist - Enable pam_faillock.so account section editing PAM files] ***
skipping: [localhost] => (item=/etc/pam.d/system-auth) 
skipping: [localhost] => (item=/etc/pam.d/password-auth) 
skipping: [localhost]

TASK [/stigforge/roles/ol10_stig : Lock Accounts Must Persist - Check the presence of /etc/security/faillock.conf file] ***
ok: [localhost]

TASK [/stigforge/roles/ol10_stig : Lock Accounts Must Persist - Ensure the pam_faillock.so dir parameter in /etc/security/faillock.conf] ***
changed: [localhost]

TASK [/stigforge/roles/ol10_stig : Lock Accounts Must Persist - Check if /etc/pam.d/system-auth file is present] ***
ok: [localhost]

TASK [/stigforge/roles/ol10_stig : Lock Accounts Must Persist - Define the PAM file to be edited as a local fact] ***
ok: [localhost]

TASK [/stigforge/roles/ol10_stig : Lock Accounts Must Persist - Check if system relies on authselect tool] ***
ok: [localhost]

TASK [/stigforge/roles/ol10_stig : Lock Accounts Must Persist - Check integrity of authselect current profile] ***
ok: [localhost]

TASK [/stigforge/roles/ol10_stig : Lock Accounts Must Persist - Informative message based on the authselect integrity check result] ***
ok: [localhost] => {
    "changed": false,
    "msg": [
        "authselect integrity check passed"
    ]
}

TASK [/stigforge/roles/ol10_stig : Lock Accounts Must Persist - Get authselect current profile] ***
ok: [localhost]

TASK [/stigforge/roles/ol10_stig : Lock Accounts Must Persist - Define the current authselect profile as a local fact] ***
ok: [localhost]

TASK [/stigforge/roles/ol10_stig : Lock Accounts Must Persist - Define the new authselect custom profile as a local fact] ***
skipping: [localhost]

TASK [/stigforge/roles/ol10_stig : Lock Accounts Must Persist - Get authselect current features to also enable them in the custom profile] ***
skipping: [localhost]

TASK [/stigforge/roles/ol10_stig : Lock Accounts Must Persist - Check if any custom profile with the same name was already created] ***
skipping: [localhost]

TASK [/stigforge/roles/ol10_stig : Lock Accounts Must Persist - Create an authselect custom profile based on the current profile] ***
skipping: [localhost]

TASK [/stigforge/roles/ol10_stig : Lock Accounts Must Persist - Create an authselect custom profile based on sssd profile] ***
skipping: [localhost]

TASK [/stigforge/roles/ol10_stig : Lock Accounts Must Persist - Ensure authselect changes are applied] ***
skipping: [localhost]

TASK [/stigforge/roles/ol10_stig : Lock Accounts Must Persist - Ensure the authselect custom profile is selected] ***
skipping: [localhost]

TASK [/stigforge/roles/ol10_stig : Lock Accounts Must Persist - Restore the authselect features in the custom profile] ***
skipping: [localhost]

TASK [/stigforge/roles/ol10_stig : Lock Accounts Must Persist - Ensure authselect changes are applied] ***
skipping: [localhost]

TASK [/stigforge/roles/ol10_stig : Lock Accounts Must Persist - Change the PAM file to be edited according to the custom authselect profile] ***
ok: [localhost]

TASK [/stigforge/roles/ol10_stig : Lock Accounts Must Persist - Define a fact for control already filtered in case filters are used] ***
ok: [localhost]

TASK [/stigforge/roles/ol10_stig : Lock Accounts Must Persist - Check if /etc/authselect/custom/hardening/system-auth file is present] ***
ok: [localhost]

TASK [/stigforge/roles/ol10_stig : Lock Accounts Must Persist - Ensure the "dir" option from "pam_faillock.so" is not present in /etc/authselect/custom/hardening/system-auth] ***
ok: [localhost]

TASK [/stigforge/roles/ol10_stig : Lock Accounts Must Persist - Ensure authselect changes are applied] ***
skipping: [localhost]

TASK [/stigforge/roles/ol10_stig : Lock Accounts Must Persist - Check if /etc/pam.d/password-auth file is present] ***
ok: [localhost]

TASK [/stigforge/roles/ol10_stig : Lock Accounts Must Persist - Define the PAM file to be edited as a local fact] ***
ok: [localhost]

TASK [/stigforge/roles/ol10_stig : Lock Accounts Must Persist - Check if system relies on authselect tool] ***
ok: [localhost]

TASK [/stigforge/roles/ol10_stig : Lock Accounts Must Persist - Check integrity of authselect current profile] ***
ok: [localhost]

TASK [/stigforge/roles/ol10_stig : Lock Accounts Must Persist - Informative message based on the authselect integrity check result] ***
ok: [localhost] => {
    "changed": false,
    "msg": [
        "authselect integrity check passed"
    ]
}

TASK [/stigforge/roles/ol10_stig : Lock Accounts Must Persist - Get authselect current profile] ***
ok: [localhost]

TASK [/stigforge/roles/ol10_stig : Lock Accounts Must Persist - Define the current authselect profile as a local fact] ***
ok: [localhost]

TASK [/stigforge/roles/ol10_stig : Lock Accounts Must Persist - Define the new authselect custom profile as a local fact] ***
skipping: [localhost]

TASK [/stigforge/roles/ol10_stig : Lock Accounts Must Persist - Get authselect current features to also enable them in the custom profile] ***
skipping: [localhost]

TASK [/stigforge/roles/ol10_stig : Lock Accounts Must Persist - Check if any custom profile with the same name was already created] ***
skipping: [localhost]

TASK [/stigforge/roles/ol10_stig : Lock Accounts Must Persist - Create an authselect custom profile based on the current profile] ***
skipping: [localhost]

TASK [/stigforge/roles/ol10_stig : Lock Accounts Must Persist - Create an authselect custom profile based on sssd profile] ***
skipping: [localhost]

TASK [/stigforge/roles/ol10_stig : Lock Accounts Must Persist - Ensure authselect changes are applied] ***
skipping: [localhost]

TASK [/stigforge/roles/ol10_stig : Lock Accounts Must Persist - Ensure the authselect custom profile is selected] ***
skipping: [localhost]

TASK [/stigforge/roles/ol10_stig : Lock Accounts Must Persist - Restore the authselect features in the custom profile] ***
skipping: [localhost]

TASK [/stigforge/roles/ol10_stig : Lock Accounts Must Persist - Ensure authselect changes are applied] ***
skipping: [localhost]

TASK [/stigforge/roles/ol10_stig : Lock Accounts Must Persist - Change the PAM file to be edited according to the custom authselect profile] ***
ok: [localhost]

TASK [/stigforge/roles/ol10_stig : Lock Accounts Must Persist - Define a fact for control already filtered in case filters are used] ***
ok: [localhost]

TASK [/stigforge/roles/ol10_stig : Lock Accounts Must Persist - Check if /etc/authselect/custom/hardening/password-auth file is present] ***
ok: [localhost]

TASK [/stigforge/roles/ol10_stig : Lock Accounts Must Persist - Ensure the "dir" option from "pam_faillock.so" is not present in /etc/authselect/custom/hardening/password-auth] ***
ok: [localhost]

TASK [/stigforge/roles/ol10_stig : Lock Accounts Must Persist - Ensure authselect changes are applied] ***
skipping: [localhost]

TASK [/stigforge/roles/ol10_stig : Lock Accounts Must Persist - Check if pam_faillock.so dir parameter is already enabled in pam files] ***
skipping: [localhost]

TASK [/stigforge/roles/ol10_stig : Lock Accounts Must Persist - Ensure the inclusion of pam_faillock.so preauth dir parameter in auth section] ***
skipping: [localhost] => (item=/etc/pam.d/system-auth) 
skipping: [localhost] => (item=/etc/pam.d/password-auth) 
skipping: [localhost]

TASK [/stigforge/roles/ol10_stig : Lock Accounts Must Persist - Ensure the inclusion of pam_faillock.so authfail dir parameter in auth section] ***
skipping: [localhost] => (item=/etc/pam.d/system-auth) 
skipping: [localhost] => (item=/etc/pam.d/password-auth) 
skipping: [localhost]

TASK [/stigforge/roles/ol10_stig : Lock Accounts Must Persist - Ensure the desired value for pam_faillock.so preauth dir parameter in auth section] ***
skipping: [localhost] => (item=/etc/pam.d/system-auth) 
skipping: [localhost] => (item=/etc/pam.d/password-auth) 
skipping: [localhost]

TASK [/stigforge/roles/ol10_stig : Lock Accounts Must Persist - Ensure the desired value for pam_faillock.so authfail dir parameter in auth section] ***
skipping: [localhost] => (item=/etc/pam.d/system-auth) 
skipping: [localhost] => (item=/etc/pam.d/password-auth) 
skipping: [localhost]

TASK [/stigforge/roles/ol10_stig : Lock Accounts Must Persist - Create the tally directory if it does not exist] ***
changed: [localhost]

TASK [/stigforge/roles/ol10_stig : Lock Accounts Must Persist - Ensure SELinux file context is permanently set] ***
ok: [localhost]

TASK [/stigforge/roles/ol10_stig : Lock Accounts Must Persist - Ensure SELinux file context is applied] ***
changed: [localhost]

TASK [/stigforge/roles/ol10_stig : Set Interval For Counting Failed Password Attempts - Check if system relies on authselect tool] ***
ok: [localhost]

TASK [/stigforge/roles/ol10_stig : Set Interval For Counting Failed Password Attempts - Check integrity of authselect current profile] ***
ok: [localhost]

TASK [/stigforge/roles/ol10_stig : Set Interval For Counting Failed Password Attempts - Informative message based on the authselect integrity check result] ***
ok: [localhost] => {
    "changed": false,
    "msg": [
        "authselect integrity check passed"
    ]
}

TASK [/stigforge/roles/ol10_stig : Set Interval For Counting Failed Password Attempts - Get authselect current features] ***
ok: [localhost]

TASK [/stigforge/roles/ol10_stig : Set Interval For Counting Failed Password Attempts - Ensure "with-faillock" feature is enabled using authselect tool] ***
skipping: [localhost]

TASK [/stigforge/roles/ol10_stig : Set Interval For Counting Failed Password Attempts - Ensure authselect changes are applied] ***
skipping: [localhost]

TASK [/stigforge/roles/ol10_stig : Set Interval For Counting Failed Password Attempts - Check if pam_faillock.so is already enabled] ***
skipping: [localhost]

TASK [/stigforge/roles/ol10_stig : Set Interval For Counting Failed Password Attempts - Enable pam_faillock.so preauth editing PAM files] ***
skipping: [localhost] => (item=/etc/pam.d/system-auth) 
skipping: [localhost] => (item=/etc/pam.d/password-auth) 
skipping: [localhost]

TASK [/stigforge/roles/ol10_stig : Set Interval For Counting Failed Password Attempts - Enable pam_faillock.so authfail editing PAM files] ***
skipping: [localhost] => (item=/etc/pam.d/system-auth) 
skipping: [localhost] => (item=/etc/pam.d/password-auth) 
skipping: [localhost]

TASK [/stigforge/roles/ol10_stig : Set Interval For Counting Failed Password Attempts - Enable pam_faillock.so account section editing PAM files] ***
skipping: [localhost] => (item=/etc/pam.d/system-auth) 
skipping: [localhost] => (item=/etc/pam.d/password-auth) 
skipping: [localhost]

TASK [/stigforge/roles/ol10_stig : Set Interval For Counting Failed Password Attempts - Check the presence of /etc/security/faillock.conf file] ***
ok: [localhost]

TASK [/stigforge/roles/ol10_stig : Set Interval For Counting Failed Password Attempts - Ensure the pam_faillock.so fail_interval parameter in /etc/security/faillock.conf] ***
changed: [localhost]

TASK [/stigforge/roles/ol10_stig : Set Interval For Counting Failed Password Attempts - Check if /etc/pam.d/system-auth file is present] ***
ok: [localhost]

TASK [/stigforge/roles/ol10_stig : Set Interval For Counting Failed Password Attempts - Define the PAM file to be edited as a local fact] ***
ok: [localhost]

TASK [/stigforge/roles/ol10_stig : Set Interval For Counting Failed Password Attempts - Check if system relies on authselect tool] ***
ok: [localhost]

TASK [/stigforge/roles/ol10_stig : Set Interval For Counting Failed Password Attempts - Check integrity of authselect current profile] ***
ok: [localhost]

TASK [/stigforge/roles/ol10_stig : Set Interval For Counting Failed Password Attempts - Informative message based on the authselect integrity check result] ***
ok: [localhost] => {
    "changed": false,
    "msg": [
        "authselect integrity check passed"
    ]
}

TASK [/stigforge/roles/ol10_stig : Set Interval For Counting Failed Password Attempts - Get authselect current profile] ***
ok: [localhost]

TASK [/stigforge/roles/ol10_stig : Set Interval For Counting Failed Password Attempts - Define the current authselect profile as a local fact] ***
ok: [localhost]

TASK [/stigforge/roles/ol10_stig : Set Interval For Counting Failed Password Attempts - Define the new authselect custom profile as a local fact] ***
skipping: [localhost]

TASK [/stigforge/roles/ol10_stig : Set Interval For Counting Failed Password Attempts - Get authselect current features to also enable them in the custom profile] ***
skipping: [localhost]

TASK [/stigforge/roles/ol10_stig : Set Interval For Counting Failed Password Attempts - Check if any custom profile with the same name was already created] ***
skipping: [localhost]

TASK [/stigforge/roles/ol10_stig : Set Interval For Counting Failed Password Attempts - Create an authselect custom profile based on the current profile] ***
skipping: [localhost]

TASK [/stigforge/roles/ol10_stig : Set Interval For Counting Failed Password Attempts - Create an authselect custom profile based on sssd profile] ***
skipping: [localhost]

TASK [/stigforge/roles/ol10_stig : Set Interval For Counting Failed Password Attempts - Ensure authselect changes are applied] ***
skipping: [localhost]

TASK [/stigforge/roles/ol10_stig : Set Interval For Counting Failed Password Attempts - Ensure the authselect custom profile is selected] ***
skipping: [localhost]

TASK [/stigforge/roles/ol10_stig : Set Interval For Counting Failed Password Attempts - Restore the authselect features in the custom profile] ***
skipping: [localhost]

TASK [/stigforge/roles/ol10_stig : Set Interval For Counting Failed Password Attempts - Ensure authselect changes are applied] ***
skipping: [localhost]

TASK [/stigforge/roles/ol10_stig : Set Interval For Counting Failed Password Attempts - Change the PAM file to be edited according to the custom authselect profile] ***
ok: [localhost]

TASK [/stigforge/roles/ol10_stig : Set Interval For Counting Failed Password Attempts - Define a fact for control already filtered in case filters are used] ***
ok: [localhost]

TASK [/stigforge/roles/ol10_stig : Set Interval For Counting Failed Password Attempts - Check if /etc/authselect/custom/hardening/system-auth file is present] ***
ok: [localhost]

TASK [/stigforge/roles/ol10_stig : Set Interval For Counting Failed Password Attempts - Ensure the "fail_interval" option from "pam_faillock.so" is not present in /etc/authselect/custom/hardening/system-auth] ***
ok: [localhost]

TASK [/stigforge/roles/ol10_stig : Set Interval For Counting Failed Password Attempts - Ensure authselect changes are applied] ***
skipping: [localhost]

TASK [/stigforge/roles/ol10_stig : Set Interval For Counting Failed Password Attempts - Check if /etc/pam.d/password-auth file is present] ***
ok: [localhost]

TASK [/stigforge/roles/ol10_stig : Set Interval For Counting Failed Password Attempts - Define the PAM file to be edited as a local fact] ***
ok: [localhost]

TASK [/stigforge/roles/ol10_stig : Set Interval For Counting Failed Password Attempts - Check if system relies on authselect tool] ***
ok: [localhost]

TASK [/stigforge/roles/ol10_stig : Set Interval For Counting Failed Password Attempts - Check integrity of authselect current profile] ***
ok: [localhost]

TASK [/stigforge/roles/ol10_stig : Set Interval For Counting Failed Password Attempts - Informative message based on the authselect integrity check result] ***
ok: [localhost] => {
    "changed": false,
    "msg": [
        "authselect integrity check passed"
    ]
}

TASK [/stigforge/roles/ol10_stig : Set Interval For Counting Failed Password Attempts - Get authselect current profile] ***
ok: [localhost]

TASK [/stigforge/roles/ol10_stig : Set Interval For Counting Failed Password Attempts - Define the current authselect profile as a local fact] ***
ok: [localhost]

TASK [/stigforge/roles/ol10_stig : Set Interval For Counting Failed Password Attempts - Define the new authselect custom profile as a local fact] ***
skipping: [localhost]

TASK [/stigforge/roles/ol10_stig : Set Interval For Counting Failed Password Attempts - Get authselect current features to also enable them in the custom profile] ***
skipping: [localhost]

TASK [/stigforge/roles/ol10_stig : Set Interval For Counting Failed Password Attempts - Check if any custom profile with the same name was already created] ***
skipping: [localhost]

TASK [/stigforge/roles/ol10_stig : Set Interval For Counting Failed Password Attempts - Create an authselect custom profile based on the current profile] ***
skipping: [localhost]

TASK [/stigforge/roles/ol10_stig : Set Interval For Counting Failed Password Attempts - Create an authselect custom profile based on sssd profile] ***
skipping: [localhost]

TASK [/stigforge/roles/ol10_stig : Set Interval For Counting Failed Password Attempts - Ensure authselect changes are applied] ***
skipping: [localhost]

TASK [/stigforge/roles/ol10_stig : Set Interval For Counting Failed Password Attempts - Ensure the authselect custom profile is selected] ***
skipping: [localhost]

TASK [/stigforge/roles/ol10_stig : Set Interval For Counting Failed Password Attempts - Restore the authselect features in the custom profile] ***
skipping: [localhost]

TASK [/stigforge/roles/ol10_stig : Set Interval For Counting Failed Password Attempts - Ensure authselect changes are applied] ***
skipping: [localhost]

TASK [/stigforge/roles/ol10_stig : Set Interval For Counting Failed Password Attempts - Change the PAM file to be edited according to the custom authselect profile] ***
ok: [localhost]

TASK [/stigforge/roles/ol10_stig : Set Interval For Counting Failed Password Attempts - Define a fact for control already filtered in case filters are used] ***
ok: [localhost]

TASK [/stigforge/roles/ol10_stig : Set Interval For Counting Failed Password Attempts - Check if /etc/authselect/custom/hardening/password-auth file is present] ***
ok: [localhost]

TASK [/stigforge/roles/ol10_stig : Set Interval For Counting Failed Password Attempts - Ensure the "fail_interval" option from "pam_faillock.so" is not present in /etc/authselect/custom/hardening/password-auth] ***
ok: [localhost]

TASK [/stigforge/roles/ol10_stig : Set Interval For Counting Failed Password Attempts - Ensure authselect changes are applied] ***
skipping: [localhost]

TASK [/stigforge/roles/ol10_stig : Set Interval For Counting Failed Password Attempts - Check if pam_faillock.so fail_interval parameter is already enabled in pam files] ***
skipping: [localhost]

TASK [/stigforge/roles/ol10_stig : Set Interval For Counting Failed Password Attempts - Ensure the inclusion of pam_faillock.so preauth fail_interval parameter in auth section] ***
skipping: [localhost] => (item=/etc/pam.d/system-auth) 
skipping: [localhost] => (item=/etc/pam.d/password-auth) 
skipping: [localhost]

TASK [/stigforge/roles/ol10_stig : Set Interval For Counting Failed Password Attempts - Ensure the inclusion of pam_faillock.so authfail fail_interval parameter in auth section] ***
skipping: [localhost] => (item=/etc/pam.d/system-auth) 
skipping: [localhost] => (item=/etc/pam.d/password-auth) 
skipping: [localhost]

TASK [/stigforge/roles/ol10_stig : Set Interval For Counting Failed Password Attempts - Ensure the desired value for pam_faillock.so preauth fail_interval parameter in auth section] ***
skipping: [localhost] => (item=/etc/pam.d/system-auth) 
skipping: [localhost] => (item=/etc/pam.d/password-auth) 
skipping: [localhost]

TASK [/stigforge/roles/ol10_stig : Set Interval For Counting Failed Password Attempts - Ensure the desired value for pam_faillock.so authfail fail_interval parameter in auth section] ***
skipping: [localhost] => (item=/etc/pam.d/system-auth) 
skipping: [localhost] => (item=/etc/pam.d/password-auth) 
skipping: [localhost]

TASK [/stigforge/roles/ol10_stig : Set Lockout Time for Failed Password Attempts - Check if system relies on authselect tool] ***
ok: [localhost]

TASK [/stigforge/roles/ol10_stig : Set Lockout Time for Failed Password Attempts - Check integrity of authselect current profile] ***
ok: [localhost]

TASK [/stigforge/roles/ol10_stig : Set Lockout Time for Failed Password Attempts - Informative message based on the authselect integrity check result] ***
ok: [localhost] => {
    "changed": false,
    "msg": [
        "authselect integrity check passed"
    ]
}

TASK [/stigforge/roles/ol10_stig : Set Lockout Time for Failed Password Attempts - Get authselect current features] ***
ok: [localhost]

TASK [/stigforge/roles/ol10_stig : Set Lockout Time for Failed Password Attempts - Ensure "with-faillock" feature is enabled using authselect tool] ***
skipping: [localhost]

TASK [/stigforge/roles/ol10_stig : Set Lockout Time for Failed Password Attempts - Ensure authselect changes are applied] ***
skipping: [localhost]

TASK [/stigforge/roles/ol10_stig : Set Lockout Time for Failed Password Attempts - Check if pam_faillock.so is already enabled] ***
skipping: [localhost]

TASK [/stigforge/roles/ol10_stig : Set Lockout Time for Failed Password Attempts - Enable pam_faillock.so preauth editing PAM files] ***
skipping: [localhost] => (item=/etc/pam.d/system-auth) 
skipping: [localhost] => (item=/etc/pam.d/password-auth) 
skipping: [localhost]

TASK [/stigforge/roles/ol10_stig : Set Lockout Time for Failed Password Attempts - Enable pam_faillock.so authfail editing PAM files] ***
skipping: [localhost] => (item=/etc/pam.d/system-auth) 
skipping: [localhost] => (item=/etc/pam.d/password-auth) 
skipping: [localhost]

TASK [/stigforge/roles/ol10_stig : Set Lockout Time for Failed Password Attempts - Enable pam_faillock.so account section editing PAM files] ***
skipping: [localhost] => (item=/etc/pam.d/system-auth) 
skipping: [localhost] => (item=/etc/pam.d/password-auth) 
skipping: [localhost]

TASK [/stigforge/roles/ol10_stig : Set Lockout Time for Failed Password Attempts - Check the presence of /etc/security/faillock.conf file] ***
ok: [localhost]

TASK [/stigforge/roles/ol10_stig : Set Lockout Time for Failed Password Attempts - Ensure the pam_faillock.so unlock_time parameter in /etc/security/faillock.conf] ***
changed: [localhost]

TASK [/stigforge/roles/ol10_stig : Set Lockout Time for Failed Password Attempts - Check if /etc/pam.d/system-auth file is present] ***
ok: [localhost]

TASK [/stigforge/roles/ol10_stig : Set Lockout Time for Failed Password Attempts - Define the PAM file to be edited as a local fact] ***
ok: [localhost]

TASK [/stigforge/roles/ol10_stig : Set Lockout Time for Failed Password Attempts - Check if system relies on authselect tool] ***
ok: [localhost]

TASK [/stigforge/roles/ol10_stig : Set Lockout Time for Failed Password Attempts - Check integrity of authselect current profile] ***
ok: [localhost]

TASK [/stigforge/roles/ol10_stig : Set Lockout Time for Failed Password Attempts - Informative message based on the authselect integrity check result] ***
ok: [localhost] => {
    "changed": false,
    "msg": [
        "authselect integrity check passed"
    ]
}

TASK [/stigforge/roles/ol10_stig : Set Lockout Time for Failed Password Attempts - Get authselect current profile] ***
ok: [localhost]

TASK [/stigforge/roles/ol10_stig : Set Lockout Time for Failed Password Attempts - Define the current authselect profile as a local fact] ***
ok: [localhost]

TASK [/stigforge/roles/ol10_stig : Set Lockout Time for Failed Password Attempts - Define the new authselect custom profile as a local fact] ***
skipping: [localhost]

TASK [/stigforge/roles/ol10_stig : Set Lockout Time for Failed Password Attempts - Get authselect current features to also enable them in the custom profile] ***
skipping: [localhost]

TASK [/stigforge/roles/ol10_stig : Set Lockout Time for Failed Password Attempts - Check if any custom profile with the same name was already created] ***
skipping: [localhost]

TASK [/stigforge/roles/ol10_stig : Set Lockout Time for Failed Password Attempts - Create an authselect custom profile based on the current profile] ***
skipping: [localhost]

TASK [/stigforge/roles/ol10_stig : Set Lockout Time for Failed Password Attempts - Create an authselect custom profile based on sssd profile] ***
skipping: [localhost]

TASK [/stigforge/roles/ol10_stig : Set Lockout Time for Failed Password Attempts - Ensure authselect changes are applied] ***
skipping: [localhost]

TASK [/stigforge/roles/ol10_stig : Set Lockout Time for Failed Password Attempts - Ensure the authselect custom profile is selected] ***
skipping: [localhost]

TASK [/stigforge/roles/ol10_stig : Set Lockout Time for Failed Password Attempts - Restore the authselect features in the custom profile] ***
skipping: [localhost]

TASK [/stigforge/roles/ol10_stig : Set Lockout Time for Failed Password Attempts - Ensure authselect changes are applied] ***
skipping: [localhost]

TASK [/stigforge/roles/ol10_stig : Set Lockout Time for Failed Password Attempts - Change the PAM file to be edited according to the custom authselect profile] ***
ok: [localhost]

TASK [/stigforge/roles/ol10_stig : Set Lockout Time for Failed Password Attempts - Define a fact for control already filtered in case filters are used] ***
ok: [localhost]

TASK [/stigforge/roles/ol10_stig : Set Lockout Time for Failed Password Attempts - Check if /etc/authselect/custom/hardening/system-auth file is present] ***
ok: [localhost]

TASK [/stigforge/roles/ol10_stig : Set Lockout Time for Failed Password Attempts - Ensure the "unlock_time" option from "pam_faillock.so" is not present in /etc/authselect/custom/hardening/system-auth] ***
ok: [localhost]

TASK [/stigforge/roles/ol10_stig : Set Lockout Time for Failed Password Attempts - Ensure authselect changes are applied] ***
skipping: [localhost]

TASK [/stigforge/roles/ol10_stig : Set Lockout Time for Failed Password Attempts - Check if /etc/pam.d/password-auth file is present] ***
ok: [localhost]

TASK [/stigforge/roles/ol10_stig : Set Lockout Time for Failed Password Attempts - Define the PAM file to be edited as a local fact] ***
ok: [localhost]

TASK [/stigforge/roles/ol10_stig : Set Lockout Time for Failed Password Attempts - Check if system relies on authselect tool] ***
ok: [localhost]

TASK [/stigforge/roles/ol10_stig : Set Lockout Time for Failed Password Attempts - Check integrity of authselect current profile] ***
ok: [localhost]

TASK [/stigforge/roles/ol10_stig : Set Lockout Time for Failed Password Attempts - Informative message based on the authselect integrity check result] ***
ok: [localhost] => {
    "changed": false,
    "msg": [
        "authselect integrity check passed"
    ]
}

TASK [/stigforge/roles/ol10_stig : Set Lockout Time for Failed Password Attempts - Get authselect current profile] ***
ok: [localhost]

TASK [/stigforge/roles/ol10_stig : Set Lockout Time for Failed Password Attempts - Define the current authselect profile as a local fact] ***
ok: [localhost]

TASK [/stigforge/roles/ol10_stig : Set Lockout Time for Failed Password Attempts - Define the new authselect custom profile as a local fact] ***
skipping: [localhost]

TASK [/stigforge/roles/ol10_stig : Set Lockout Time for Failed Password Attempts - Get authselect current features to also enable them in the custom profile] ***
skipping: [localhost]

TASK [/stigforge/roles/ol10_stig : Set Lockout Time for Failed Password Attempts - Check if any custom profile with the same name was already created] ***
skipping: [localhost]

TASK [/stigforge/roles/ol10_stig : Set Lockout Time for Failed Password Attempts - Create an authselect custom profile based on the current profile] ***
skipping: [localhost]

TASK [/stigforge/roles/ol10_stig : Set Lockout Time for Failed Password Attempts - Create an authselect custom profile based on sssd profile] ***
skipping: [localhost]

TASK [/stigforge/roles/ol10_stig : Set Lockout Time for Failed Password Attempts - Ensure authselect changes are applied] ***
skipping: [localhost]

TASK [/stigforge/roles/ol10_stig : Set Lockout Time for Failed Password Attempts - Ensure the authselect custom profile is selected] ***
skipping: [localhost]

TASK [/stigforge/roles/ol10_stig : Set Lockout Time for Failed Password Attempts - Restore the authselect features in the custom profile] ***
skipping: [localhost]

TASK [/stigforge/roles/ol10_stig : Set Lockout Time for Failed Password Attempts - Ensure authselect changes are applied] ***
skipping: [localhost]

TASK [/stigforge/roles/ol10_stig : Set Lockout Time for Failed Password Attempts - Change the PAM file to be edited according to the custom authselect profile] ***
ok: [localhost]

TASK [/stigforge/roles/ol10_stig : Set Lockout Time for Failed Password Attempts - Define a fact for control already filtered in case filters are used] ***
ok: [localhost]

TASK [/stigforge/roles/ol10_stig : Set Lockout Time for Failed Password Attempts - Check if /etc/authselect/custom/hardening/password-auth file is present] ***
ok: [localhost]

TASK [/stigforge/roles/ol10_stig : Set Lockout Time for Failed Password Attempts - Ensure the "unlock_time" option from "pam_faillock.so" is not present in /etc/authselect/custom/hardening/password-auth] ***
ok: [localhost]

TASK [/stigforge/roles/ol10_stig : Set Lockout Time for Failed Password Attempts - Ensure authselect changes are applied] ***
skipping: [localhost]

TASK [/stigforge/roles/ol10_stig : Set Lockout Time for Failed Password Attempts - Check if pam_faillock.so unlock_time parameter is already enabled in pam files] ***
skipping: [localhost]

TASK [/stigforge/roles/ol10_stig : Set Lockout Time for Failed Password Attempts - Ensure the inclusion of pam_faillock.so preauth unlock_time parameter in auth section] ***
skipping: [localhost] => (item=/etc/pam.d/system-auth) 
skipping: [localhost] => (item=/etc/pam.d/password-auth) 
skipping: [localhost]

TASK [/stigforge/roles/ol10_stig : Set Lockout Time for Failed Password Attempts - Ensure the inclusion of pam_faillock.so authfail unlock_time parameter in auth section] ***
skipping: [localhost] => (item=/etc/pam.d/system-auth) 
skipping: [localhost] => (item=/etc/pam.d/password-auth) 
skipping: [localhost]

TASK [/stigforge/roles/ol10_stig : Set Lockout Time for Failed Password Attempts - Ensure the desired value for pam_faillock.so preauth unlock_time parameter in auth section] ***
skipping: [localhost] => (item=/etc/pam.d/system-auth) 
skipping: [localhost] => (item=/etc/pam.d/password-auth) 
skipping: [localhost]

TASK [/stigforge/roles/ol10_stig : Set Lockout Time for Failed Password Attempts - Ensure the desired value for pam_faillock.so authfail unlock_time parameter in auth section] ***
skipping: [localhost] => (item=/etc/pam.d/system-auth) 
skipping: [localhost] => (item=/etc/pam.d/password-auth) 
skipping: [localhost]

TASK [/stigforge/roles/ol10_stig : Ensure PAM Enforces Password Requirements - Minimum Digit Characters - Check if /etc/pam.d/system-auth file is present] ***
ok: [localhost]

TASK [/stigforge/roles/ol10_stig : Ensure PAM Enforces Password Requirements - Minimum Digit Characters - Define the PAM file to be edited as a local fact] ***
ok: [localhost]

TASK [/stigforge/roles/ol10_stig : Ensure PAM Enforces Password Requirements - Minimum Digit Characters - Check if system relies on authselect tool] ***
ok: [localhost]

TASK [/stigforge/roles/ol10_stig : Ensure PAM Enforces Password Requirements - Minimum Digit Characters - Check integrity of authselect current profile] ***
ok: [localhost]

TASK [/stigforge/roles/ol10_stig : Ensure PAM Enforces Password Requirements - Minimum Digit Characters - Informative message based on the authselect integrity check result] ***
ok: [localhost] => {
    "changed": false,
    "msg": [
        "authselect integrity check passed"
    ]
}

TASK [/stigforge/roles/ol10_stig : Ensure PAM Enforces Password Requirements - Minimum Digit Characters - Get authselect current profile] ***
ok: [localhost]

TASK [/stigforge/roles/ol10_stig : Ensure PAM Enforces Password Requirements - Minimum Digit Characters - Define the current authselect profile as a local fact] ***
ok: [localhost]

TASK [/stigforge/roles/ol10_stig : Ensure PAM Enforces Password Requirements - Minimum Digit Characters - Define the new authselect custom profile as a local fact] ***
skipping: [localhost]

TASK [/stigforge/roles/ol10_stig : Ensure PAM Enforces Password Requirements - Minimum Digit Characters - Get authselect current features to also enable them in the custom profile] ***
skipping: [localhost]

TASK [/stigforge/roles/ol10_stig : Ensure PAM Enforces Password Requirements - Minimum Digit Characters - Check if any custom profile with the same name was already created] ***
skipping: [localhost]

TASK [/stigforge/roles/ol10_stig : Ensure PAM Enforces Password Requirements - Minimum Digit Characters - Create an authselect custom profile based on the current profile] ***
skipping: [localhost]

TASK [/stigforge/roles/ol10_stig : Ensure PAM Enforces Password Requirements - Minimum Digit Characters - Create an authselect custom profile based on sssd profile] ***
skipping: [localhost]

TASK [/stigforge/roles/ol10_stig : Ensure PAM Enforces Password Requirements - Minimum Digit Characters - Ensure authselect changes are applied] ***
skipping: [localhost]

TASK [/stigforge/roles/ol10_stig : Ensure PAM Enforces Password Requirements - Minimum Digit Characters - Ensure the authselect custom profile is selected] ***
skipping: [localhost]

TASK [/stigforge/roles/ol10_stig : Ensure PAM Enforces Password Requirements - Minimum Digit Characters - Restore the authselect features in the custom profile] ***
skipping: [localhost]

TASK [/stigforge/roles/ol10_stig : Ensure PAM Enforces Password Requirements - Minimum Digit Characters - Ensure authselect changes are applied] ***
skipping: [localhost]

TASK [/stigforge/roles/ol10_stig : Ensure PAM Enforces Password Requirements - Minimum Digit Characters - Change the PAM file to be edited according to the custom authselect profile] ***
ok: [localhost]

TASK [/stigforge/roles/ol10_stig : Ensure PAM Enforces Password Requirements - Minimum Digit Characters - Define a fact for control already filtered in case filters are used] ***
ok: [localhost]

TASK [/stigforge/roles/ol10_stig : Ensure PAM Enforces Password Requirements - Minimum Digit Characters - Check if /etc/authselect/custom/hardening/system-auth file is present] ***
ok: [localhost]

TASK [/stigforge/roles/ol10_stig : Ensure PAM Enforces Password Requirements - Minimum Digit Characters - Ensure the "dcredit" option from "pam_pwquality.so" is not present in /etc/authselect/custom/hardening/system-auth] ***
ok: [localhost]

TASK [/stigforge/roles/ol10_stig : Ensure PAM Enforces Password Requirements - Minimum Digit Characters - Ensure authselect changes are applied] ***
skipping: [localhost]

TASK [/stigforge/roles/ol10_stig : Ensure PAM Enforces Password Requirements - Minimum Digit Characters - Ensure PAM variable dcredit is set accordingly] ***
changed: [localhost]

TASK [/stigforge/roles/ol10_stig : Ensure PAM Enforces Password Requirements - Prevent the Use of Dictionary Words - Check if /etc/pam.d/system-auth file is present] ***
ok: [localhost]

TASK [/stigforge/roles/ol10_stig : Ensure PAM Enforces Password Requirements - Prevent the Use of Dictionary Words - Define the PAM file to be edited as a local fact] ***
ok: [localhost]

TASK [/stigforge/roles/ol10_stig : Ensure PAM Enforces Password Requirements - Prevent the Use of Dictionary Words - Check if system relies on authselect tool] ***
ok: [localhost]

TASK [/stigforge/roles/ol10_stig : Ensure PAM Enforces Password Requirements - Prevent the Use of Dictionary Words - Check integrity of authselect current profile] ***
ok: [localhost]

TASK [/stigforge/roles/ol10_stig : Ensure PAM Enforces Password Requirements - Prevent the Use of Dictionary Words - Informative message based on the authselect integrity check result] ***
ok: [localhost] => {
    "changed": false,
    "msg": [
        "authselect integrity check passed"
    ]
}

TASK [/stigforge/roles/ol10_stig : Ensure PAM Enforces Password Requirements - Prevent the Use of Dictionary Words - Get authselect current profile] ***
ok: [localhost]

TASK [/stigforge/roles/ol10_stig : Ensure PAM Enforces Password Requirements - Prevent the Use of Dictionary Words - Define the current authselect profile as a local fact] ***
ok: [localhost]

TASK [/stigforge/roles/ol10_stig : Ensure PAM Enforces Password Requirements - Prevent the Use of Dictionary Words - Define the new authselect custom profile as a local fact] ***
skipping: [localhost]

TASK [/stigforge/roles/ol10_stig : Ensure PAM Enforces Password Requirements - Prevent the Use of Dictionary Words - Get authselect current features to also enable them in the custom profile] ***
skipping: [localhost]

TASK [/stigforge/roles/ol10_stig : Ensure PAM Enforces Password Requirements - Prevent the Use of Dictionary Words - Check if any custom profile with the same name was already created] ***
skipping: [localhost]

TASK [/stigforge/roles/ol10_stig : Ensure PAM Enforces Password Requirements - Prevent the Use of Dictionary Words - Create an authselect custom profile based on the current profile] ***
skipping: [localhost]

TASK [/stigforge/roles/ol10_stig : Ensure PAM Enforces Password Requirements - Prevent the Use of Dictionary Words - Create an authselect custom profile based on sssd profile] ***
skipping: [localhost]

TASK [/stigforge/roles/ol10_stig : Ensure PAM Enforces Password Requirements - Prevent the Use of Dictionary Words - Ensure authselect changes are applied] ***
skipping: [localhost]

TASK [/stigforge/roles/ol10_stig : Ensure PAM Enforces Password Requirements - Prevent the Use of Dictionary Words - Ensure the authselect custom profile is selected] ***
skipping: [localhost]

TASK [/stigforge/roles/ol10_stig : Ensure PAM Enforces Password Requirements - Prevent the Use of Dictionary Words - Restore the authselect features in the custom profile] ***
skipping: [localhost]

TASK [/stigforge/roles/ol10_stig : Ensure PAM Enforces Password Requirements - Prevent the Use of Dictionary Words - Ensure authselect changes are applied] ***
skipping: [localhost]

TASK [/stigforge/roles/ol10_stig : Ensure PAM Enforces Password Requirements - Prevent the Use of Dictionary Words - Change the PAM file to be edited according to the custom authselect profile] ***
ok: [localhost]

TASK [/stigforge/roles/ol10_stig : Ensure PAM Enforces Password Requirements - Prevent the Use of Dictionary Words - Define a fact for control already filtered in case filters are used] ***
ok: [localhost]

TASK [/stigforge/roles/ol10_stig : Ensure PAM Enforces Password Requirements - Prevent the Use of Dictionary Words - Check if /etc/authselect/custom/hardening/system-auth file is present] ***
ok: [localhost]

TASK [/stigforge/roles/ol10_stig : Ensure PAM Enforces Password Requirements - Prevent the Use of Dictionary Words - Ensure the "dictcheck" option from "pam_pwquality.so" is not present in /etc/authselect/custom/hardening/system-auth] ***
ok: [localhost]

TASK [/stigforge/roles/ol10_stig : Ensure PAM Enforces Password Requirements - Prevent the Use of Dictionary Words - Ensure authselect changes are applied] ***
skipping: [localhost]

TASK [/stigforge/roles/ol10_stig : Ensure PAM Enforces Password Requirements - Prevent the Use of Dictionary Words - Ensure PAM variable dictcheck is set accordingly] ***
changed: [localhost]

TASK [/stigforge/roles/ol10_stig : Ensure PAM Enforces Password Requirements - Minimum Different Characters - Check if /etc/pam.d/system-auth file is present] ***
ok: [localhost]

TASK [/stigforge/roles/ol10_stig : Ensure PAM Enforces Password Requirements - Minimum Different Characters - Define the PAM file to be edited as a local fact] ***
ok: [localhost]

TASK [/stigforge/roles/ol10_stig : Ensure PAM Enforces Password Requirements - Minimum Different Characters - Check if system relies on authselect tool] ***
ok: [localhost]

TASK [/stigforge/roles/ol10_stig : Ensure PAM Enforces Password Requirements - Minimum Different Characters - Check integrity of authselect current profile] ***
ok: [localhost]

TASK [/stigforge/roles/ol10_stig : Ensure PAM Enforces Password Requirements - Minimum Different Characters - Informative message based on the authselect integrity check result] ***
ok: [localhost] => {
    "changed": false,
    "msg": [
        "authselect integrity check passed"
    ]
}

TASK [/stigforge/roles/ol10_stig : Ensure PAM Enforces Password Requirements - Minimum Different Characters - Get authselect current profile] ***
ok: [localhost]

TASK [/stigforge/roles/ol10_stig : Ensure PAM Enforces Password Requirements - Minimum Different Characters - Define the current authselect profile as a local fact] ***
ok: [localhost]

TASK [/stigforge/roles/ol10_stig : Ensure PAM Enforces Password Requirements - Minimum Different Characters - Define the new authselect custom profile as a local fact] ***
skipping: [localhost]

TASK [/stigforge/roles/ol10_stig : Ensure PAM Enforces Password Requirements - Minimum Different Characters - Get authselect current features to also enable them in the custom profile] ***
skipping: [localhost]

TASK [/stigforge/roles/ol10_stig : Ensure PAM Enforces Password Requirements - Minimum Different Characters - Check if any custom profile with the same name was already created] ***
skipping: [localhost]

TASK [/stigforge/roles/ol10_stig : Ensure PAM Enforces Password Requirements - Minimum Different Characters - Create an authselect custom profile based on the current profile] ***
skipping: [localhost]

TASK [/stigforge/roles/ol10_stig : Ensure PAM Enforces Password Requirements - Minimum Different Characters - Create an authselect custom profile based on sssd profile] ***
skipping: [localhost]

TASK [/stigforge/roles/ol10_stig : Ensure PAM Enforces Password Requirements - Minimum Different Characters - Ensure authselect changes are applied] ***
skipping: [localhost]

TASK [/stigforge/roles/ol10_stig : Ensure PAM Enforces Password Requirements - Minimum Different Characters - Ensure the authselect custom profile is selected] ***
skipping: [localhost]

TASK [/stigforge/roles/ol10_stig : Ensure PAM Enforces Password Requirements - Minimum Different Characters - Restore the authselect features in the custom profile] ***
skipping: [localhost]

TASK [/stigforge/roles/ol10_stig : Ensure PAM Enforces Password Requirements - Minimum Different Characters - Ensure authselect changes are applied] ***
skipping: [localhost]

TASK [/stigforge/roles/ol10_stig : Ensure PAM Enforces Password Requirements - Minimum Different Characters - Change the PAM file to be edited according to the custom authselect profile] ***
ok: [localhost]

TASK [/stigforge/roles/ol10_stig : Ensure PAM Enforces Password Requirements - Minimum Different Characters - Define a fact for control already filtered in case filters are used] ***
ok: [localhost]

TASK [/stigforge/roles/ol10_stig : Ensure PAM Enforces Password Requirements - Minimum Different Characters - Check if /etc/authselect/custom/hardening/system-auth file is present] ***
ok: [localhost]

TASK [/stigforge/roles/ol10_stig : Ensure PAM Enforces Password Requirements - Minimum Different Characters - Ensure the "difok" option from "pam_pwquality.so" is not present in /etc/authselect/custom/hardening/system-auth] ***
ok: [localhost]

TASK [/stigforge/roles/ol10_stig : Ensure PAM Enforces Password Requirements - Minimum Different Characters - Ensure authselect changes are applied] ***
skipping: [localhost]

TASK [/stigforge/roles/ol10_stig : Ensure PAM Enforces Password Requirements - Minimum Different Characters - Ensure PAM variable difok is set accordingly] ***
changed: [localhost]

TASK [/stigforge/roles/ol10_stig : Ensure PAM Enforces Password Requirements - Minimum Lowercase Characters - Check if /etc/pam.d/system-auth file is present] ***
ok: [localhost]

TASK [/stigforge/roles/ol10_stig : Ensure PAM Enforces Password Requirements - Minimum Lowercase Characters - Define the PAM file to be edited as a local fact] ***
ok: [localhost]

TASK [/stigforge/roles/ol10_stig : Ensure PAM Enforces Password Requirements - Minimum Lowercase Characters - Check if system relies on authselect tool] ***
ok: [localhost]

TASK [/stigforge/roles/ol10_stig : Ensure PAM Enforces Password Requirements - Minimum Lowercase Characters - Check integrity of authselect current profile] ***
ok: [localhost]

TASK [/stigforge/roles/ol10_stig : Ensure PAM Enforces Password Requirements - Minimum Lowercase Characters - Informative message based on the authselect integrity check result] ***
ok: [localhost] => {
    "changed": false,
    "msg": [
        "authselect integrity check passed"
    ]
}

TASK [/stigforge/roles/ol10_stig : Ensure PAM Enforces Password Requirements - Minimum Lowercase Characters - Get authselect current profile] ***
ok: [localhost]

TASK [/stigforge/roles/ol10_stig : Ensure PAM Enforces Password Requirements - Minimum Lowercase Characters - Define the current authselect profile as a local fact] ***
ok: [localhost]

TASK [/stigforge/roles/ol10_stig : Ensure PAM Enforces Password Requirements - Minimum Lowercase Characters - Define the new authselect custom profile as a local fact] ***
skipping: [localhost]

TASK [/stigforge/roles/ol10_stig : Ensure PAM Enforces Password Requirements - Minimum Lowercase Characters - Get authselect current features to also enable them in the custom profile] ***
skipping: [localhost]

TASK [/stigforge/roles/ol10_stig : Ensure PAM Enforces Password Requirements - Minimum Lowercase Characters - Check if any custom profile with the same name was already created] ***
skipping: [localhost]

TASK [/stigforge/roles/ol10_stig : Ensure PAM Enforces Password Requirements - Minimum Lowercase Characters - Create an authselect custom profile based on the current profile] ***
skipping: [localhost]

TASK [/stigforge/roles/ol10_stig : Ensure PAM Enforces Password Requirements - Minimum Lowercase Characters - Create an authselect custom profile based on sssd profile] ***
skipping: [localhost]

TASK [/stigforge/roles/ol10_stig : Ensure PAM Enforces Password Requirements - Minimum Lowercase Characters - Ensure authselect changes are applied] ***
skipping: [localhost]

TASK [/stigforge/roles/ol10_stig : Ensure PAM Enforces Password Requirements - Minimum Lowercase Characters - Ensure the authselect custom profile is selected] ***
skipping: [localhost]

TASK [/stigforge/roles/ol10_stig : Ensure PAM Enforces Password Requirements - Minimum Lowercase Characters - Restore the authselect features in the custom profile] ***
skipping: [localhost]

TASK [/stigforge/roles/ol10_stig : Ensure PAM Enforces Password Requirements - Minimum Lowercase Characters - Ensure authselect changes are applied] ***
skipping: [localhost]

TASK [/stigforge/roles/ol10_stig : Ensure PAM Enforces Password Requirements - Minimum Lowercase Characters - Change the PAM file to be edited according to the custom authselect profile] ***
ok: [localhost]

TASK [/stigforge/roles/ol10_stig : Ensure PAM Enforces Password Requirements - Minimum Lowercase Characters - Define a fact for control already filtered in case filters are used] ***
ok: [localhost]

TASK [/stigforge/roles/ol10_stig : Ensure PAM Enforces Password Requirements - Minimum Lowercase Characters - Check if /etc/authselect/custom/hardening/system-auth file is present] ***
ok: [localhost]

TASK [/stigforge/roles/ol10_stig : Ensure PAM Enforces Password Requirements - Minimum Lowercase Characters - Ensure the "lcredit" option from "pam_pwquality.so" is not present in /etc/authselect/custom/hardening/system-auth] ***
ok: [localhost]

TASK [/stigforge/roles/ol10_stig : Ensure PAM Enforces Password Requirements - Minimum Lowercase Characters - Ensure authselect changes are applied] ***
skipping: [localhost]

TASK [/stigforge/roles/ol10_stig : Ensure PAM Enforces Password Requirements - Minimum Lowercase Characters - Ensure PAM variable lcredit is set accordingly] ***
changed: [localhost]

TASK [/stigforge/roles/ol10_stig : Ensure PAM Enforces Password Requirements - Maximum Consecutive Repeating Characters from Same Character Class - Check if /etc/pam.d/system-auth file is present] ***
ok: [localhost]

TASK [/stigforge/roles/ol10_stig : Ensure PAM Enforces Password Requirements - Maximum Consecutive Repeating Characters from Same Character Class - Define the PAM file to be edited as a local fact] ***
ok: [localhost]

TASK [/stigforge/roles/ol10_stig : Ensure PAM Enforces Password Requirements - Maximum Consecutive Repeating Characters from Same Character Class - Check if system relies on authselect tool] ***
ok: [localhost]

TASK [/stigforge/roles/ol10_stig : Ensure PAM Enforces Password Requirements - Maximum Consecutive Repeating Characters from Same Character Class - Check integrity of authselect current profile] ***
ok: [localhost]

TASK [/stigforge/roles/ol10_stig : Ensure PAM Enforces Password Requirements - Maximum Consecutive Repeating Characters from Same Character Class - Informative message based on the authselect integrity check result] ***
ok: [localhost] => {
    "changed": false,
    "msg": [
        "authselect integrity check passed"
    ]
}

TASK [/stigforge/roles/ol10_stig : Ensure PAM Enforces Password Requirements - Maximum Consecutive Repeating Characters from Same Character Class - Get authselect current profile] ***
ok: [localhost]

TASK [/stigforge/roles/ol10_stig : Ensure PAM Enforces Password Requirements - Maximum Consecutive Repeating Characters from Same Character Class - Define the current authselect profile as a local fact] ***
ok: [localhost]

TASK [/stigforge/roles/ol10_stig : Ensure PAM Enforces Password Requirements - Maximum Consecutive Repeating Characters from Same Character Class - Define the new authselect custom profile as a local fact] ***
skipping: [localhost]

TASK [/stigforge/roles/ol10_stig : Ensure PAM Enforces Password Requirements - Maximum Consecutive Repeating Characters from Same Character Class - Get authselect current features to also enable them in the custom profile] ***
skipping: [localhost]

TASK [/stigforge/roles/ol10_stig : Ensure PAM Enforces Password Requirements - Maximum Consecutive Repeating Characters from Same Character Class - Check if any custom profile with the same name was already created] ***
skipping: [localhost]

TASK [/stigforge/roles/ol10_stig : Ensure PAM Enforces Password Requirements - Maximum Consecutive Repeating Characters from Same Character Class - Create an authselect custom profile based on the current profile] ***
skipping: [localhost]

TASK [/stigforge/roles/ol10_stig : Ensure PAM Enforces Password Requirements - Maximum Consecutive Repeating Characters from Same Character Class - Create an authselect custom profile based on sssd profile] ***
skipping: [localhost]

TASK [/stigforge/roles/ol10_stig : Ensure PAM Enforces Password Requirements - Maximum Consecutive Repeating Characters from Same Character Class - Ensure authselect changes are applied] ***
skipping: [localhost]

TASK [/stigforge/roles/ol10_stig : Ensure PAM Enforces Password Requirements - Maximum Consecutive Repeating Characters from Same Character Class - Ensure the authselect custom profile is selected] ***
skipping: [localhost]

TASK [/stigforge/roles/ol10_stig : Ensure PAM Enforces Password Requirements - Maximum Consecutive Repeating Characters from Same Character Class - Restore the authselect features in the custom profile] ***
skipping: [localhost]

TASK [/stigforge/roles/ol10_stig : Ensure PAM Enforces Password Requirements - Maximum Consecutive Repeating Characters from Same Character Class - Ensure authselect changes are applied] ***
skipping: [localhost]

TASK [/stigforge/roles/ol10_stig : Ensure PAM Enforces Password Requirements - Maximum Consecutive Repeating Characters from Same Character Class - Change the PAM file to be edited according to the custom authselect profile] ***
ok: [localhost]

TASK [/stigforge/roles/ol10_stig : Ensure PAM Enforces Password Requirements - Maximum Consecutive Repeating Characters from Same Character Class - Define a fact for control already filtered in case filters are used] ***
ok: [localhost]

TASK [/stigforge/roles/ol10_stig : Ensure PAM Enforces Password Requirements - Maximum Consecutive Repeating Characters from Same Character Class - Check if /etc/authselect/custom/hardening/system-auth file is present] ***
ok: [localhost]

TASK [/stigforge/roles/ol10_stig : Ensure PAM Enforces Password Requirements - Maximum Consecutive Repeating Characters from Same Character Class - Ensure the "maxclassrepeat" option from "pam_pwquality.so" is not present in /etc/authselect/custom/hardening/system-auth] ***
ok: [localhost]

TASK [/stigforge/roles/ol10_stig : Ensure PAM Enforces Password Requirements - Maximum Consecutive Repeating Characters from Same Character Class - Ensure authselect changes are applied] ***
skipping: [localhost]

TASK [/stigforge/roles/ol10_stig : Ensure PAM Enforces Password Requirements - Maximum Consecutive Repeating Characters from Same Character Class - Ensure PAM variable maxclassrepeat is set accordingly] ***
changed: [localhost]

TASK [/stigforge/roles/ol10_stig : Set Password Maximum Consecutive Repeating Characters - Check if /etc/pam.d/system-auth file is present] ***
ok: [localhost]

TASK [/stigforge/roles/ol10_stig : Set Password Maximum Consecutive Repeating Characters - Define the PAM file to be edited as a local fact] ***
ok: [localhost]

TASK [/stigforge/roles/ol10_stig : Set Password Maximum Consecutive Repeating Characters - Check if system relies on authselect tool] ***
ok: [localhost]

TASK [/stigforge/roles/ol10_stig : Set Password Maximum Consecutive Repeating Characters - Check integrity of authselect current profile] ***
ok: [localhost]

TASK [/stigforge/roles/ol10_stig : Set Password Maximum Consecutive Repeating Characters - Informative message based on the authselect integrity check result] ***
ok: [localhost] => {
    "changed": false,
    "msg": [
        "authselect integrity check passed"
    ]
}

TASK [/stigforge/roles/ol10_stig : Set Password Maximum Consecutive Repeating Characters - Get authselect current profile] ***
ok: [localhost]

TASK [/stigforge/roles/ol10_stig : Set Password Maximum Consecutive Repeating Characters - Define the current authselect profile as a local fact] ***
ok: [localhost]

TASK [/stigforge/roles/ol10_stig : Set Password Maximum Consecutive Repeating Characters - Define the new authselect custom profile as a local fact] ***
skipping: [localhost]

TASK [/stigforge/roles/ol10_stig : Set Password Maximum Consecutive Repeating Characters - Get authselect current features to also enable them in the custom profile] ***
skipping: [localhost]

TASK [/stigforge/roles/ol10_stig : Set Password Maximum Consecutive Repeating Characters - Check if any custom profile with the same name was already created] ***
skipping: [localhost]

TASK [/stigforge/roles/ol10_stig : Set Password Maximum Consecutive Repeating Characters - Create an authselect custom profile based on the current profile] ***
skipping: [localhost]

TASK [/stigforge/roles/ol10_stig : Set Password Maximum Consecutive Repeating Characters - Create an authselect custom profile based on sssd profile] ***
skipping: [localhost]

TASK [/stigforge/roles/ol10_stig : Set Password Maximum Consecutive Repeating Characters - Ensure authselect changes are applied] ***
skipping: [localhost]

TASK [/stigforge/roles/ol10_stig : Set Password Maximum Consecutive Repeating Characters - Ensure the authselect custom profile is selected] ***
skipping: [localhost]

TASK [/stigforge/roles/ol10_stig : Set Password Maximum Consecutive Repeating Characters - Restore the authselect features in the custom profile] ***
skipping: [localhost]

TASK [/stigforge/roles/ol10_stig : Set Password Maximum Consecutive Repeating Characters - Ensure authselect changes are applied] ***
skipping: [localhost]

TASK [/stigforge/roles/ol10_stig : Set Password Maximum Consecutive Repeating Characters - Change the PAM file to be edited according to the custom authselect profile] ***
ok: [localhost]

TASK [/stigforge/roles/ol10_stig : Set Password Maximum Consecutive Repeating Characters - Define a fact for control already filtered in case filters are used] ***
ok: [localhost]

TASK [/stigforge/roles/ol10_stig : Set Password Maximum Consecutive Repeating Characters - Check if /etc/authselect/custom/hardening/system-auth file is present] ***
ok: [localhost]

TASK [/stigforge/roles/ol10_stig : Set Password Maximum Consecutive Repeating Characters - Ensure the "maxrepeat" option from "pam_pwquality.so" is not present in /etc/authselect/custom/hardening/system-auth] ***
ok: [localhost]

TASK [/stigforge/roles/ol10_stig : Set Password Maximum Consecutive Repeating Characters - Ensure authselect changes are applied] ***
skipping: [localhost]

TASK [/stigforge/roles/ol10_stig : Set Password Maximum Consecutive Repeating Characters - Ensure PAM variable maxrepeat is set accordingly] ***
changed: [localhost]

TASK [/stigforge/roles/ol10_stig : Ensure PAM Enforces Password Requirements - Minimum Different Categories - Check if /etc/pam.d/system-auth file is present] ***
ok: [localhost]

TASK [/stigforge/roles/ol10_stig : Ensure PAM Enforces Password Requirements - Minimum Different Categories - Define the PAM file to be edited as a local fact] ***
ok: [localhost]

TASK [/stigforge/roles/ol10_stig : Ensure PAM Enforces Password Requirements - Minimum Different Categories - Check if system relies on authselect tool] ***
ok: [localhost]

TASK [/stigforge/roles/ol10_stig : Ensure PAM Enforces Password Requirements - Minimum Different Categories - Check integrity of authselect current profile] ***
ok: [localhost]

TASK [/stigforge/roles/ol10_stig : Ensure PAM Enforces Password Requirements - Minimum Different Categories - Informative message based on the authselect integrity check result] ***
ok: [localhost] => {
    "changed": false,
    "msg": [
        "authselect integrity check passed"
    ]
}

TASK [/stigforge/roles/ol10_stig : Ensure PAM Enforces Password Requirements - Minimum Different Categories - Get authselect current profile] ***
ok: [localhost]

TASK [/stigforge/roles/ol10_stig : Ensure PAM Enforces Password Requirements - Minimum Different Categories - Define the current authselect profile as a local fact] ***
ok: [localhost]

TASK [/stigforge/roles/ol10_stig : Ensure PAM Enforces Password Requirements - Minimum Different Categories - Define the new authselect custom profile as a local fact] ***
skipping: [localhost]

TASK [/stigforge/roles/ol10_stig : Ensure PAM Enforces Password Requirements - Minimum Different Categories - Get authselect current features to also enable them in the custom profile] ***
skipping: [localhost]

TASK [/stigforge/roles/ol10_stig : Ensure PAM Enforces Password Requirements - Minimum Different Categories - Check if any custom profile with the same name was already created] ***
skipping: [localhost]

TASK [/stigforge/roles/ol10_stig : Ensure PAM Enforces Password Requirements - Minimum Different Categories - Create an authselect custom profile based on the current profile] ***
skipping: [localhost]

TASK [/stigforge/roles/ol10_stig : Ensure PAM Enforces Password Requirements - Minimum Different Categories - Create an authselect custom profile based on sssd profile] ***
skipping: [localhost]

TASK [/stigforge/roles/ol10_stig : Ensure PAM Enforces Password Requirements - Minimum Different Categories - Ensure authselect changes are applied] ***
skipping: [localhost]

TASK [/stigforge/roles/ol10_stig : Ensure PAM Enforces Password Requirements - Minimum Different Categories - Ensure the authselect custom profile is selected] ***
skipping: [localhost]

TASK [/stigforge/roles/ol10_stig : Ensure PAM Enforces Password Requirements - Minimum Different Categories - Restore the authselect features in the custom profile] ***
skipping: [localhost]

TASK [/stigforge/roles/ol10_stig : Ensure PAM Enforces Password Requirements - Minimum Different Categories - Ensure authselect changes are applied] ***
skipping: [localhost]

TASK [/stigforge/roles/ol10_stig : Ensure PAM Enforces Password Requirements - Minimum Different Categories - Change the PAM file to be edited according to the custom authselect profile] ***
ok: [localhost]

TASK [/stigforge/roles/ol10_stig : Ensure PAM Enforces Password Requirements - Minimum Different Categories - Define a fact for control already filtered in case filters are used] ***
ok: [localhost]

TASK [/stigforge/roles/ol10_stig : Ensure PAM Enforces Password Requirements - Minimum Different Categories - Check if /etc/authselect/custom/hardening/system-auth file is present] ***
ok: [localhost]

TASK [/stigforge/roles/ol10_stig : Ensure PAM Enforces Password Requirements - Minimum Different Categories - Ensure the "minclass" option from "pam_pwquality.so" is not present in /etc/authselect/custom/hardening/system-auth] ***
ok: [localhost]

TASK [/stigforge/roles/ol10_stig : Ensure PAM Enforces Password Requirements - Minimum Different Categories - Ensure authselect changes are applied] ***
skipping: [localhost]

TASK [/stigforge/roles/ol10_stig : Ensure PAM Enforces Password Requirements - Minimum Different Categories - Ensure PAM variable minclass is set accordingly] ***
changed: [localhost]

TASK [/stigforge/roles/ol10_stig : Ensure PAM Enforces Password Requirements - Minimum Length - Check if /etc/pam.d/system-auth file is present] ***
ok: [localhost]

TASK [/stigforge/roles/ol10_stig : Ensure PAM Enforces Password Requirements - Minimum Length - Define the PAM file to be edited as a local fact] ***
ok: [localhost]

TASK [/stigforge/roles/ol10_stig : Ensure PAM Enforces Password Requirements - Minimum Length - Check if system relies on authselect tool] ***
ok: [localhost]

TASK [/stigforge/roles/ol10_stig : Ensure PAM Enforces Password Requirements - Minimum Length - Check integrity of authselect current profile] ***
ok: [localhost]

TASK [/stigforge/roles/ol10_stig : Ensure PAM Enforces Password Requirements - Minimum Length - Informative message based on the authselect integrity check result] ***
ok: [localhost] => {
    "changed": false,
    "msg": [
        "authselect integrity check passed"
    ]
}

TASK [/stigforge/roles/ol10_stig : Ensure PAM Enforces Password Requirements - Minimum Length - Get authselect current profile] ***
ok: [localhost]

TASK [/stigforge/roles/ol10_stig : Ensure PAM Enforces Password Requirements - Minimum Length - Define the current authselect profile as a local fact] ***
ok: [localhost]

TASK [/stigforge/roles/ol10_stig : Ensure PAM Enforces Password Requirements - Minimum Length - Define the new authselect custom profile as a local fact] ***
skipping: [localhost]

TASK [/stigforge/roles/ol10_stig : Ensure PAM Enforces Password Requirements - Minimum Length - Get authselect current features to also enable them in the custom profile] ***
skipping: [localhost]

TASK [/stigforge/roles/ol10_stig : Ensure PAM Enforces Password Requirements - Minimum Length - Check if any custom profile with the same name was already created] ***
skipping: [localhost]

TASK [/stigforge/roles/ol10_stig : Ensure PAM Enforces Password Requirements - Minimum Length - Create an authselect custom profile based on the current profile] ***
skipping: [localhost]

TASK [/stigforge/roles/ol10_stig : Ensure PAM Enforces Password Requirements - Minimum Length - Create an authselect custom profile based on sssd profile] ***
skipping: [localhost]

TASK [/stigforge/roles/ol10_stig : Ensure PAM Enforces Password Requirements - Minimum Length - Ensure authselect changes are applied] ***
skipping: [localhost]

TASK [/stigforge/roles/ol10_stig : Ensure PAM Enforces Password Requirements - Minimum Length - Ensure the authselect custom profile is selected] ***
skipping: [localhost]

TASK [/stigforge/roles/ol10_stig : Ensure PAM Enforces Password Requirements - Minimum Length - Restore the authselect features in the custom profile] ***
skipping: [localhost]

TASK [/stigforge/roles/ol10_stig : Ensure PAM Enforces Password Requirements - Minimum Length - Ensure authselect changes are applied] ***
skipping: [localhost]

TASK [/stigforge/roles/ol10_stig : Ensure PAM Enforces Password Requirements - Minimum Length - Change the PAM file to be edited according to the custom authselect profile] ***
ok: [localhost]

TASK [/stigforge/roles/ol10_stig : Ensure PAM Enforces Password Requirements - Minimum Length - Define a fact for control already filtered in case filters are used] ***
ok: [localhost]

TASK [/stigforge/roles/ol10_stig : Ensure PAM Enforces Password Requirements - Minimum Length - Check if /etc/authselect/custom/hardening/system-auth file is present] ***
ok: [localhost]

TASK [/stigforge/roles/ol10_stig : Ensure PAM Enforces Password Requirements - Minimum Length - Ensure the "minlen" option from "pam_pwquality.so" is not present in /etc/authselect/custom/hardening/system-auth] ***
ok: [localhost]

TASK [/stigforge/roles/ol10_stig : Ensure PAM Enforces Password Requirements - Minimum Length - Ensure authselect changes are applied] ***
skipping: [localhost]

TASK [/stigforge/roles/ol10_stig : Ensure PAM Enforces Password Requirements - Minimum Length - Ensure PAM variable minlen is set accordingly] ***
changed: [localhost]

TASK [/stigforge/roles/ol10_stig : Ensure PAM Enforces Password Requirements - Minimum Special Characters - Check if /etc/pam.d/system-auth file is present] ***
ok: [localhost]

TASK [/stigforge/roles/ol10_stig : Ensure PAM Enforces Password Requirements - Minimum Special Characters - Define the PAM file to be edited as a local fact] ***
ok: [localhost]

TASK [/stigforge/roles/ol10_stig : Ensure PAM Enforces Password Requirements - Minimum Special Characters - Check if system relies on authselect tool] ***
ok: [localhost]

TASK [/stigforge/roles/ol10_stig : Ensure PAM Enforces Password Requirements - Minimum Special Characters - Check integrity of authselect current profile] ***
ok: [localhost]

TASK [/stigforge/roles/ol10_stig : Ensure PAM Enforces Password Requirements - Minimum Special Characters - Informative message based on the authselect integrity check result] ***
ok: [localhost] => {
    "changed": false,
    "msg": [
        "authselect integrity check passed"
    ]
}

TASK [/stigforge/roles/ol10_stig : Ensure PAM Enforces Password Requirements - Minimum Special Characters - Get authselect current profile] ***
ok: [localhost]

TASK [/stigforge/roles/ol10_stig : Ensure PAM Enforces Password Requirements - Minimum Special Characters - Define the current authselect profile as a local fact] ***
ok: [localhost]

TASK [/stigforge/roles/ol10_stig : Ensure PAM Enforces Password Requirements - Minimum Special Characters - Define the new authselect custom profile as a local fact] ***
skipping: [localhost]

TASK [/stigforge/roles/ol10_stig : Ensure PAM Enforces Password Requirements - Minimum Special Characters - Get authselect current features to also enable them in the custom profile] ***
skipping: [localhost]

TASK [/stigforge/roles/ol10_stig : Ensure PAM Enforces Password Requirements - Minimum Special Characters - Check if any custom profile with the same name was already created] ***
skipping: [localhost]

TASK [/stigforge/roles/ol10_stig : Ensure PAM Enforces Password Requirements - Minimum Special Characters - Create an authselect custom profile based on the current profile] ***
skipping: [localhost]

TASK [/stigforge/roles/ol10_stig : Ensure PAM Enforces Password Requirements - Minimum Special Characters - Create an authselect custom profile based on sssd profile] ***
skipping: [localhost]

TASK [/stigforge/roles/ol10_stig : Ensure PAM Enforces Password Requirements - Minimum Special Characters - Ensure authselect changes are applied] ***
skipping: [localhost]

TASK [/stigforge/roles/ol10_stig : Ensure PAM Enforces Password Requirements - Minimum Special Characters - Ensure the authselect custom profile is selected] ***
skipping: [localhost]

TASK [/stigforge/roles/ol10_stig : Ensure PAM Enforces Password Requirements - Minimum Special Characters - Restore the authselect features in the custom profile] ***
skipping: [localhost]

TASK [/stigforge/roles/ol10_stig : Ensure PAM Enforces Password Requirements - Minimum Special Characters - Ensure authselect changes are applied] ***
skipping: [localhost]

TASK [/stigforge/roles/ol10_stig : Ensure PAM Enforces Password Requirements - Minimum Special Characters - Change the PAM file to be edited according to the custom authselect profile] ***
ok: [localhost]

TASK [/stigforge/roles/ol10_stig : Ensure PAM Enforces Password Requirements - Minimum Special Characters - Define a fact for control already filtered in case filters are used] ***
ok: [localhost]

TASK [/stigforge/roles/ol10_stig : Ensure PAM Enforces Password Requirements - Minimum Special Characters - Check if /etc/authselect/custom/hardening/system-auth file is present] ***
ok: [localhost]

TASK [/stigforge/roles/ol10_stig : Ensure PAM Enforces Password Requirements - Minimum Special Characters - Ensure the "ocredit" option from "pam_pwquality.so" is not present in /etc/authselect/custom/hardening/system-auth] ***
ok: [localhost]

TASK [/stigforge/roles/ol10_stig : Ensure PAM Enforces Password Requirements - Minimum Special Characters - Ensure authselect changes are applied] ***
skipping: [localhost]

TASK [/stigforge/roles/ol10_stig : Ensure PAM Enforces Password Requirements - Minimum Special Characters - Ensure PAM variable ocredit is set accordingly] ***
changed: [localhost]

TASK [/stigforge/roles/ol10_stig : Ensure PAM password complexity module is enabled in password-auth - Check if /etc/pam.d/password-auth file is present] ***
ok: [localhost]

TASK [/stigforge/roles/ol10_stig : Ensure PAM password complexity module is enabled in password-auth - Define the PAM file to be edited as a local fact] ***
ok: [localhost]

TASK [/stigforge/roles/ol10_stig : Ensure PAM password complexity module is enabled in password-auth - Check if system relies on authselect tool] ***
ok: [localhost]

TASK [/stigforge/roles/ol10_stig : Ensure PAM password complexity module is enabled in password-auth - Check integrity of authselect current profile] ***
ok: [localhost]

TASK [/stigforge/roles/ol10_stig : Ensure PAM password complexity module is enabled in password-auth - Informative message based on the authselect integrity check result] ***
ok: [localhost] => {
    "changed": false,
    "msg": [
        "authselect integrity check passed"
    ]
}

TASK [/stigforge/roles/ol10_stig : Ensure PAM password complexity module is enabled in password-auth - Get authselect current profile] ***
ok: [localhost]

TASK [/stigforge/roles/ol10_stig : Ensure PAM password complexity module is enabled in password-auth - Define the current authselect profile as a local fact] ***
ok: [localhost]

TASK [/stigforge/roles/ol10_stig : Ensure PAM password complexity module is enabled in password-auth - Define the new authselect custom profile as a local fact] ***
skipping: [localhost]

TASK [/stigforge/roles/ol10_stig : Ensure PAM password complexity module is enabled in password-auth - Get authselect current features to also enable them in the custom profile] ***
skipping: [localhost]

TASK [/stigforge/roles/ol10_stig : Ensure PAM password complexity module is enabled in password-auth - Check if any custom profile with the same name was already created] ***
skipping: [localhost]

TASK [/stigforge/roles/ol10_stig : Ensure PAM password complexity module is enabled in password-auth - Create an authselect custom profile based on the current profile] ***
skipping: [localhost]

TASK [/stigforge/roles/ol10_stig : Ensure PAM password complexity module is enabled in password-auth - Create an authselect custom profile based on sssd profile] ***
skipping: [localhost]

TASK [/stigforge/roles/ol10_stig : Ensure PAM password complexity module is enabled in password-auth - Ensure authselect changes are applied] ***
skipping: [localhost]

TASK [/stigforge/roles/ol10_stig : Ensure PAM password complexity module is enabled in password-auth - Ensure the authselect custom profile is selected] ***
skipping: [localhost]

TASK [/stigforge/roles/ol10_stig : Ensure PAM password complexity module is enabled in password-auth - Restore the authselect features in the custom profile] ***
skipping: [localhost]

TASK [/stigforge/roles/ol10_stig : Ensure PAM password complexity module is enabled in password-auth - Ensure authselect changes are applied] ***
skipping: [localhost]

TASK [/stigforge/roles/ol10_stig : Ensure PAM password complexity module is enabled in password-auth - Change the PAM file to be edited according to the custom authselect profile] ***
ok: [localhost]

TASK [/stigforge/roles/ol10_stig : Ensure PAM password complexity module is enabled in password-auth - Define a fact for control already filtered in case filters are used] ***
ok: [localhost]

TASK [/stigforge/roles/ol10_stig : Ensure PAM password complexity module is enabled in password-auth - Check if expected PAM module line is present in /etc/authselect/custom/hardening/password-auth] ***
ok: [localhost]

TASK [/stigforge/roles/ol10_stig : Ensure PAM password complexity module is enabled in password-auth - Check if required PAM module line is present in /etc/authselect/custom/hardening/password-auth with different control] ***
skipping: [localhost]

TASK [/stigforge/roles/ol10_stig : Ensure PAM password complexity module is enabled in password-auth - Ensure the correct control for the required PAM module line in /etc/authselect/custom/hardening/password-auth] ***
skipping: [localhost]

TASK [/stigforge/roles/ol10_stig : Ensure PAM password complexity module is enabled in password-auth - Ensure the required PAM module line is included in /etc/authselect/custom/hardening/password-auth] ***
skipping: [localhost]

TASK [/stigforge/roles/ol10_stig : Ensure PAM password complexity module is enabled in password-auth - Ensure authselect changes are applied] ***
skipping: [localhost]

TASK [/stigforge/roles/ol10_stig : Ensure PAM password complexity module is enabled in password-auth - Ensure authselect changes are applied] ***
skipping: [localhost]

TASK [/stigforge/roles/ol10_stig : Ensure PAM Enforces Password Requirements - Authentication Retry Prompts Permitted Per-Session in /etc/security/pwquality.conf - Check if /etc/pam.d/system-auth file is present] ***
ok: [localhost]

TASK [/stigforge/roles/ol10_stig : Ensure PAM Enforces Password Requirements - Authentication Retry Prompts Permitted Per-Session in /etc/security/pwquality.conf - Define the PAM file to be edited as a local fact] ***
ok: [localhost]

TASK [/stigforge/roles/ol10_stig : Ensure PAM Enforces Password Requirements - Authentication Retry Prompts Permitted Per-Session in /etc/security/pwquality.conf - Check if system relies on authselect tool] ***
ok: [localhost]

TASK [/stigforge/roles/ol10_stig : Ensure PAM Enforces Password Requirements - Authentication Retry Prompts Permitted Per-Session in /etc/security/pwquality.conf - Check integrity of authselect current profile] ***
ok: [localhost]

TASK [/stigforge/roles/ol10_stig : Ensure PAM Enforces Password Requirements - Authentication Retry Prompts Permitted Per-Session in /etc/security/pwquality.conf - Informative message based on the authselect integrity check result] ***
ok: [localhost] => {
    "changed": false,
    "msg": [
        "authselect integrity check passed"
    ]
}

TASK [/stigforge/roles/ol10_stig : Ensure PAM Enforces Password Requirements - Authentication Retry Prompts Permitted Per-Session in /etc/security/pwquality.conf - Get authselect current profile] ***
ok: [localhost]

TASK [/stigforge/roles/ol10_stig : Ensure PAM Enforces Password Requirements - Authentication Retry Prompts Permitted Per-Session in /etc/security/pwquality.conf - Define the current authselect profile as a local fact] ***
ok: [localhost]

TASK [/stigforge/roles/ol10_stig : Ensure PAM Enforces Password Requirements - Authentication Retry Prompts Permitted Per-Session in /etc/security/pwquality.conf - Define the new authselect custom profile as a local fact] ***
skipping: [localhost]

TASK [/stigforge/roles/ol10_stig : Ensure PAM Enforces Password Requirements - Authentication Retry Prompts Permitted Per-Session in /etc/security/pwquality.conf - Get authselect current features to also enable them in the custom profile] ***
skipping: [localhost]

TASK [/stigforge/roles/ol10_stig : Ensure PAM Enforces Password Requirements - Authentication Retry Prompts Permitted Per-Session in /etc/security/pwquality.conf - Check if any custom profile with the same name was already created] ***
skipping: [localhost]

TASK [/stigforge/roles/ol10_stig : Ensure PAM Enforces Password Requirements - Authentication Retry Prompts Permitted Per-Session in /etc/security/pwquality.conf - Create an authselect custom profile based on the current profile] ***
skipping: [localhost]

TASK [/stigforge/roles/ol10_stig : Ensure PAM Enforces Password Requirements - Authentication Retry Prompts Permitted Per-Session in /etc/security/pwquality.conf - Create an authselect custom profile based on sssd profile] ***
skipping: [localhost]

TASK [/stigforge/roles/ol10_stig : Ensure PAM Enforces Password Requirements - Authentication Retry Prompts Permitted Per-Session in /etc/security/pwquality.conf - Ensure authselect changes are applied] ***
skipping: [localhost]

TASK [/stigforge/roles/ol10_stig : Ensure PAM Enforces Password Requirements - Authentication Retry Prompts Permitted Per-Session in /etc/security/pwquality.conf - Ensure the authselect custom profile is selected] ***
skipping: [localhost]

TASK [/stigforge/roles/ol10_stig : Ensure PAM Enforces Password Requirements - Authentication Retry Prompts Permitted Per-Session in /etc/security/pwquality.conf - Restore the authselect features in the custom profile] ***
skipping: [localhost]

TASK [/stigforge/roles/ol10_stig : Ensure PAM Enforces Password Requirements - Authentication Retry Prompts Permitted Per-Session in /etc/security/pwquality.conf - Ensure authselect changes are applied] ***
skipping: [localhost]

TASK [/stigforge/roles/ol10_stig : Ensure PAM Enforces Password Requirements - Authentication Retry Prompts Permitted Per-Session in /etc/security/pwquality.conf - Change the PAM file to be edited according to the custom authselect profile] ***
ok: [localhost]

TASK [/stigforge/roles/ol10_stig : Ensure PAM Enforces Password Requirements - Authentication Retry Prompts Permitted Per-Session in /etc/security/pwquality.conf - Define a fact for control already filtered in case filters are used] ***
ok: [localhost]

TASK [/stigforge/roles/ol10_stig : Ensure PAM Enforces Password Requirements - Authentication Retry Prompts Permitted Per-Session in /etc/security/pwquality.conf - Check if /etc/authselect/custom/hardening/system-auth file is present] ***
ok: [localhost]

TASK [/stigforge/roles/ol10_stig : Ensure PAM Enforces Password Requirements - Authentication Retry Prompts Permitted Per-Session in /etc/security/pwquality.conf - Ensure the "retry" option from "pam_pwquality.so" is not present in /etc/authselect/custom/hardening/system-auth] ***
ok: [localhost]

TASK [/stigforge/roles/ol10_stig : Ensure PAM Enforces Password Requirements - Authentication Retry Prompts Permitted Per-Session in /etc/security/pwquality.conf - Ensure authselect changes are applied] ***
skipping: [localhost]

TASK [/stigforge/roles/ol10_stig : Ensure PAM Enforces Password Requirements - Authentication Retry Prompts Permitted Per-Session in /etc/security/pwquality.conf - Ensure PAM variable retry is set accordingly] ***
changed: [localhost]

TASK [/stigforge/roles/ol10_stig : Ensure PAM password complexity module is enabled in system-auth - Check if /etc/pam.d/system-auth file is present] ***
ok: [localhost]

TASK [/stigforge/roles/ol10_stig : Ensure PAM password complexity module is enabled in system-auth - Define the PAM file to be edited as a local fact] ***
ok: [localhost]

TASK [/stigforge/roles/ol10_stig : Ensure PAM password complexity module is enabled in system-auth - Check if system relies on authselect tool] ***
ok: [localhost]

TASK [/stigforge/roles/ol10_stig : Ensure PAM password complexity module is enabled in system-auth - Check integrity of authselect current profile] ***
ok: [localhost]

TASK [/stigforge/roles/ol10_stig : Ensure PAM password complexity module is enabled in system-auth - Informative message based on the authselect integrity check result] ***
ok: [localhost] => {
    "changed": false,
    "msg": [
        "authselect integrity check passed"
    ]
}

TASK [/stigforge/roles/ol10_stig : Ensure PAM password complexity module is enabled in system-auth - Get authselect current profile] ***
ok: [localhost]

TASK [/stigforge/roles/ol10_stig : Ensure PAM password complexity module is enabled in system-auth - Define the current authselect profile as a local fact] ***
ok: [localhost]

TASK [/stigforge/roles/ol10_stig : Ensure PAM password complexity module is enabled in system-auth - Define the new authselect custom profile as a local fact] ***
skipping: [localhost]

TASK [/stigforge/roles/ol10_stig : Ensure PAM password complexity module is enabled in system-auth - Get authselect current features to also enable them in the custom profile] ***
skipping: [localhost]

TASK [/stigforge/roles/ol10_stig : Ensure PAM password complexity module is enabled in system-auth - Check if any custom profile with the same name was already created] ***
skipping: [localhost]

TASK [/stigforge/roles/ol10_stig : Ensure PAM password complexity module is enabled in system-auth - Create an authselect custom profile based on the current profile] ***
skipping: [localhost]

TASK [/stigforge/roles/ol10_stig : Ensure PAM password complexity module is enabled in system-auth - Create an authselect custom profile based on sssd profile] ***
skipping: [localhost]

TASK [/stigforge/roles/ol10_stig : Ensure PAM password complexity module is enabled in system-auth - Ensure authselect changes are applied] ***
skipping: [localhost]

TASK [/stigforge/roles/ol10_stig : Ensure PAM password complexity module is enabled in system-auth - Ensure the authselect custom profile is selected] ***
skipping: [localhost]

TASK [/stigforge/roles/ol10_stig : Ensure PAM password complexity module is enabled in system-auth - Restore the authselect features in the custom profile] ***
skipping: [localhost]

TASK [/stigforge/roles/ol10_stig : Ensure PAM password complexity module is enabled in system-auth - Ensure authselect changes are applied] ***
skipping: [localhost]

TASK [/stigforge/roles/ol10_stig : Ensure PAM password complexity module is enabled in system-auth - Change the PAM file to be edited according to the custom authselect profile] ***
ok: [localhost]

TASK [/stigforge/roles/ol10_stig : Ensure PAM password complexity module is enabled in system-auth - Define a fact for control already filtered in case filters are used] ***
ok: [localhost]

TASK [/stigforge/roles/ol10_stig : Ensure PAM password complexity module is enabled in system-auth - Check if expected PAM module line is present in /etc/authselect/custom/hardening/system-auth] ***
ok: [localhost]

TASK [/stigforge/roles/ol10_stig : Ensure PAM password complexity module is enabled in system-auth - Check if required PAM module line is present in /etc/authselect/custom/hardening/system-auth with different control] ***
skipping: [localhost]

TASK [/stigforge/roles/ol10_stig : Ensure PAM password complexity module is enabled in system-auth - Ensure the correct control for the required PAM module line in /etc/authselect/custom/hardening/system-auth] ***
skipping: [localhost]

TASK [/stigforge/roles/ol10_stig : Ensure PAM password complexity module is enabled in system-auth - Ensure the required PAM module line is included in /etc/authselect/custom/hardening/system-auth] ***
skipping: [localhost]

TASK [/stigforge/roles/ol10_stig : Ensure PAM password complexity module is enabled in system-auth - Ensure authselect changes are applied] ***
skipping: [localhost]

TASK [/stigforge/roles/ol10_stig : Ensure PAM password complexity module is enabled in system-auth - Ensure authselect changes are applied] ***
skipping: [localhost]

TASK [/stigforge/roles/ol10_stig : Ensure PAM Enforces Password Requirements - Minimum Uppercase Characters - Check if /etc/pam.d/system-auth file is present] ***
ok: [localhost]

TASK [/stigforge/roles/ol10_stig : Ensure PAM Enforces Password Requirements - Minimum Uppercase Characters - Define the PAM file to be edited as a local fact] ***
ok: [localhost]

TASK [/stigforge/roles/ol10_stig : Ensure PAM Enforces Password Requirements - Minimum Uppercase Characters - Check if system relies on authselect tool] ***
ok: [localhost]

TASK [/stigforge/roles/ol10_stig : Ensure PAM Enforces Password Requirements - Minimum Uppercase Characters - Check integrity of authselect current profile] ***
ok: [localhost]

TASK [/stigforge/roles/ol10_stig : Ensure PAM Enforces Password Requirements - Minimum Uppercase Characters - Informative message based on the authselect integrity check result] ***
ok: [localhost] => {
    "changed": false,
    "msg": [
        "authselect integrity check passed"
    ]
}

TASK [/stigforge/roles/ol10_stig : Ensure PAM Enforces Password Requirements - Minimum Uppercase Characters - Get authselect current profile] ***
ok: [localhost]

TASK [/stigforge/roles/ol10_stig : Ensure PAM Enforces Password Requirements - Minimum Uppercase Characters - Define the current authselect profile as a local fact] ***
ok: [localhost]

TASK [/stigforge/roles/ol10_stig : Ensure PAM Enforces Password Requirements - Minimum Uppercase Characters - Define the new authselect custom profile as a local fact] ***
skipping: [localhost]

TASK [/stigforge/roles/ol10_stig : Ensure PAM Enforces Password Requirements - Minimum Uppercase Characters - Get authselect current features to also enable them in the custom profile] ***
skipping: [localhost]

TASK [/stigforge/roles/ol10_stig : Ensure PAM Enforces Password Requirements - Minimum Uppercase Characters - Check if any custom profile with the same name was already created] ***
skipping: [localhost]

TASK [/stigforge/roles/ol10_stig : Ensure PAM Enforces Password Requirements - Minimum Uppercase Characters - Create an authselect custom profile based on the current profile] ***
skipping: [localhost]

TASK [/stigforge/roles/ol10_stig : Ensure PAM Enforces Password Requirements - Minimum Uppercase Characters - Create an authselect custom profile based on sssd profile] ***
skipping: [localhost]

TASK [/stigforge/roles/ol10_stig : Ensure PAM Enforces Password Requirements - Minimum Uppercase Characters - Ensure authselect changes are applied] ***
skipping: [localhost]

TASK [/stigforge/roles/ol10_stig : Ensure PAM Enforces Password Requirements - Minimum Uppercase Characters - Ensure the authselect custom profile is selected] ***
skipping: [localhost]

TASK [/stigforge/roles/ol10_stig : Ensure PAM Enforces Password Requirements - Minimum Uppercase Characters - Restore the authselect features in the custom profile] ***
skipping: [localhost]

TASK [/stigforge/roles/ol10_stig : Ensure PAM Enforces Password Requirements - Minimum Uppercase Characters - Ensure authselect changes are applied] ***
skipping: [localhost]

TASK [/stigforge/roles/ol10_stig : Ensure PAM Enforces Password Requirements - Minimum Uppercase Characters - Change the PAM file to be edited according to the custom authselect profile] ***
ok: [localhost]

TASK [/stigforge/roles/ol10_stig : Ensure PAM Enforces Password Requirements - Minimum Uppercase Characters - Define a fact for control already filtered in case filters are used] ***
ok: [localhost]

TASK [/stigforge/roles/ol10_stig : Ensure PAM Enforces Password Requirements - Minimum Uppercase Characters - Check if /etc/authselect/custom/hardening/system-auth file is present] ***
ok: [localhost]

TASK [/stigforge/roles/ol10_stig : Ensure PAM Enforces Password Requirements - Minimum Uppercase Characters - Ensure the "ucredit" option from "pam_pwquality.so" is not present in /etc/authselect/custom/hardening/system-auth] ***
ok: [localhost]

TASK [/stigforge/roles/ol10_stig : Ensure PAM Enforces Password Requirements - Minimum Uppercase Characters - Ensure authselect changes are applied] ***
skipping: [localhost]

TASK [/stigforge/roles/ol10_stig : Ensure PAM Enforces Password Requirements - Minimum Uppercase Characters - Ensure PAM variable ucredit is set accordingly] ***
changed: [localhost]

TASK [/stigforge/roles/ol10_stig : Set Password Hashing Algorithm in /etc/libuser.conf - Set Password Hashing Algorithm in /etc/libuser.conf] ***
skipping: [localhost]

TASK [/stigforge/roles/ol10_stig : Set Password Hashing Algorithm in /etc/login.defs] ***
changed: [localhost]

TASK [/stigforge/roles/ol10_stig : Set PAM's Password Hashing Algorithm - password-auth - Check if /etc/pam.d/password-auth file is present] ***
ok: [localhost]

TASK [/stigforge/roles/ol10_stig : Set PAM's Password Hashing Algorithm - password-auth - Define the PAM file to be edited as a local fact] ***
ok: [localhost]

TASK [/stigforge/roles/ol10_stig : Set PAM's Password Hashing Algorithm - password-auth - Check if system relies on authselect tool] ***
ok: [localhost]

TASK [/stigforge/roles/ol10_stig : Set PAM's Password Hashing Algorithm - password-auth - Check integrity of authselect current profile] ***
ok: [localhost]

TASK [/stigforge/roles/ol10_stig : Set PAM's Password Hashing Algorithm - password-auth - Informative message based on the authselect integrity check result] ***
ok: [localhost] => {
    "changed": false,
    "msg": [
        "authselect integrity check passed"
    ]
}

TASK [/stigforge/roles/ol10_stig : Set PAM's Password Hashing Algorithm - password-auth - Get authselect current profile] ***
ok: [localhost]

TASK [/stigforge/roles/ol10_stig : Set PAM's Password Hashing Algorithm - password-auth - Define the current authselect profile as a local fact] ***
ok: [localhost]

TASK [/stigforge/roles/ol10_stig : Set PAM's Password Hashing Algorithm - password-auth - Define the new authselect custom profile as a local fact] ***
skipping: [localhost]

TASK [/stigforge/roles/ol10_stig : Set PAM's Password Hashing Algorithm - password-auth - Get authselect current features to also enable them in the custom profile] ***
skipping: [localhost]

TASK [/stigforge/roles/ol10_stig : Set PAM's Password Hashing Algorithm - password-auth - Check if any custom profile with the same name was already created] ***
skipping: [localhost]

TASK [/stigforge/roles/ol10_stig : Set PAM's Password Hashing Algorithm - password-auth - Create an authselect custom profile based on the current profile] ***
skipping: [localhost]

TASK [/stigforge/roles/ol10_stig : Set PAM's Password Hashing Algorithm - password-auth - Create an authselect custom profile based on sssd profile] ***
skipping: [localhost]

TASK [/stigforge/roles/ol10_stig : Set PAM's Password Hashing Algorithm - password-auth - Ensure authselect changes are applied] ***
skipping: [localhost]

TASK [/stigforge/roles/ol10_stig : Set PAM's Password Hashing Algorithm - password-auth - Ensure the authselect custom profile is selected] ***
skipping: [localhost]

TASK [/stigforge/roles/ol10_stig : Set PAM's Password Hashing Algorithm - password-auth - Restore the authselect features in the custom profile] ***
skipping: [localhost]

TASK [/stigforge/roles/ol10_stig : Set PAM's Password Hashing Algorithm - password-auth - Ensure authselect changes are applied] ***
skipping: [localhost]

TASK [/stigforge/roles/ol10_stig : Set PAM's Password Hashing Algorithm - password-auth - Change the PAM file to be edited according to the custom authselect profile] ***
ok: [localhost]

TASK [/stigforge/roles/ol10_stig : Set PAM's Password Hashing Algorithm - password-auth - Define a fact for control already filtered in case filters are used] ***
ok: [localhost]

TASK [/stigforge/roles/ol10_stig : Set PAM's Password Hashing Algorithm - password-auth - Check if expected PAM module line is present in /etc/authselect/custom/hardening/password-auth] ***
ok: [localhost]

TASK [/stigforge/roles/ol10_stig : Set PAM's Password Hashing Algorithm - password-auth - Check if required PAM module line is present in /etc/authselect/custom/hardening/password-auth with different control] ***
skipping: [localhost]

TASK [/stigforge/roles/ol10_stig : Set PAM's Password Hashing Algorithm - password-auth - Ensure the correct control for the required PAM module line in /etc/authselect/custom/hardening/password-auth] ***
skipping: [localhost]

TASK [/stigforge/roles/ol10_stig : Set PAM's Password Hashing Algorithm - password-auth - Ensure the required PAM module line is included in /etc/authselect/custom/hardening/password-auth] ***
skipping: [localhost]

TASK [/stigforge/roles/ol10_stig : Set PAM's Password Hashing Algorithm - password-auth - Ensure authselect changes are applied] ***
skipping: [localhost]

TASK [/stigforge/roles/ol10_stig : Set PAM's Password Hashing Algorithm - password-auth - Define a fact for control already filtered in case filters are used] ***
ok: [localhost]

TASK [/stigforge/roles/ol10_stig : Set PAM's Password Hashing Algorithm - password-auth - Check if the required PAM module option is present in /etc/authselect/custom/hardening/password-auth] ***
ok: [localhost]

TASK [/stigforge/roles/ol10_stig : Set PAM's Password Hashing Algorithm - password-auth - Ensure the "sha512" PAM option for "pam_unix.so" is included in /etc/authselect/custom/hardening/password-auth] ***
changed: [localhost]

TASK [/stigforge/roles/ol10_stig : Set PAM's Password Hashing Algorithm - password-auth - Ensure authselect changes are applied] ***
changed: [localhost]

TASK [/stigforge/roles/ol10_stig : Set PAM's Password Hashing Algorithm - password-auth - Check if /etc/pam.d/password-auth File is Present] ***
ok: [localhost]

TASK [/stigforge/roles/ol10_stig : Set PAM's Password Hashing Algorithm - password-auth - Define the PAM file to be edited as a local fact] ***
ok: [localhost]

TASK [/stigforge/roles/ol10_stig : Set PAM's Password Hashing Algorithm - password-auth - Check if system relies on authselect tool] ***
ok: [localhost]

TASK [/stigforge/roles/ol10_stig : Set PAM's Password Hashing Algorithm - password-auth - Check integrity of authselect current profile] ***
ok: [localhost]

TASK [/stigforge/roles/ol10_stig : Set PAM's Password Hashing Algorithm - password-auth - Informative message based on the authselect integrity check result] ***
ok: [localhost] => {
    "changed": false,
    "msg": [
        "authselect integrity check passed"
    ]
}

TASK [/stigforge/roles/ol10_stig : Set PAM's Password Hashing Algorithm - password-auth - Get authselect current profile] ***
ok: [localhost]

TASK [/stigforge/roles/ol10_stig : Set PAM's Password Hashing Algorithm - password-auth - Define the current authselect profile as a local fact] ***
ok: [localhost]

TASK [/stigforge/roles/ol10_stig : Set PAM's Password Hashing Algorithm - password-auth - Define the new authselect custom profile as a local fact] ***
skipping: [localhost]

TASK [/stigforge/roles/ol10_stig : Set PAM's Password Hashing Algorithm - password-auth - Get authselect current features to also enable them in the custom profile] ***
skipping: [localhost]

TASK [/stigforge/roles/ol10_stig : Set PAM's Password Hashing Algorithm - password-auth - Check if any custom profile with the same name was already created] ***
skipping: [localhost]

TASK [/stigforge/roles/ol10_stig : Set PAM's Password Hashing Algorithm - password-auth - Create an authselect custom profile based on the current profile] ***
skipping: [localhost]

TASK [/stigforge/roles/ol10_stig : Set PAM's Password Hashing Algorithm - password-auth - Create an authselect custom profile based on sssd profile] ***
skipping: [localhost]

TASK [/stigforge/roles/ol10_stig : Set PAM's Password Hashing Algorithm - password-auth - Ensure authselect changes are applied] ***
skipping: [localhost]

TASK [/stigforge/roles/ol10_stig : Set PAM's Password Hashing Algorithm - password-auth - Ensure the authselect custom profile is selected] ***
skipping: [localhost]

TASK [/stigforge/roles/ol10_stig : Set PAM's Password Hashing Algorithm - password-auth - Restore the authselect features in the custom profile] ***
skipping: [localhost]

TASK [/stigforge/roles/ol10_stig : Set PAM's Password Hashing Algorithm - password-auth - Ensure authselect changes are applied] ***
skipping: [localhost]

TASK [/stigforge/roles/ol10_stig : Set PAM's Password Hashing Algorithm - password-auth - Change the PAM file to be edited according to the custom authselect profile] ***
ok: [localhost]

TASK [/stigforge/roles/ol10_stig : Set PAM's Password Hashing Algorithm - password-auth - Check if "/etc/authselect/custom/hardening/password-auth" File is Present] ***
ok: [localhost]

TASK [/stigforge/roles/ol10_stig : Set PAM's Password Hashing Algorithm - password-auth - Ensure That Only the Correct Hashing Algorithm Option For pam_unix.so Is Used in /etc/authselect/custom/hardening/password-auth] ***
skipping: [localhost] => (item=sha512) 
changed: [localhost] => (item=yescrypt)
ok: [localhost] => (item=gost_yescrypt)
ok: [localhost] => (item=blowfish)
ok: [localhost] => (item=sha256)
ok: [localhost] => (item=md5)
ok: [localhost] => (item=bigcrypt)

TASK [/stigforge/roles/ol10_stig : Set PAM's Password Hashing Algorithm - password-auth - Ensure authselect changes are applied] ***
changed: [localhost]

TASK [/stigforge/roles/ol10_stig : Set PAM's Password Hashing Algorithm - Check if /etc/pam.d/system-auth file is present] ***
ok: [localhost]

TASK [/stigforge/roles/ol10_stig : Set PAM's Password Hashing Algorithm - Define the PAM file to be edited as a local fact] ***
ok: [localhost]

TASK [/stigforge/roles/ol10_stig : Set PAM's Password Hashing Algorithm - Check if system relies on authselect tool] ***
ok: [localhost]

TASK [/stigforge/roles/ol10_stig : Set PAM's Password Hashing Algorithm - Check integrity of authselect current profile] ***
ok: [localhost]

TASK [/stigforge/roles/ol10_stig : Set PAM's Password Hashing Algorithm - Informative message based on the authselect integrity check result] ***
ok: [localhost] => {
    "changed": false,
    "msg": [
        "authselect integrity check passed"
    ]
}

TASK [/stigforge/roles/ol10_stig : Set PAM's Password Hashing Algorithm - Get authselect current profile] ***
ok: [localhost]

TASK [/stigforge/roles/ol10_stig : Set PAM's Password Hashing Algorithm - Define the current authselect profile as a local fact] ***
ok: [localhost]

TASK [/stigforge/roles/ol10_stig : Set PAM's Password Hashing Algorithm - Define the new authselect custom profile as a local fact] ***
skipping: [localhost]

TASK [/stigforge/roles/ol10_stig : Set PAM's Password Hashing Algorithm - Get authselect current features to also enable them in the custom profile] ***
skipping: [localhost]

TASK [/stigforge/roles/ol10_stig : Set PAM's Password Hashing Algorithm - Check if any custom profile with the same name was already created] ***
skipping: [localhost]

TASK [/stigforge/roles/ol10_stig : Set PAM's Password Hashing Algorithm - Create an authselect custom profile based on the current profile] ***
skipping: [localhost]

TASK [/stigforge/roles/ol10_stig : Set PAM's Password Hashing Algorithm - Create an authselect custom profile based on sssd profile] ***
skipping: [localhost]

TASK [/stigforge/roles/ol10_stig : Set PAM's Password Hashing Algorithm - Ensure authselect changes are applied] ***
skipping: [localhost]

TASK [/stigforge/roles/ol10_stig : Set PAM's Password Hashing Algorithm - Ensure the authselect custom profile is selected] ***
skipping: [localhost]

TASK [/stigforge/roles/ol10_stig : Set PAM's Password Hashing Algorithm - Restore the authselect features in the custom profile] ***
skipping: [localhost]

TASK [/stigforge/roles/ol10_stig : Set PAM's Password Hashing Algorithm - Ensure authselect changes are applied] ***
skipping: [localhost]

TASK [/stigforge/roles/ol10_stig : Set PAM's Password Hashing Algorithm - Change the PAM file to be edited according to the custom authselect profile] ***
ok: [localhost]

TASK [/stigforge/roles/ol10_stig : Set PAM's Password Hashing Algorithm - Define a fact for control already filtered in case filters are used] ***
ok: [localhost]

TASK [/stigforge/roles/ol10_stig : Set PAM's Password Hashing Algorithm - Check if expected PAM module line is present in /etc/authselect/custom/hardening/system-auth] ***
ok: [localhost]

TASK [/stigforge/roles/ol10_stig : Set PAM's Password Hashing Algorithm - Check if required PAM module line is present in /etc/authselect/custom/hardening/system-auth with different control] ***
skipping: [localhost]

TASK [/stigforge/roles/ol10_stig : Set PAM's Password Hashing Algorithm - Ensure the correct control for the required PAM module line in /etc/authselect/custom/hardening/system-auth] ***
skipping: [localhost]

TASK [/stigforge/roles/ol10_stig : Set PAM's Password Hashing Algorithm - Ensure the required PAM module line is included in /etc/authselect/custom/hardening/system-auth] ***
skipping: [localhost]

TASK [/stigforge/roles/ol10_stig : Set PAM's Password Hashing Algorithm - Ensure authselect changes are applied] ***
skipping: [localhost]

TASK [/stigforge/roles/ol10_stig : Set PAM's Password Hashing Algorithm - Define a fact for control already filtered in case filters are used] ***
ok: [localhost]

TASK [/stigforge/roles/ol10_stig : Set PAM's Password Hashing Algorithm - Check if the required PAM module option is present in /etc/authselect/custom/hardening/system-auth] ***
ok: [localhost]

TASK [/stigforge/roles/ol10_stig : Set PAM's Password Hashing Algorithm - Ensure the "sha512" PAM option for "pam_unix.so" is included in /etc/authselect/custom/hardening/system-auth] ***
changed: [localhost]

TASK [/stigforge/roles/ol10_stig : Set PAM's Password Hashing Algorithm - Ensure authselect changes are applied] ***
changed: [localhost]

TASK [/stigforge/roles/ol10_stig : Set PAM's Password Hashing Algorithm - Check if /etc/pam.d/system-auth File is Present] ***
ok: [localhost]

TASK [/stigforge/roles/ol10_stig : Set PAM's Password Hashing Algorithm - Define the PAM file to be edited as a local fact] ***
ok: [localhost]

TASK [/stigforge/roles/ol10_stig : Set PAM's Password Hashing Algorithm - Check if system relies on authselect tool] ***
ok: [localhost]

TASK [/stigforge/roles/ol10_stig : Set PAM's Password Hashing Algorithm - Check integrity of authselect current profile] ***
ok: [localhost]

TASK [/stigforge/roles/ol10_stig : Set PAM's Password Hashing Algorithm - Informative message based on the authselect integrity check result] ***
ok: [localhost] => {
    "changed": false,
    "msg": [
        "authselect integrity check passed"
    ]
}

TASK [/stigforge/roles/ol10_stig : Set PAM's Password Hashing Algorithm - Get authselect current profile] ***
ok: [localhost]

TASK [/stigforge/roles/ol10_stig : Set PAM's Password Hashing Algorithm - Define the current authselect profile as a local fact] ***
ok: [localhost]

TASK [/stigforge/roles/ol10_stig : Set PAM's Password Hashing Algorithm - Define the new authselect custom profile as a local fact] ***
skipping: [localhost]

TASK [/stigforge/roles/ol10_stig : Set PAM's Password Hashing Algorithm - Get authselect current features to also enable them in the custom profile] ***
skipping: [localhost]

TASK [/stigforge/roles/ol10_stig : Set PAM's Password Hashing Algorithm - Check if any custom profile with the same name was already created] ***
skipping: [localhost]

TASK [/stigforge/roles/ol10_stig : Set PAM's Password Hashing Algorithm - Create an authselect custom profile based on the current profile] ***
skipping: [localhost]

TASK [/stigforge/roles/ol10_stig : Set PAM's Password Hashing Algorithm - Create an authselect custom profile based on sssd profile] ***
skipping: [localhost]

TASK [/stigforge/roles/ol10_stig : Set PAM's Password Hashing Algorithm - Ensure authselect changes are applied] ***
skipping: [localhost]

TASK [/stigforge/roles/ol10_stig : Set PAM's Password Hashing Algorithm - Ensure the authselect custom profile is selected] ***
skipping: [localhost]

TASK [/stigforge/roles/ol10_stig : Set PAM's Password Hashing Algorithm - Restore the authselect features in the custom profile] ***
skipping: [localhost]

TASK [/stigforge/roles/ol10_stig : Set PAM's Password Hashing Algorithm - Ensure authselect changes are applied] ***
skipping: [localhost]

TASK [/stigforge/roles/ol10_stig : Set PAM's Password Hashing Algorithm - Change the PAM file to be edited according to the custom authselect profile] ***
ok: [localhost]

TASK [/stigforge/roles/ol10_stig : Set PAM's Password Hashing Algorithm - Check if "/etc/authselect/custom/hardening/system-auth" File is Present] ***
ok: [localhost]

TASK [/stigforge/roles/ol10_stig : Set PAM's Password Hashing Algorithm - Ensure That Only the Correct Hashing Algorithm Option For pam_unix.so Is Used in /etc/authselect/custom/hardening/system-auth] ***
skipping: [localhost] => (item=sha512) 
changed: [localhost] => (item=yescrypt)
ok: [localhost] => (item=gost_yescrypt)
ok: [localhost] => (item=blowfish)
ok: [localhost] => (item=sha256)
ok: [localhost] => (item=md5)
ok: [localhost] => (item=bigcrypt)

TASK [/stigforge/roles/ol10_stig : Set PAM's Password Hashing Algorithm - Ensure authselect changes are applied] ***
changed: [localhost]

TASK [/stigforge/roles/ol10_stig : Set Password Hashing Rounds in /etc/login.defs - extract contents of the file /etc/login.defs] ***
ok: [localhost]

TASK [/stigforge/roles/ol10_stig : Set Password Hashing Rounds in /etc/login.defs - extract the value of SHA_CRYPT_MIN_ROUNDS if present] ***
ok: [localhost]

TASK [/stigforge/roles/ol10_stig : Set Password Hashing Rounds in /etc/login.defs - extract the value of SHA_CRYPT_MAX_ROUNDS if present] ***
ok: [localhost]

TASK [/stigforge/roles/ol10_stig : Set Password Hashing Rounds in /etc/login.defs - Ensure SHA_CRYPT_MIN_ROUNDS has Minimum Value of 5000] ***
skipping: [localhost]

TASK [/stigforge/roles/ol10_stig : Set Password Hashing Rounds in /etc/login.defs - Ensure SHA_CRYPT_MAX_ROUNDS has Minimum Value of 5000] ***
skipping: [localhost]

TASK [/stigforge/roles/ol10_stig : Set Password Hashing Rounds in /etc/login.defs - SHA_CRYPT_MIN_ROUNDS add configuration if not found] ***
changed: [localhost]

TASK [/stigforge/roles/ol10_stig : Set Password Hashing Rounds in /etc/login.defs - SHA_CRYPT_MAX_ROUNDS add configuration if not found] ***
changed: [localhost]

TASK [/stigforge/roles/ol10_stig : Disable Ctrl-Alt-Del Burst Action] **********
skipping: [localhost]

TASK [/stigforge/roles/ol10_stig : Disable Ctrl-Alt-Del Reboot Activation] *****
skipping: [localhost]

TASK [/stigforge/roles/ol10_stig : Verify GRUB_DISABLE_RECOVERY=true] **********
skipping: [localhost]

TASK [/stigforge/roles/ol10_stig : Verify that Interactive Boot is Disabled in /etc/default/grub] ***
skipping: [localhost]

TASK [/stigforge/roles/ol10_stig : Verify that Interactive Boot is Disabled (runtime)] ***
skipping: [localhost]

TASK [/stigforge/roles/ol10_stig : Regen grub.cfg handle updated GRUB_DISABLE_RECOVERY and confirm_spawn] ***
skipping: [localhost]

TASK [/stigforge/roles/ol10_stig : Set 'StopIdleSessionSec' to '300' in the [Login] section of '/etc/systemd/logind.conf'] ***
skipping: [localhost]

TASK [/stigforge/roles/ol10_stig : Require Authentication for Single User Mode - find files which already override Execstart of rescue.service] ***
skipping: [localhost]

TASK [/stigforge/roles/ol10_stig : Require Authentication for Single User Mode - set files containing ExecStart overrides as target] ***
skipping: [localhost]

TASK [/stigforge/roles/ol10_stig : Require Authentication for Single User Mode - set default target for rescue.service override] ***
skipping: [localhost]

TASK [/stigforge/roles/ol10_stig : Require Authentication for Single User Mode - Require emergency user mode password] ***
skipping: [localhost]

TASK [/stigforge/roles/ol10_stig : Set Account Expiration Following Inactivity] ***
changed: [localhost]

TASK [/stigforge/roles/ol10_stig : Set Password Maximum Age] *******************
changed: [localhost]

TASK [/stigforge/roles/ol10_stig : Set Password Minimum Age] *******************
changed: [localhost]

TASK [/stigforge/roles/ol10_stig : Collect users with not correct maximum time period between password changes] ***
changed: [localhost]

TASK [/stigforge/roles/ol10_stig : Change the maximum time period between password changes] ***
skipping: [localhost]

TASK [/stigforge/roles/ol10_stig : Collect users with not correct minimum time period between password changes] ***
changed: [localhost]

TASK [/stigforge/roles/ol10_stig : Change the minimum time period between password changes] ***
skipping: [localhost]

TASK [/stigforge/roles/ol10_stig : Prevent Login to Accounts With Empty Password - Check if system relies on authselect] ***
skipping: [localhost]

TASK [/stigforge/roles/ol10_stig : Prevent Login to Accounts With Empty Password - Check integrity of authselect current profile] ***
skipping: [localhost]

TASK [/stigforge/roles/ol10_stig : Prevent Login to Accounts With Empty Password - Informative message based on the authselect integrity check result] ***
skipping: [localhost]

TASK [/stigforge/roles/ol10_stig : Prevent Login to Accounts With Empty Password - Get authselect current features] ***
skipping: [localhost]

TASK [/stigforge/roles/ol10_stig : Prevent Login to Accounts With Empty Password - Ensure "without-nullok" feature is enabled using authselect tool] ***
skipping: [localhost]

TASK [/stigforge/roles/ol10_stig : Prevent Login to Accounts With Empty Password - Ensure authselect changes are applied] ***
skipping: [localhost]

TASK [/stigforge/roles/ol10_stig : Prevent Login to Accounts With Empty Password - Remediate directly editing PAM files] ***
skipping: [localhost] => (item=/etc/pam.d/system-auth) 
skipping: [localhost] => (item=/etc/pam.d/password-auth) 
skipping: [localhost]

TASK [/stigforge/roles/ol10_stig : Collect users with no password] *************
skipping: [localhost]

TASK [/stigforge/roles/ol10_stig : Lock users with no password] ****************
skipping: [localhost]

TASK [/stigforge/roles/ol10_stig : Get all /etc/passwd file entries] ***********
ok: [localhost]

TASK [/stigforge/roles/ol10_stig : Lock the password of the user accounts other than root with uid 0] ***
skipping: [localhost] => (item={'key': 'bin', 'value': ['x', '1', '1', 'bin', '/bin', '/usr/sbin/nologin']}) 
skipping: [localhost] => (item={'key': 'daemon', 'value': ['x', '2', '2', 'daemon', '/sbin', '/usr/sbin/nologin']}) 
skipping: [localhost] => (item={'key': 'adm', 'value': ['x', '3', '4', 'adm', '/var/adm', '/usr/sbin/nologin']}) 
skipping: [localhost] => (item={'key': 'lp', 'value': ['x', '4', '7', 'lp', '/var/spool/lpd', '/usr/sbin/nologin']}) 
skipping: [localhost] => (item={'key': 'sync', 'value': ['x', '5', '0', 'sync', '/sbin', '/bin/sync']}) 
skipping: [localhost] => (item={'key': 'shutdown', 'value': ['x', '6', '0', 'shutdown', '/sbin', '/sbin/shutdown']}) 
skipping: [localhost] => (item={'key': 'halt', 'value': ['x', '7', '0', 'halt', '/sbin', '/sbin/halt']}) 
skipping: [localhost] => (item={'key': 'mail', 'value': ['x', '8', '12', 'mail', '/var/spool/mail', '/usr/sbin/nologin']}) 
skipping: [localhost] => (item={'key': 'operator', 'value': ['x', '11', '0', 'operator', '/root', '/usr/sbin/nologin']}) 
skipping: [localhost] => (item={'key': 'games', 'value': ['x', '12', '100', 'games', '/usr/games', '/usr/sbin/nologin']}) 
skipping: [localhost] => (item={'key': 'ftp', 'value': ['x', '14', '50', 'FTP User', '/var/ftp', '/usr/sbin/nologin']}) 
skipping: [localhost] => (item={'key': 'nobody', 'value': ['x', '65534', '65534', 'Kernel Overflow User', '/', '/usr/sbin/nologin']}) 
skipping: [localhost] => (item={'key': 'systemd-oom', 'value': ['x', '999', '999', 'systemd Userspace OOM Killer', '/', '/sbin/nologin']}) 
skipping: [localhost] => (item={'key': 'dbus', 'value': ['x', '81', '81', 'System Message Bus', '/', '/usr/sbin/nologin']}) 
skipping: [localhost] => (item={'key': 'tss', 'value': ['x', '59', '59', 'Account used for TPM access', '/', '/usr/sbin/nologin']}) 
skipping: [localhost] => (item={'key': 'sshd', 'value': ['x', '74', '74', 'Privilege-separated SSH', '/usr/share/empty.sshd', '/usr/sbin/nologin']}) 
skipping: [localhost] => (item={'key': 'unbound', 'value': ['x', '998', '998', 'Unbound DNS resolver', '/var/lib/unbound', '/sbin/nologin']}) 
skipping: [localhost]

TASK [/stigforge/roles/ol10_stig : Ensure that System Accounts Do Not Run a Shell Upon Login - Get All Local Users From /etc/passwd] ***
ok: [localhost]

TASK [/stigforge/roles/ol10_stig : Ensure that System Accounts Do Not Run a Shell Upon Login - Create local_users Variable From getent_passwd Facts] ***
ok: [localhost]

TASK [/stigforge/roles/ol10_stig : Ensure that System Accounts Do Not Run a Shell Upon Login -  Disable Login Shell for System Accounts] ***
skipping: [localhost] => (item={'key': 'root', 'value': ['x', '0', '0', 'Super User', '/root', '/bin/bash']}) 
changed: [localhost] => (item={'key': 'bin', 'value': ['x', '1', '1', 'bin', '/bin', '/usr/sbin/nologin']})
changed: [localhost] => (item={'key': 'daemon', 'value': ['x', '2', '2', 'daemon', '/sbin', '/usr/sbin/nologin']})
changed: [localhost] => (item={'key': 'adm', 'value': ['x', '3', '4', 'adm', '/var/adm', '/usr/sbin/nologin']})
changed: [localhost] => (item={'key': 'lp', 'value': ['x', '4', '7', 'lp', '/var/spool/lpd', '/usr/sbin/nologin']})
skipping: [localhost] => (item={'key': 'sync', 'value': ['x', '5', '0', 'sync', '/sbin', '/bin/sync']}) 
skipping: [localhost] => (item={'key': 'shutdown', 'value': ['x', '6', '0', 'shutdown', '/sbin', '/sbin/shutdown']}) 
skipping: [localhost] => (item={'key': 'halt', 'value': ['x', '7', '0', 'halt', '/sbin', '/sbin/halt']}) 
changed: [localhost] => (item={'key': 'mail', 'value': ['x', '8', '12', 'mail', '/var/spool/mail', '/usr/sbin/nologin']})
changed: [localhost] => (item={'key': 'operator', 'value': ['x', '11', '0', 'operator', '/root', '/usr/sbin/nologin']})
changed: [localhost] => (item={'key': 'games', 'value': ['x', '12', '100', 'games', '/usr/games', '/usr/sbin/nologin']})
changed: [localhost] => (item={'key': 'ftp', 'value': ['x', '14', '50', 'FTP User', '/var/ftp', '/usr/sbin/nologin']})
skipping: [localhost] => (item={'key': 'nobody', 'value': ['x', '65534', '65534', 'Kernel Overflow User', '/', '/usr/sbin/nologin']}) 
ok: [localhost] => (item={'key': 'systemd-oom', 'value': ['x', '999', '999', 'systemd Userspace OOM Killer', '/', '/sbin/nologin']})
changed: [localhost] => (item={'key': 'dbus', 'value': ['x', '81', '81', 'System Message Bus', '/', '/usr/sbin/nologin']})
changed: [localhost] => (item={'key': 'tss', 'value': ['x', '59', '59', 'Account used for TPM access', '/', '/usr/sbin/nologin']})
changed: [localhost] => (item={'key': 'sshd', 'value': ['x', '74', '74', 'Privilege-separated SSH', '/usr/share/empty.sshd', '/usr/sbin/nologin']})
ok: [localhost] => (item={'key': 'unbound', 'value': ['x', '998', '998', 'Unbound DNS resolver', '/var/lib/unbound', '/sbin/nologin']})

TASK [/stigforge/roles/ol10_stig : Restrict usage of su command only to members of wheel group] ***
changed: [localhost]

TASK [/stigforge/roles/ol10_stig : Check for duplicate values] *****************
ok: [localhost]

TASK [/stigforge/roles/ol10_stig : Deduplicate values from /etc/login.defs] ****
skipping: [localhost]

TASK [/stigforge/roles/ol10_stig : Insert correct line to /etc/login.defs] *****
changed: [localhost]

TASK [/stigforge/roles/ol10_stig : Set accounts logon fail delay] **************
changed: [localhost]

TASK [/stigforge/roles/ol10_stig : Find /etc/security/limits.d files containing maxlogins configuration] ***
ok: [localhost]

TASK [/stigforge/roles/ol10_stig : Limit the Number of Concurrent Login Sessions Allowed Per User in files from limits.d] ***
skipping: [localhost]

TASK [/stigforge/roles/ol10_stig : Limit the Number of Concurrent Login Sessions Allowed Per User] ***
changed: [localhost]

TASK [/stigforge/roles/ol10_stig : Correct any occurrence of TMOUT in /etc/profile] ***
skipping: [localhost]

TASK [/stigforge/roles/ol10_stig : Set Interactive Session Timeout] ************
skipping: [localhost]

TASK [/stigforge/roles/ol10_stig : User Initialization Files Must Not Run World-Writable Programs - Initialize variables] ***
ok: [localhost]

TASK [/stigforge/roles/ol10_stig : User Initialization Files Must Not Run World-Writable Programs - Get user's home dir list] ***
ok: [localhost]

TASK [/stigforge/roles/ol10_stig : User Initialization Files Must Not Run World-Writable Programs - Fill home_user_dirs] ***
skipping: [localhost] => (item={'user': 'root', 'data': ['x', '0', '0', 'Super User', '/root', '/bin/bash']}) 
skipping: [localhost] => (item={'user': 'bin', 'data': ['x', '1', '1', 'bin', '/bin', '/sbin/nologin']}) 
skipping: [localhost] => (item={'user': 'daemon', 'data': ['x', '2', '2', 'daemon', '/sbin', '/sbin/nologin']}) 
skipping: [localhost] => (item={'user': 'adm', 'data': ['x', '3', '4', 'adm', '/var/adm', '/sbin/nologin']}) 
skipping: [localhost] => (item={'user': 'lp', 'data': ['x', '4', '7', 'lp', '/var/spool/lpd', '/sbin/nologin']}) 
skipping: [localhost] => (item={'user': 'sync', 'data': ['x', '5', '0', 'sync', '/sbin', '/bin/sync']}) 
skipping: [localhost] => (item={'user': 'shutdown', 'data': ['x', '6', '0', 'shutdown', '/sbin', '/sbin/shutdown']}) 
skipping: [localhost] => (item={'user': 'halt', 'data': ['x', '7', '0', 'halt', '/sbin', '/sbin/halt']}) 
skipping: [localhost] => (item={'user': 'mail', 'data': ['x', '8', '12', 'mail', '/var/spool/mail', '/sbin/nologin']}) 
skipping: [localhost] => (item={'user': 'operator', 'data': ['x', '11', '0', 'operator', '/root', '/sbin/nologin']}) 
skipping: [localhost] => (item={'user': 'games', 'data': ['x', '12', '100', 'games', '/usr/games', '/sbin/nologin']}) 
skipping: [localhost] => (item={'user': 'ftp', 'data': ['x', '14', '50', 'FTP User', '/var/ftp', '/sbin/nologin']}) 
skipping: [localhost] => (item={'user': 'nobody', 'data': ['x', '65534', '65534', 'Kernel Overflow User', '/', '/usr/sbin/nologin']}) 
skipping: [localhost] => (item={'user': 'systemd-oom', 'data': ['x', '999', '999', 'systemd Userspace OOM Killer', '/', '/sbin/nologin']}) 
skipping: [localhost] => (item={'user': 'dbus', 'data': ['x', '81', '81', 'System Message Bus', '/', '/sbin/nologin']}) 
skipping: [localhost] => (item={'user': 'tss', 'data': ['x', '59', '59', 'Account used for TPM access', '/', '/sbin/nologin']}) 
skipping: [localhost] => (item={'user': 'sshd', 'data': ['x', '74', '74', 'Privilege-separated SSH', '/usr/share/empty.sshd', '/sbin/nologin']}) 
skipping: [localhost] => (item={'user': 'unbound', 'data': ['x', '998', '998', 'Unbound DNS resolver', '/var/lib/unbound', '/sbin/nologin']}) 
skipping: [localhost]

TASK [/stigforge/roles/ol10_stig : User Initialization Files Must Not Run World-Writable Programs - Get world writable files] ***
changed: [localhost]

TASK [/stigforge/roles/ol10_stig : User Initialization Files Must Not Run World-Writable Programs - Find referenced_files in init files] ***
skipping: [localhost]

TASK [/stigforge/roles/ol10_stig : User Initialization Files Must Not Run World-Writable Programs - Remove world writable permissions] ***
skipping: [localhost]

TASK [/stigforge/roles/ol10_stig : Get all local users from /etc/passwd] *******
ok: [localhost]

TASK [/stigforge/roles/ol10_stig : Create local_users variable from the getent output] ***
ok: [localhost]

TASK [/stigforge/roles/ol10_stig : Ensure interactive users have an exclusive home directory defined] ***
skipping: [localhost] => (item={'key': 'root', 'value': ['x', '0', '0', 'Super User', '/root', '/bin/bash']}) 
skipping: [localhost] => (item={'key': 'bin', 'value': ['x', '1', '1', 'bin', '/bin', '/sbin/nologin']}) 
skipping: [localhost] => (item={'key': 'daemon', 'value': ['x', '2', '2', 'daemon', '/sbin', '/sbin/nologin']}) 
skipping: [localhost] => (item={'key': 'adm', 'value': ['x', '3', '4', 'adm', '/var/adm', '/sbin/nologin']}) 
skipping: [localhost] => (item={'key': 'lp', 'value': ['x', '4', '7', 'lp', '/var/spool/lpd', '/sbin/nologin']}) 
skipping: [localhost] => (item={'key': 'sync', 'value': ['x', '5', '0', 'sync', '/sbin', '/bin/sync']}) 
skipping: [localhost] => (item={'key': 'shutdown', 'value': ['x', '6', '0', 'shutdown', '/sbin', '/sbin/shutdown']}) 
skipping: [localhost] => (item={'key': 'halt', 'value': ['x', '7', '0', 'halt', '/sbin', '/sbin/halt']}) 
skipping: [localhost] => (item={'key': 'mail', 'value': ['x', '8', '12', 'mail', '/var/spool/mail', '/sbin/nologin']}) 
skipping: [localhost] => (item={'key': 'operator', 'value': ['x', '11', '0', 'operator', '/root', '/sbin/nologin']}) 
skipping: [localhost] => (item={'key': 'games', 'value': ['x', '12', '100', 'games', '/usr/games', '/sbin/nologin']}) 
skipping: [localhost] => (item={'key': 'ftp', 'value': ['x', '14', '50', 'FTP User', '/var/ftp', '/sbin/nologin']}) 
skipping: [localhost] => (item={'key': 'nobody', 'value': ['x', '65534', '65534', 'Kernel Overflow User', '/', '/usr/sbin/nologin']}) 
skipping: [localhost] => (item={'key': 'systemd-oom', 'value': ['x', '999', '999', 'systemd Userspace OOM Killer', '/', '/sbin/nologin']}) 
skipping: [localhost] => (item={'key': 'dbus', 'value': ['x', '81', '81', 'System Message Bus', '/', '/sbin/nologin']}) 
skipping: [localhost] => (item={'key': 'tss', 'value': ['x', '59', '59', 'Account used for TPM access', '/', '/sbin/nologin']}) 
skipping: [localhost] => (item={'key': 'sshd', 'value': ['x', '74', '74', 'Privilege-separated SSH', '/usr/share/empty.sshd', '/sbin/nologin']}) 
skipping: [localhost] => (item={'key': 'unbound', 'value': ['x', '998', '998', 'Unbound DNS resolver', '/var/lib/unbound', '/sbin/nologin']}) 
skipping: [localhost]

TASK [/stigforge/roles/ol10_stig : Get all local users from /etc/passwd] *******
ok: [localhost]

TASK [/stigforge/roles/ol10_stig : Create local_users variable from the getent output] ***
ok: [localhost]

TASK [/stigforge/roles/ol10_stig : Ensure interactive users have a home directory exists] ***
skipping: [localhost] => (item={'key': 'root', 'value': ['x', '0', '0', 'Super User', '/root', '/bin/bash']}) 
skipping: [localhost] => (item={'key': 'bin', 'value': ['x', '1', '1', 'bin', '/bin', '/sbin/nologin']}) 
skipping: [localhost] => (item={'key': 'daemon', 'value': ['x', '2', '2', 'daemon', '/sbin', '/sbin/nologin']}) 
skipping: [localhost] => (item={'key': 'adm', 'value': ['x', '3', '4', 'adm', '/var/adm', '/sbin/nologin']}) 
skipping: [localhost] => (item={'key': 'lp', 'value': ['x', '4', '7', 'lp', '/var/spool/lpd', '/sbin/nologin']}) 
skipping: [localhost] => (item={'key': 'sync', 'value': ['x', '5', '0', 'sync', '/sbin', '/bin/sync']}) 
skipping: [localhost] => (item={'key': 'shutdown', 'value': ['x', '6', '0', 'shutdown', '/sbin', '/sbin/shutdown']}) 
skipping: [localhost] => (item={'key': 'halt', 'value': ['x', '7', '0', 'halt', '/sbin', '/sbin/halt']}) 
skipping: [localhost] => (item={'key': 'mail', 'value': ['x', '8', '12', 'mail', '/var/spool/mail', '/sbin/nologin']}) 
skipping: [localhost] => (item={'key': 'operator', 'value': ['x', '11', '0', 'operator', '/root', '/sbin/nologin']}) 
skipping: [localhost] => (item={'key': 'games', 'value': ['x', '12', '100', 'games', '/usr/games', '/sbin/nologin']}) 
skipping: [localhost] => (item={'key': 'ftp', 'value': ['x', '14', '50', 'FTP User', '/var/ftp', '/sbin/nologin']}) 
skipping: [localhost] => (item={'key': 'nobody', 'value': ['x', '65534', '65534', 'Kernel Overflow User', '/', '/usr/sbin/nologin']}) 
skipping: [localhost] => (item={'key': 'systemd-oom', 'value': ['x', '999', '999', 'systemd Userspace OOM Killer', '/', '/sbin/nologin']}) 
skipping: [localhost] => (item={'key': 'dbus', 'value': ['x', '81', '81', 'System Message Bus', '/', '/sbin/nologin']}) 
skipping: [localhost] => (item={'key': 'tss', 'value': ['x', '59', '59', 'Account used for TPM access', '/', '/sbin/nologin']}) 
skipping: [localhost] => (item={'key': 'sshd', 'value': ['x', '74', '74', 'Privilege-separated SSH', '/usr/share/empty.sshd', '/sbin/nologin']}) 
skipping: [localhost] => (item={'key': 'unbound', 'value': ['x', '998', '998', 'Unbound DNS resolver', '/var/lib/unbound', '/sbin/nologin']}) 
skipping: [localhost]

TASK [/stigforge/roles/ol10_stig : Get all local users from /etc/passwd] *******
ok: [localhost]

TASK [/stigforge/roles/ol10_stig : Create local_users variable from the getent output] ***
ok: [localhost]

TASK [/stigforge/roles/ol10_stig : Test for existence of home directories to avoid creating them, but only fixing group ownership] ***
skipping: [localhost] => (item={'key': 'root', 'value': ['x', '0', '0', 'Super User', '/root', '/bin/bash']}) 
skipping: [localhost] => (item={'key': 'bin', 'value': ['x', '1', '1', 'bin', '/bin', '/sbin/nologin']}) 
skipping: [localhost] => (item={'key': 'daemon', 'value': ['x', '2', '2', 'daemon', '/sbin', '/sbin/nologin']}) 
skipping: [localhost] => (item={'key': 'adm', 'value': ['x', '3', '4', 'adm', '/var/adm', '/sbin/nologin']}) 
skipping: [localhost] => (item={'key': 'lp', 'value': ['x', '4', '7', 'lp', '/var/spool/lpd', '/sbin/nologin']}) 
skipping: [localhost] => (item={'key': 'sync', 'value': ['x', '5', '0', 'sync', '/sbin', '/bin/sync']}) 
skipping: [localhost] => (item={'key': 'shutdown', 'value': ['x', '6', '0', 'shutdown', '/sbin', '/sbin/shutdown']}) 
skipping: [localhost] => (item={'key': 'halt', 'value': ['x', '7', '0', 'halt', '/sbin', '/sbin/halt']}) 
skipping: [localhost] => (item={'key': 'mail', 'value': ['x', '8', '12', 'mail', '/var/spool/mail', '/sbin/nologin']}) 
skipping: [localhost] => (item={'key': 'operator', 'value': ['x', '11', '0', 'operator', '/root', '/sbin/nologin']}) 
skipping: [localhost] => (item={'key': 'games', 'value': ['x', '12', '100', 'games', '/usr/games', '/sbin/nologin']}) 
skipping: [localhost] => (item={'key': 'ftp', 'value': ['x', '14', '50', 'FTP User', '/var/ftp', '/sbin/nologin']}) 
skipping: [localhost] => (item={'key': 'nobody', 'value': ['x', '65534', '65534', 'Kernel Overflow User', '/', '/usr/sbin/nologin']}) 
skipping: [localhost] => (item={'key': 'systemd-oom', 'value': ['x', '999', '999', 'systemd Userspace OOM Killer', '/', '/sbin/nologin']}) 
skipping: [localhost] => (item={'key': 'dbus', 'value': ['x', '81', '81', 'System Message Bus', '/', '/sbin/nologin']}) 
skipping: [localhost] => (item={'key': 'tss', 'value': ['x', '59', '59', 'Account used for TPM access', '/', '/sbin/nologin']}) 
skipping: [localhost] => (item={'key': 'sshd', 'value': ['x', '74', '74', 'Privilege-separated SSH', '/usr/share/empty.sshd', '/sbin/nologin']}) 
skipping: [localhost] => (item={'key': 'unbound', 'value': ['x', '998', '998', 'Unbound DNS resolver', '/var/lib/unbound', '/sbin/nologin']}) 
skipping: [localhost]

TASK [/stigforge/roles/ol10_stig : Ensure interactive local users are the group-owners of their respective home directories] ***
skipping: [localhost] => (item=[{'key': 'root', 'value': ['x', '0', '0', 'Super User', '/root', '/bin/bash']}, {'changed': False, 'skipped': True, 'skip_reason': 'Conditional result was False', 'false_condition': 'item.value[1]|int >= 1000', 'item': {'key': 'root', 'value': ['x', '0', '0', 'Super User', '/root', '/bin/bash']}, 'ansible_loop_var': 'item'}]) 
skipping: [localhost] => (item=[{'key': 'bin', 'value': ['x', '1', '1', 'bin', '/bin', '/sbin/nologin']}, {'changed': False, 'skipped': True, 'skip_reason': 'Conditional result was False', 'false_condition': 'item.value[1]|int >= 1000', 'item': {'key': 'bin', 'value': ['x', '1', '1', 'bin', '/bin', '/sbin/nologin']}, 'ansible_loop_var': 'item'}]) 
skipping: [localhost] => (item=[{'key': 'daemon', 'value': ['x', '2', '2', 'daemon', '/sbin', '/sbin/nologin']}, {'changed': False, 'skipped': True, 'skip_reason': 'Conditional result was False', 'false_condition': 'item.value[1]|int >= 1000', 'item': {'key': 'daemon', 'value': ['x', '2', '2', 'daemon', '/sbin', '/sbin/nologin']}, 'ansible_loop_var': 'item'}]) 
skipping: [localhost] => (item=[{'key': 'adm', 'value': ['x', '3', '4', 'adm', '/var/adm', '/sbin/nologin']}, {'changed': False, 'skipped': True, 'skip_reason': 'Conditional result was False', 'false_condition': 'item.value[1]|int >= 1000', 'item': {'key': 'adm', 'value': ['x', '3', '4', 'adm', '/var/adm', '/sbin/nologin']}, 'ansible_loop_var': 'item'}]) 
skipping: [localhost] => (item=[{'key': 'lp', 'value': ['x', '4', '7', 'lp', '/var/spool/lpd', '/sbin/nologin']}, {'changed': False, 'skipped': True, 'skip_reason': 'Conditional result was False', 'false_condition': 'item.value[1]|int >= 1000', 'item': {'key': 'lp', 'value': ['x', '4', '7', 'lp', '/var/spool/lpd', '/sbin/nologin']}, 'ansible_loop_var': 'item'}]) 
skipping: [localhost] => (item=[{'key': 'sync', 'value': ['x', '5', '0', 'sync', '/sbin', '/bin/sync']}, {'changed': False, 'skipped': True, 'skip_reason': 'Conditional result was False', 'false_condition': 'item.value[1]|int >= 1000', 'item': {'key': 'sync', 'value': ['x', '5', '0', 'sync', '/sbin', '/bin/sync']}, 'ansible_loop_var': 'item'}]) 
skipping: [localhost] => (item=[{'key': 'shutdown', 'value': ['x', '6', '0', 'shutdown', '/sbin', '/sbin/shutdown']}, {'changed': False, 'skipped': True, 'skip_reason': 'Conditional result was False', 'false_condition': 'item.value[1]|int >= 1000', 'item': {'key': 'shutdown', 'value': ['x', '6', '0', 'shutdown', '/sbin', '/sbin/shutdown']}, 'ansible_loop_var': 'item'}]) 
skipping: [localhost] => (item=[{'key': 'halt', 'value': ['x', '7', '0', 'halt', '/sbin', '/sbin/halt']}, {'changed': False, 'skipped': True, 'skip_reason': 'Conditional result was False', 'false_condition': 'item.value[1]|int >= 1000', 'item': {'key': 'halt', 'value': ['x', '7', '0', 'halt', '/sbin', '/sbin/halt']}, 'ansible_loop_var': 'item'}]) 
skipping: [localhost] => (item=[{'key': 'mail', 'value': ['x', '8', '12', 'mail', '/var/spool/mail', '/sbin/nologin']}, {'changed': False, 'skipped': True, 'skip_reason': 'Conditional result was False', 'false_condition': 'item.value[1]|int >= 1000', 'item': {'key': 'mail', 'value': ['x', '8', '12', 'mail', '/var/spool/mail', '/sbin/nologin']}, 'ansible_loop_var': 'item'}]) 
skipping: [localhost] => (item=[{'key': 'operator', 'value': ['x', '11', '0', 'operator', '/root', '/sbin/nologin']}, {'changed': False, 'skipped': True, 'skip_reason': 'Conditional result was False', 'false_condition': 'item.value[1]|int >= 1000', 'item': {'key': 'operator', 'value': ['x', '11', '0', 'operator', '/root', '/sbin/nologin']}, 'ansible_loop_var': 'item'}]) 
skipping: [localhost] => (item=[{'key': 'games', 'value': ['x', '12', '100', 'games', '/usr/games', '/sbin/nologin']}, {'changed': False, 'skipped': True, 'skip_reason': 'Conditional result was False', 'false_condition': 'item.value[1]|int >= 1000', 'item': {'key': 'games', 'value': ['x', '12', '100', 'games', '/usr/games', '/sbin/nologin']}, 'ansible_loop_var': 'item'}]) 
skipping: [localhost] => (item=[{'key': 'ftp', 'value': ['x', '14', '50', 'FTP User', '/var/ftp', '/sbin/nologin']}, {'changed': False, 'skipped': True, 'skip_reason': 'Conditional result was False', 'false_condition': 'item.value[1]|int >= 1000', 'item': {'key': 'ftp', 'value': ['x', '14', '50', 'FTP User', '/var/ftp', '/sbin/nologin']}, 'ansible_loop_var': 'item'}]) 
skipping: [localhost] => (item=[{'key': 'nobody', 'value': ['x', '65534', '65534', 'Kernel Overflow User', '/', '/usr/sbin/nologin']}, {'changed': False, 'skipped': True, 'skip_reason': 'Conditional result was False', 'false_condition': 'item.value[1]|int != 65534', 'item': {'key': 'nobody', 'value': ['x', '65534', '65534', 'Kernel Overflow User', '/', '/usr/sbin/nologin']}, 'ansible_loop_var': 'item'}]) 
skipping: [localhost] => (item=[{'key': 'systemd-oom', 'value': ['x', '999', '999', 'systemd Userspace OOM Killer', '/', '/sbin/nologin']}, {'changed': False, 'skipped': True, 'skip_reason': 'Conditional result was False', 'false_condition': 'item.value[1]|int >= 1000', 'item': {'key': 'systemd-oom', 'value': ['x', '999', '999', 'systemd Userspace OOM Killer', '/', '/sbin/nologin']}, 'ansible_loop_var': 'item'}]) 
skipping: [localhost] => (item=[{'key': 'dbus', 'value': ['x', '81', '81', 'System Message Bus', '/', '/sbin/nologin']}, {'changed': False, 'skipped': True, 'skip_reason': 'Conditional result was False', 'false_condition': 'item.value[1]|int >= 1000', 'item': {'key': 'dbus', 'value': ['x', '81', '81', 'System Message Bus', '/', '/sbin/nologin']}, 'ansible_loop_var': 'item'}]) 
skipping: [localhost] => (item=[{'key': 'tss', 'value': ['x', '59', '59', 'Account used for TPM access', '/', '/sbin/nologin']}, {'changed': False, 'skipped': True, 'skip_reason': 'Conditional result was False', 'false_condition': 'item.value[1]|int >= 1000', 'item': {'key': 'tss', 'value': ['x', '59', '59', 'Account used for TPM access', '/', '/sbin/nologin']}, 'ansible_loop_var': 'item'}]) 
skipping: [localhost] => (item=[{'key': 'sshd', 'value': ['x', '74', '74', 'Privilege-separated SSH', '/usr/share/empty.sshd', '/sbin/nologin']}, {'changed': False, 'skipped': True, 'skip_reason': 'Conditional result was False', 'false_condition': 'item.value[1]|int >= 1000', 'item': {'key': 'sshd', 'value': ['x', '74', '74', 'Privilege-separated SSH', '/usr/share/empty.sshd', '/sbin/nologin']}, 'ansible_loop_var': 'item'}]) 
skipping: [localhost] => (item=[{'key': 'unbound', 'value': ['x', '998', '998', 'Unbound DNS resolver', '/var/lib/unbound', '/sbin/nologin']}, {'changed': False, 'skipped': True, 'skip_reason': 'Conditional result was False', 'false_condition': 'item.value[1]|int >= 1000', 'item': {'key': 'unbound', 'value': ['x', '998', '998', 'Unbound DNS resolver', '/var/lib/unbound', '/sbin/nologin']}, 'ansible_loop_var': 'item'}]) 
skipping: [localhost]

TASK [/stigforge/roles/ol10_stig : Ensure All User Initialization Files Have Mode 0740 Or Less Permissive - Gather User Info] ***
ok: [localhost]

TASK [/stigforge/roles/ol10_stig : Ensure All User Initialization Files Have Mode 0740 Or Less Permissive - Find Init Files] ***
skipping: [localhost] => (item={'key': 'root', 'value': ['x', '0', '0', 'Super User', '/root', '/bin/bash']}) 
skipping: [localhost] => (item={'key': 'bin', 'value': ['x', '1', '1', 'bin', '/bin', '/sbin/nologin']}) 
skipping: [localhost] => (item={'key': 'daemon', 'value': ['x', '2', '2', 'daemon', '/sbin', '/sbin/nologin']}) 
skipping: [localhost] => (item={'key': 'adm', 'value': ['x', '3', '4', 'adm', '/var/adm', '/sbin/nologin']}) 
skipping: [localhost] => (item={'key': 'lp', 'value': ['x', '4', '7', 'lp', '/var/spool/lpd', '/sbin/nologin']}) 
skipping: [localhost] => (item={'key': 'sync', 'value': ['x', '5', '0', 'sync', '/sbin', '/bin/sync']}) 
skipping: [localhost] => (item={'key': 'shutdown', 'value': ['x', '6', '0', 'shutdown', '/sbin', '/sbin/shutdown']}) 
skipping: [localhost] => (item={'key': 'halt', 'value': ['x', '7', '0', 'halt', '/sbin', '/sbin/halt']}) 
skipping: [localhost] => (item={'key': 'mail', 'value': ['x', '8', '12', 'mail', '/var/spool/mail', '/sbin/nologin']}) 
skipping: [localhost] => (item={'key': 'operator', 'value': ['x', '11', '0', 'operator', '/root', '/sbin/nologin']}) 
skipping: [localhost] => (item={'key': 'games', 'value': ['x', '12', '100', 'games', '/usr/games', '/sbin/nologin']}) 
skipping: [localhost] => (item={'key': 'ftp', 'value': ['x', '14', '50', 'FTP User', '/var/ftp', '/sbin/nologin']}) 
skipping: [localhost] => (item={'key': 'nobody', 'value': ['x', '65534', '65534', 'Kernel Overflow User', '/', '/usr/sbin/nologin']}) 
skipping: [localhost] => (item={'key': 'systemd-oom', 'value': ['x', '999', '999', 'systemd Userspace OOM Killer', '/', '/sbin/nologin']}) 
skipping: [localhost] => (item={'key': 'dbus', 'value': ['x', '81', '81', 'System Message Bus', '/', '/sbin/nologin']}) 
skipping: [localhost] => (item={'key': 'tss', 'value': ['x', '59', '59', 'Account used for TPM access', '/', '/sbin/nologin']}) 
skipping: [localhost] => (item={'key': 'sshd', 'value': ['x', '74', '74', 'Privilege-separated SSH', '/usr/share/empty.sshd', '/sbin/nologin']}) 
skipping: [localhost] => (item={'key': 'unbound', 'value': ['x', '998', '998', 'Unbound DNS resolver', '/var/lib/unbound', '/sbin/nologin']}) 
skipping: [localhost]

TASK [/stigforge/roles/ol10_stig : Ensure All User Initialization Files Have Mode 0740 Or Less Permissive - Fix Init Files Permissions] ***
skipping: [localhost]

TASK [/stigforge/roles/ol10_stig : Ensure All User Initialization Files Have Mode 0740 Or Less Permissive - Gather User Info] ***
ok: [localhost]

TASK [/stigforge/roles/ol10_stig : Ensure All User Initialization Files Have Mode 0740 Or Less Permissive - Find Init Files] ***
ok: [localhost] => (item={'key': 'root', 'value': ['x', '0', '0', 'Super User', '/root', '/bin/bash']})
skipping: [localhost] => (item={'key': 'bin', 'value': ['x', '1', '1', 'bin', '/bin', '/sbin/nologin']}) 
skipping: [localhost] => (item={'key': 'daemon', 'value': ['x', '2', '2', 'daemon', '/sbin', '/sbin/nologin']}) 
skipping: [localhost] => (item={'key': 'adm', 'value': ['x', '3', '4', 'adm', '/var/adm', '/sbin/nologin']}) 
skipping: [localhost] => (item={'key': 'lp', 'value': ['x', '4', '7', 'lp', '/var/spool/lpd', '/sbin/nologin']}) 
skipping: [localhost] => (item={'key': 'sync', 'value': ['x', '5', '0', 'sync', '/sbin', '/bin/sync']}) 
skipping: [localhost] => (item={'key': 'shutdown', 'value': ['x', '6', '0', 'shutdown', '/sbin', '/sbin/shutdown']}) 
skipping: [localhost] => (item={'key': 'halt', 'value': ['x', '7', '0', 'halt', '/sbin', '/sbin/halt']}) 
skipping: [localhost] => (item={'key': 'mail', 'value': ['x', '8', '12', 'mail', '/var/spool/mail', '/sbin/nologin']}) 
skipping: [localhost] => (item={'key': 'operator', 'value': ['x', '11', '0', 'operator', '/root', '/sbin/nologin']}) 
skipping: [localhost] => (item={'key': 'games', 'value': ['x', '12', '100', 'games', '/usr/games', '/sbin/nologin']}) 
skipping: [localhost] => (item={'key': 'ftp', 'value': ['x', '14', '50', 'FTP User', '/var/ftp', '/sbin/nologin']}) 
skipping: [localhost] => (item={'key': 'nobody', 'value': ['x', '65534', '65534', 'Kernel Overflow User', '/', '/usr/sbin/nologin']}) 
skipping: [localhost] => (item={'key': 'systemd-oom', 'value': ['x', '999', '999', 'systemd Userspace OOM Killer', '/', '/sbin/nologin']}) 
skipping: [localhost] => (item={'key': 'dbus', 'value': ['x', '81', '81', 'System Message Bus', '/', '/sbin/nologin']}) 
skipping: [localhost] => (item={'key': 'tss', 'value': ['x', '59', '59', 'Account used for TPM access', '/', '/sbin/nologin']}) 
skipping: [localhost] => (item={'key': 'sshd', 'value': ['x', '74', '74', 'Privilege-separated SSH', '/usr/share/empty.sshd', '/sbin/nologin']}) 
skipping: [localhost] => (item={'key': 'unbound', 'value': ['x', '998', '998', 'Unbound DNS resolver', '/var/lib/unbound', '/sbin/nologin']}) 

TASK [/stigforge/roles/ol10_stig : Ensure All User Initialization Files Have Mode 0740 Or Less Permissive - Fix Init Files Permissions] ***
skipping: [localhost]

TASK [/stigforge/roles/ol10_stig : Get all local users from /etc/passwd] *******
ok: [localhost]

TASK [/stigforge/roles/ol10_stig : Create local_users variable from the getent output] ***
ok: [localhost]

TASK [/stigforge/roles/ol10_stig : Test for existence home directories to avoid creating them.] ***
skipping: [localhost] => (item={'key': 'root', 'value': ['x', '0', '0', 'Super User', '/root', '/bin/bash']}) 
skipping: [localhost] => (item={'key': 'bin', 'value': ['x', '1', '1', 'bin', '/bin', '/sbin/nologin']}) 
skipping: [localhost] => (item={'key': 'daemon', 'value': ['x', '2', '2', 'daemon', '/sbin', '/sbin/nologin']}) 
skipping: [localhost] => (item={'key': 'adm', 'value': ['x', '3', '4', 'adm', '/var/adm', '/sbin/nologin']}) 
skipping: [localhost] => (item={'key': 'lp', 'value': ['x', '4', '7', 'lp', '/var/spool/lpd', '/sbin/nologin']}) 
skipping: [localhost] => (item={'key': 'sync', 'value': ['x', '5', '0', 'sync', '/sbin', '/bin/sync']}) 
skipping: [localhost] => (item={'key': 'shutdown', 'value': ['x', '6', '0', 'shutdown', '/sbin', '/sbin/shutdown']}) 
skipping: [localhost] => (item={'key': 'halt', 'value': ['x', '7', '0', 'halt', '/sbin', '/sbin/halt']}) 
skipping: [localhost] => (item={'key': 'mail', 'value': ['x', '8', '12', 'mail', '/var/spool/mail', '/sbin/nologin']}) 
skipping: [localhost] => (item={'key': 'operator', 'value': ['x', '11', '0', 'operator', '/root', '/sbin/nologin']}) 
skipping: [localhost] => (item={'key': 'games', 'value': ['x', '12', '100', 'games', '/usr/games', '/sbin/nologin']}) 
skipping: [localhost] => (item={'key': 'ftp', 'value': ['x', '14', '50', 'FTP User', '/var/ftp', '/sbin/nologin']}) 
skipping: [localhost] => (item={'key': 'nobody', 'value': ['x', '65534', '65534', 'Kernel Overflow User', '/', '/usr/sbin/nologin']}) 
skipping: [localhost] => (item={'key': 'systemd-oom', 'value': ['x', '999', '999', 'systemd Userspace OOM Killer', '/', '/sbin/nologin']}) 
skipping: [localhost] => (item={'key': 'dbus', 'value': ['x', '81', '81', 'System Message Bus', '/', '/sbin/nologin']}) 
skipping: [localhost] => (item={'key': 'tss', 'value': ['x', '59', '59', 'Account used for TPM access', '/', '/sbin/nologin']}) 
skipping: [localhost] => (item={'key': 'sshd', 'value': ['x', '74', '74', 'Privilege-separated SSH', '/usr/share/empty.sshd', '/sbin/nologin']}) 
skipping: [localhost] => (item={'key': 'unbound', 'value': ['x', '998', '998', 'Unbound DNS resolver', '/var/lib/unbound', '/sbin/nologin']}) 
skipping: [localhost]

TASK [/stigforge/roles/ol10_stig : Ensure interactive local users have proper permissions on their respective home directories] ***
skipping: [localhost] => (item=[{'key': 'root', 'value': ['x', '0', '0', 'Super User', '/root', '/bin/bash']}, {'changed': False, 'skipped': True, 'skip_reason': 'Conditional result was False', 'false_condition': 'item.value[1]|int >= 1000', 'item': {'key': 'root', 'value': ['x', '0', '0', 'Super User', '/root', '/bin/bash']}, 'ansible_loop_var': 'item'}]) 
skipping: [localhost] => (item=[{'key': 'bin', 'value': ['x', '1', '1', 'bin', '/bin', '/sbin/nologin']}, {'changed': False, 'skipped': True, 'skip_reason': 'Conditional result was False', 'false_condition': 'item.value[1]|int >= 1000', 'item': {'key': 'bin', 'value': ['x', '1', '1', 'bin', '/bin', '/sbin/nologin']}, 'ansible_loop_var': 'item'}]) 
skipping: [localhost] => (item=[{'key': 'daemon', 'value': ['x', '2', '2', 'daemon', '/sbin', '/sbin/nologin']}, {'changed': False, 'skipped': True, 'skip_reason': 'Conditional result was False', 'false_condition': 'item.value[1]|int >= 1000', 'item': {'key': 'daemon', 'value': ['x', '2', '2', 'daemon', '/sbin', '/sbin/nologin']}, 'ansible_loop_var': 'item'}]) 
skipping: [localhost] => (item=[{'key': 'adm', 'value': ['x', '3', '4', 'adm', '/var/adm', '/sbin/nologin']}, {'changed': False, 'skipped': True, 'skip_reason': 'Conditional result was False', 'false_condition': 'item.value[1]|int >= 1000', 'item': {'key': 'adm', 'value': ['x', '3', '4', 'adm', '/var/adm', '/sbin/nologin']}, 'ansible_loop_var': 'item'}]) 
skipping: [localhost] => (item=[{'key': 'lp', 'value': ['x', '4', '7', 'lp', '/var/spool/lpd', '/sbin/nologin']}, {'changed': False, 'skipped': True, 'skip_reason': 'Conditional result was False', 'false_condition': 'item.value[1]|int >= 1000', 'item': {'key': 'lp', 'value': ['x', '4', '7', 'lp', '/var/spool/lpd', '/sbin/nologin']}, 'ansible_loop_var': 'item'}]) 
skipping: [localhost] => (item=[{'key': 'sync', 'value': ['x', '5', '0', 'sync', '/sbin', '/bin/sync']}, {'changed': False, 'skipped': True, 'skip_reason': 'Conditional result was False', 'false_condition': 'item.value[1]|int >= 1000', 'item': {'key': 'sync', 'value': ['x', '5', '0', 'sync', '/sbin', '/bin/sync']}, 'ansible_loop_var': 'item'}]) 
skipping: [localhost] => (item=[{'key': 'shutdown', 'value': ['x', '6', '0', 'shutdown', '/sbin', '/sbin/shutdown']}, {'changed': False, 'skipped': True, 'skip_reason': 'Conditional result was False', 'false_condition': 'item.value[1]|int >= 1000', 'item': {'key': 'shutdown', 'value': ['x', '6', '0', 'shutdown', '/sbin', '/sbin/shutdown']}, 'ansible_loop_var': 'item'}]) 
skipping: [localhost] => (item=[{'key': 'halt', 'value': ['x', '7', '0', 'halt', '/sbin', '/sbin/halt']}, {'changed': False, 'skipped': True, 'skip_reason': 'Conditional result was False', 'false_condition': 'item.value[1]|int >= 1000', 'item': {'key': 'halt', 'value': ['x', '7', '0', 'halt', '/sbin', '/sbin/halt']}, 'ansible_loop_var': 'item'}]) 
skipping: [localhost] => (item=[{'key': 'mail', 'value': ['x', '8', '12', 'mail', '/var/spool/mail', '/sbin/nologin']}, {'changed': False, 'skipped': True, 'skip_reason': 'Conditional result was False', 'false_condition': 'item.value[1]|int >= 1000', 'item': {'key': 'mail', 'value': ['x', '8', '12', 'mail', '/var/spool/mail', '/sbin/nologin']}, 'ansible_loop_var': 'item'}]) 
skipping: [localhost] => (item=[{'key': 'operator', 'value': ['x', '11', '0', 'operator', '/root', '/sbin/nologin']}, {'changed': False, 'skipped': True, 'skip_reason': 'Conditional result was False', 'false_condition': 'item.value[1]|int >= 1000', 'item': {'key': 'operator', 'value': ['x', '11', '0', 'operator', '/root', '/sbin/nologin']}, 'ansible_loop_var': 'item'}]) 
skipping: [localhost] => (item=[{'key': 'games', 'value': ['x', '12', '100', 'games', '/usr/games', '/sbin/nologin']}, {'changed': False, 'skipped': True, 'skip_reason': 'Conditional result was False', 'false_condition': 'item.value[1]|int >= 1000', 'item': {'key': 'games', 'value': ['x', '12', '100', 'games', '/usr/games', '/sbin/nologin']}, 'ansible_loop_var': 'item'}]) 
skipping: [localhost] => (item=[{'key': 'ftp', 'value': ['x', '14', '50', 'FTP User', '/var/ftp', '/sbin/nologin']}, {'changed': False, 'skipped': True, 'skip_reason': 'Conditional result was False', 'false_condition': 'item.value[1]|int >= 1000', 'item': {'key': 'ftp', 'value': ['x', '14', '50', 'FTP User', '/var/ftp', '/sbin/nologin']}, 'ansible_loop_var': 'item'}]) 
skipping: [localhost] => (item=[{'key': 'nobody', 'value': ['x', '65534', '65534', 'Kernel Overflow User', '/', '/usr/sbin/nologin']}, {'changed': False, 'skipped': True, 'skip_reason': 'Conditional result was False', 'false_condition': 'item.value[1]|int != 65534', 'item': {'key': 'nobody', 'value': ['x', '65534', '65534', 'Kernel Overflow User', '/', '/usr/sbin/nologin']}, 'ansible_loop_var': 'item'}]) 
skipping: [localhost] => (item=[{'key': 'systemd-oom', 'value': ['x', '999', '999', 'systemd Userspace OOM Killer', '/', '/sbin/nologin']}, {'changed': False, 'skipped': True, 'skip_reason': 'Conditional result was False', 'false_condition': 'item.value[1]|int >= 1000', 'item': {'key': 'systemd-oom', 'value': ['x', '999', '999', 'systemd Userspace OOM Killer', '/', '/sbin/nologin']}, 'ansible_loop_var': 'item'}]) 
skipping: [localhost] => (item=[{'key': 'dbus', 'value': ['x', '81', '81', 'System Message Bus', '/', '/sbin/nologin']}, {'changed': False, 'skipped': True, 'skip_reason': 'Conditional result was False', 'false_condition': 'item.value[1]|int >= 1000', 'item': {'key': 'dbus', 'value': ['x', '81', '81', 'System Message Bus', '/', '/sbin/nologin']}, 'ansible_loop_var': 'item'}]) 
skipping: [localhost] => (item=[{'key': 'tss', 'value': ['x', '59', '59', 'Account used for TPM access', '/', '/sbin/nologin']}, {'changed': False, 'skipped': True, 'skip_reason': 'Conditional result was False', 'false_condition': 'item.value[1]|int >= 1000', 'item': {'key': 'tss', 'value': ['x', '59', '59', 'Account used for TPM access', '/', '/sbin/nologin']}, 'ansible_loop_var': 'item'}]) 
skipping: [localhost] => (item=[{'key': 'sshd', 'value': ['x', '74', '74', 'Privilege-separated SSH', '/usr/share/empty.sshd', '/sbin/nologin']}, {'changed': False, 'skipped': True, 'skip_reason': 'Conditional result was False', 'false_condition': 'item.value[1]|int >= 1000', 'item': {'key': 'sshd', 'value': ['x', '74', '74', 'Privilege-separated SSH', '/usr/share/empty.sshd', '/sbin/nologin']}, 'ansible_loop_var': 'item'}]) 
skipping: [localhost] => (item=[{'key': 'unbound', 'value': ['x', '998', '998', 'Unbound DNS resolver', '/var/lib/unbound', '/sbin/nologin']}, {'changed': False, 'skipped': True, 'skip_reason': 'Conditional result was False', 'false_condition': 'item.value[1]|int >= 1000', 'item': {'key': 'unbound', 'value': ['x', '998', '998', 'Unbound DNS resolver', '/var/lib/unbound', '/sbin/nologin']}, 'ansible_loop_var': 'item'}]) 
skipping: [localhost]

TASK [/stigforge/roles/ol10_stig : Check if umask in /etc/bashrc is already set] ***
ok: [localhost]

TASK [/stigforge/roles/ol10_stig : Replace user umask in /etc/bashrc] **********
changed: [localhost]

TASK [/stigforge/roles/ol10_stig : Ensure the Default umask is Appended Correctly] ***
skipping: [localhost]

TASK [/stigforge/roles/ol10_stig : Check if umask in /etc/csh.cshrc is already set] ***
ok: [localhost]

TASK [/stigforge/roles/ol10_stig : Replace user umask in /etc/csh.cshrc] *******
changed: [localhost]

TASK [/stigforge/roles/ol10_stig : Ensure the Default umask is Appended Correctly] ***
skipping: [localhost]

TASK [/stigforge/roles/ol10_stig : Check if UMASK is already set] **************
ok: [localhost]

TASK [/stigforge/roles/ol10_stig : Replace user UMASK in /etc/login.defs] ******
changed: [localhost]

TASK [/stigforge/roles/ol10_stig : Ensure the Default UMASK is Appended Correctly] ***
skipping: [localhost]

TASK [/stigforge/roles/ol10_stig : Ensure the Default Umask is Set Correctly in /etc/profile - Locate Profile Configuration Files Where umask Is Defined] ***
ok: [localhost]

TASK [/stigforge/roles/ol10_stig : Ensure the Default Umask is Set Correctly in /etc/profile - Replace Existing umask Value in Files From /etc/profile.d] ***
skipping: [localhost]

TASK [/stigforge/roles/ol10_stig : Ensure the Default Umask is Set Correctly in /etc/profile - Ensure umask Is Set in /etc/profile if Not Already Set Elsewhere] ***
changed: [localhost]

TASK [/stigforge/roles/ol10_stig : Ensure the Default Umask is Set Correctly in /etc/profile - Ensure umask Value For All Existing umask Definition in /etc/profile] ***
ok: [localhost]

TASK [/stigforge/roles/ol10_stig : Ensure interactive local users are the owners of their respective initialization files] ***
changed: [localhost]

TASK [/stigforge/roles/ol10_stig : Update grub defaults and the bootloader menu] ***
skipping: [localhost]

TASK [/stigforge/roles/ol10_stig : Update grub defaults and the bootloader menu] ***
skipping: [localhost]

TASK [/stigforge/roles/ol10_stig : Update grub defaults and the bootloader menu] ***
skipping: [localhost]

TASK [/stigforge/roles/ol10_stig : Set the file_groupowner_grub2_cfg_newgroup variable if represented by gid] ***
skipping: [localhost]

TASK [/stigforge/roles/ol10_stig : Test for existence /boot/grub2/grub.cfg] ****
skipping: [localhost]

TASK [/stigforge/roles/ol10_stig : Ensure group owner on /boot/grub2/grub.cfg] ***
skipping: [localhost]

TASK [/stigforge/roles/ol10_stig : Set the file_owner_grub2_cfg_newown variable if represented by uid] ***
skipping: [localhost]

TASK [/stigforge/roles/ol10_stig : Test for existence /boot/grub2/grub.cfg] ****
skipping: [localhost]

TASK [/stigforge/roles/ol10_stig : Ensure owner on /boot/grub2/grub.cfg] *******
skipping: [localhost]

TASK [/stigforge/roles/ol10_stig : Ensure cron Is Logging To Rsyslog - Search if cron configuration exists] ***
skipping: [localhost]

TASK [/stigforge/roles/ol10_stig : Ensure cron Is Logging To Rsyslog - Ensure the /etc/rsyslog.d directory exists] ***
skipping: [localhost]

TASK [/stigforge/roles/ol10_stig : Ensure cron Is Logging To Rsyslog - Add cron log configuration line] ***
skipping: [localhost]

TASK [/stigforge/roles/ol10_stig : Ensure cron Is Logging To Rsyslog - Restart the rsyslog service now] ***
skipping: [localhost]

TASK [/stigforge/roles/ol10_stig : Deduplicate values from /etc/rsyslog.conf] ***
skipping: [localhost]

TASK [/stigforge/roles/ol10_stig : Check if /etc/rsyslog.d exists] *************
skipping: [localhost]

TASK [/stigforge/roles/ol10_stig : Check if the parameter $ActionSendStreamDriverAuthMode is present in /etc/rsyslog.d] ***
skipping: [localhost]

TASK [/stigforge/roles/ol10_stig : Remove parameter from files in /etc/rsyslog.d] ***
skipping: [localhost]

TASK [/stigforge/roles/ol10_stig : Insert correct line to /etc/rsyslog.conf] ***
skipping: [localhost]

TASK [/stigforge/roles/ol10_stig : Deduplicate values from /etc/rsyslog.conf] ***
skipping: [localhost]

TASK [/stigforge/roles/ol10_stig : Check if /etc/rsyslog.d exists] *************
skipping: [localhost]

TASK [/stigforge/roles/ol10_stig : Check if the parameter $ActionSendStreamDriverMode is present in /etc/rsyslog.d] ***
skipping: [localhost]

TASK [/stigforge/roles/ol10_stig : Remove parameter from files in /etc/rsyslog.d] ***
skipping: [localhost]

TASK [/stigforge/roles/ol10_stig : Insert correct line to /etc/rsyslog.conf] ***
skipping: [localhost]

TASK [/stigforge/roles/ol10_stig : Ensure rsyslog Does Not Accept Remote Messages Unless Acting As Log Server - Define Rsyslog Config Lines Regex in Legacy Syntax] ***
skipping: [localhost]

TASK [/stigforge/roles/ol10_stig : Ensure rsyslog Does Not Accept Remote Messages Unless Acting As Log Server - Search for Legacy Config Lines in Rsyslog Main Config File] ***
skipping: [localhost]

TASK [/stigforge/roles/ol10_stig : Ensure rsyslog Does Not Accept Remote Messages Unless Acting As Log Server - Search for Legacy Config Lines in Rsyslog Include Files] ***
skipping: [localhost]

TASK [/stigforge/roles/ol10_stig : Ensure rsyslog Does Not Accept Remote Messages Unless Acting As Log Server - Assemble List of Config Files With Listen Lines in Legacy Syntax] ***
skipping: [localhost]

TASK [/stigforge/roles/ol10_stig : Ensure rsyslog Does Not Accept Remote Messages Unless Acting As Log Server - Comment Listen Config Lines Wherever Defined Using Legacy Syntax] ***
skipping: [localhost]

TASK [/stigforge/roles/ol10_stig : Ensure rsyslog Does Not Accept Remote Messages Unless Acting As Log Server - Define Rsyslog Config Lines Regex in RainerScript Syntax] ***
skipping: [localhost]

TASK [/stigforge/roles/ol10_stig : Ensure rsyslog Does Not Accept Remote Messages Unless Acting As Log Server - Search for RainerScript Config Lines in Rsyslog Main Config File] ***
skipping: [localhost]

TASK [/stigforge/roles/ol10_stig : Ensure rsyslog Does Not Accept Remote Messages Unless Acting As Log Server - Search for RainerScript Config Lines in Rsyslog Include Files] ***
skipping: [localhost]

TASK [/stigforge/roles/ol10_stig : Ensure rsyslog Does Not Accept Remote Messages Unless Acting As Log Server - Assemble List of Config Files With Listen Lines in RainerScript] ***
skipping: [localhost]

TASK [/stigforge/roles/ol10_stig : Ensure rsyslog Does Not Accept Remote Messages Unless Acting As Log Server - Comment Listen Config Lines Wherever Defined Using RainerScript] ***
skipping: [localhost]

TASK [/stigforge/roles/ol10_stig : Ensure rsyslog Does Not Accept Remote Messages Unless Acting As Log Server - Restart Rsyslog if Any Line Were Commented Out] ***
skipping: [localhost]

TASK [/stigforge/roles/ol10_stig : Check for duplicate values] *****************
skipping: [localhost]

TASK [/stigforge/roles/ol10_stig : Deduplicate values from /etc/firewalld/firewalld.conf] ***
skipping: [localhost]

TASK [/stigforge/roles/ol10_stig : Insert correct line to /etc/firewalld/firewalld.conf] ***
skipping: [localhost]

TASK [/stigforge/roles/ol10_stig : List /etc/sysctl.d/*.conf files] ************
skipping: [localhost]

TASK [/stigforge/roles/ol10_stig : Comment out any occurrences of net.ipv6.conf.all.accept_ra from config files] ***
skipping: [localhost]

TASK [/stigforge/roles/ol10_stig : Ensure sysctl net.ipv6.conf.all.accept_ra is set] ***
skipping: [localhost]

TASK [/stigforge/roles/ol10_stig : List /etc/sysctl.d/*.conf files] ************
skipping: [localhost]

TASK [/stigforge/roles/ol10_stig : Comment out any occurrences of net.ipv6.conf.all.accept_redirects from config files] ***
skipping: [localhost]

TASK [/stigforge/roles/ol10_stig : Ensure sysctl net.ipv6.conf.all.accept_redirects is set] ***
skipping: [localhost]

TASK [/stigforge/roles/ol10_stig : List /etc/sysctl.d/*.conf files] ************
skipping: [localhost]

TASK [/stigforge/roles/ol10_stig : Comment out any occurrences of net.ipv6.conf.all.accept_source_route from config files] ***
skipping: [localhost]

TASK [/stigforge/roles/ol10_stig : Ensure sysctl net.ipv6.conf.all.accept_source_route is set] ***
skipping: [localhost]

TASK [/stigforge/roles/ol10_stig : List /etc/sysctl.d/*.conf files] ************
skipping: [localhost]

TASK [/stigforge/roles/ol10_stig : Comment out any occurrences of net.ipv6.conf.all.forwarding from config files] ***
skipping: [localhost]

TASK [/stigforge/roles/ol10_stig : Ensure sysctl net.ipv6.conf.all.forwarding is set] ***
skipping: [localhost]

TASK [/stigforge/roles/ol10_stig : List /etc/sysctl.d/*.conf files] ************
skipping: [localhost]

TASK [/stigforge/roles/ol10_stig : Comment out any occurrences of net.ipv6.conf.default.accept_ra from config files] ***
skipping: [localhost]

TASK [/stigforge/roles/ol10_stig : Ensure sysctl net.ipv6.conf.default.accept_ra is set] ***
skipping: [localhost]

TASK [/stigforge/roles/ol10_stig : List /etc/sysctl.d/*.conf files] ************
skipping: [localhost]

TASK [/stigforge/roles/ol10_stig : Comment out any occurrences of net.ipv6.conf.default.accept_redirects from config files] ***
skipping: [localhost]

TASK [/stigforge/roles/ol10_stig : Ensure sysctl net.ipv6.conf.default.accept_redirects is set] ***
skipping: [localhost]

TASK [/stigforge/roles/ol10_stig : List /etc/sysctl.d/*.conf files] ************
skipping: [localhost]

TASK [/stigforge/roles/ol10_stig : Comment out any occurrences of net.ipv6.conf.default.accept_source_route from config files] ***
skipping: [localhost]

TASK [/stigforge/roles/ol10_stig : Ensure sysctl net.ipv6.conf.default.accept_source_route is set] ***
skipping: [localhost]

TASK [/stigforge/roles/ol10_stig : List /etc/sysctl.d/*.conf files] ************
skipping: [localhost]

TASK [/stigforge/roles/ol10_stig : Comment out any occurrences of net.ipv4.conf.all.accept_redirects from config files] ***
skipping: [localhost]

TASK [/stigforge/roles/ol10_stig : Ensure sysctl net.ipv4.conf.all.accept_redirects is set] ***
skipping: [localhost]

TASK [/stigforge/roles/ol10_stig : List /etc/sysctl.d/*.conf files] ************
skipping: [localhost]

TASK [/stigforge/roles/ol10_stig : Comment out any occurrences of net.ipv4.conf.all.accept_source_route from config files] ***
skipping: [localhost]

TASK [/stigforge/roles/ol10_stig : Ensure sysctl net.ipv4.conf.all.accept_source_route is set] ***
skipping: [localhost]

TASK [/stigforge/roles/ol10_stig : List /etc/sysctl.d/*.conf files] ************
skipping: [localhost]

TASK [/stigforge/roles/ol10_stig : Comment out any occurrences of net.ipv4.conf.all.forwarding from config files] ***
skipping: [localhost]

TASK [/stigforge/roles/ol10_stig : Ensure sysctl net.ipv4.conf.all.forwarding is set] ***
skipping: [localhost]

TASK [/stigforge/roles/ol10_stig : List /etc/sysctl.d/*.conf files] ************
skipping: [localhost]

TASK [/stigforge/roles/ol10_stig : Comment out any occurrences of net.ipv4.conf.all.rp_filter from config files] ***
skipping: [localhost]

TASK [/stigforge/roles/ol10_stig : Ensure sysctl net.ipv4.conf.all.rp_filter is set] ***
skipping: [localhost]

TASK [/stigforge/roles/ol10_stig : List /etc/sysctl.d/*.conf files] ************
skipping: [localhost]

TASK [/stigforge/roles/ol10_stig : Comment out any occurrences of net.ipv4.conf.default.accept_redirects from config files] ***
skipping: [localhost]

TASK [/stigforge/roles/ol10_stig : Ensure sysctl net.ipv4.conf.default.accept_redirects is set] ***
skipping: [localhost]

TASK [/stigforge/roles/ol10_stig : List /etc/sysctl.d/*.conf files] ************
skipping: [localhost]

TASK [/stigforge/roles/ol10_stig : Comment out any occurrences of net.ipv4.conf.default.accept_source_route from config files] ***
skipping: [localhost]

TASK [/stigforge/roles/ol10_stig : Ensure sysctl net.ipv4.conf.default.accept_source_route is set] ***
skipping: [localhost]

TASK [/stigforge/roles/ol10_stig : List /etc/sysctl.d/*.conf files] ************
skipping: [localhost]

TASK [/stigforge/roles/ol10_stig : Comment out any occurrences of net.ipv4.conf.default.rp_filter from config files] ***
skipping: [localhost]

TASK [/stigforge/roles/ol10_stig : Ensure sysctl net.ipv4.conf.default.rp_filter is set] ***
skipping: [localhost]

TASK [/stigforge/roles/ol10_stig : List /etc/sysctl.d/*.conf files] ************
skipping: [localhost]

TASK [/stigforge/roles/ol10_stig : Comment out any occurrences of net.ipv4.icmp_echo_ignore_broadcasts from config files] ***
skipping: [localhost]

TASK [/stigforge/roles/ol10_stig : Ensure sysctl net.ipv4.icmp_echo_ignore_broadcasts is set] ***
skipping: [localhost]

TASK [/stigforge/roles/ol10_stig : List /etc/sysctl.d/*.conf files] ************
skipping: [localhost]

TASK [/stigforge/roles/ol10_stig : Comment out any occurrences of net.ipv4.icmp_ignore_bogus_error_responses from config files] ***
skipping: [localhost]

TASK [/stigforge/roles/ol10_stig : Ensure sysctl net.ipv4.icmp_ignore_bogus_error_responses is set] ***
skipping: [localhost]

TASK [/stigforge/roles/ol10_stig : List /etc/sysctl.d/*.conf files] ************
skipping: [localhost]

TASK [/stigforge/roles/ol10_stig : Comment out any occurrences of net.ipv4.tcp_invalid_ratelimit from config files] ***
skipping: [localhost]

TASK [/stigforge/roles/ol10_stig : Ensure sysctl net.ipv4.tcp_invalid_ratelimit is set] ***
skipping: [localhost]

TASK [/stigforge/roles/ol10_stig : List /etc/sysctl.d/*.conf files] ************
skipping: [localhost]

TASK [/stigforge/roles/ol10_stig : Comment out any occurrences of net.ipv4.tcp_syncookies from config files] ***
skipping: [localhost]

TASK [/stigforge/roles/ol10_stig : Ensure sysctl net.ipv4.tcp_syncookies is set] ***
skipping: [localhost]

TASK [/stigforge/roles/ol10_stig : List /etc/sysctl.d/*.conf files] ************
skipping: [localhost]

TASK [/stigforge/roles/ol10_stig : Comment out any occurrences of net.ipv4.conf.all.send_redirects from config files] ***
skipping: [localhost]

TASK [/stigforge/roles/ol10_stig : Ensure sysctl net.ipv4.conf.all.send_redirects is set to 0] ***
skipping: [localhost]

TASK [/stigforge/roles/ol10_stig : List /etc/sysctl.d/*.conf files] ************
skipping: [localhost]

TASK [/stigforge/roles/ol10_stig : Comment out any occurrences of net.ipv4.conf.default.send_redirects from config files] ***
skipping: [localhost]

TASK [/stigforge/roles/ol10_stig : Ensure sysctl net.ipv4.conf.default.send_redirects is set to 0] ***
skipping: [localhost]

TASK [/stigforge/roles/ol10_stig : List /etc/sysctl.d/*.conf files] ************
skipping: [localhost]

TASK [/stigforge/roles/ol10_stig : Comment out any occurrences of net.ipv4.ip_forward from config files] ***
skipping: [localhost]

TASK [/stigforge/roles/ol10_stig : Ensure sysctl net.ipv4.ip_forward is set to 0] ***
skipping: [localhost]

TASK [/stigforge/roles/ol10_stig : Ensure kernel module 'can' is disabled] *****
skipping: [localhost]

TASK [/stigforge/roles/ol10_stig : Ensure kernel module 'can' is blacklisted] ***
skipping: [localhost]

TASK [/stigforge/roles/ol10_stig : Ensure kernel module 'sctp' is disabled] ****
skipping: [localhost]

TASK [/stigforge/roles/ol10_stig : Ensure kernel module 'sctp' is blacklisted] ***
skipping: [localhost]

TASK [/stigforge/roles/ol10_stig : Ensure kernel module 'tipc' is disabled] ****
skipping: [localhost]

TASK [/stigforge/roles/ol10_stig : Ensure kernel module 'tipc' is blacklisted] ***
skipping: [localhost]

TASK [/stigforge/roles/ol10_stig : Ensure kernel module 'bluetooth' is disabled] ***
skipping: [localhost]

TASK [/stigforge/roles/ol10_stig : Ensure kernel module 'bluetooth' is blacklisted] ***
skipping: [localhost]

TASK [/stigforge/roles/ol10_stig : NetworkManager Deactivate Wireless Network Interfaces] ***
skipping: [localhost]

TASK [/stigforge/roles/ol10_stig : NetworkManager DNS Mode Must Be Must Configured - Search for a section in files] ***
skipping: [localhost] => (item={'path': '/etc/NetworkManager', 'pattern': 'NetworkManager\\.conf'}) 
skipping: [localhost] => (item={'path': '/etc/NetworkManager/conf.d', 'pattern': '.*\\.conf'}) 
skipping: [localhost]

TASK [/stigforge/roles/ol10_stig : NetworkManager DNS Mode Must Be Must Configured - Count number of files which contain the correct section] ***
skipping: [localhost]

TASK [/stigforge/roles/ol10_stig : NetworkManager DNS Mode Must Be Must Configured - Add missing configuration to correct section] ***
skipping: [localhost]

TASK [/stigforge/roles/ol10_stig : NetworkManager DNS Mode Must Be Must Configured - Add configuration to new remediation file] ***
skipping: [localhost]

TASK [/stigforge/roles/ol10_stig : Ensure All World-Writable Directories Are Owned by root User - Define Excluded (Non-Local) File Systems and Paths] ***
ok: [localhost]

TASK [/stigforge/roles/ol10_stig : Ensure All World-Writable Directories Are Owned by root User - Find Relevant Root Directories Ignoring Pre-Defined Excluded Paths] ***
ok: [localhost]

TASK [/stigforge/roles/ol10_stig : Ensure All World-Writable Directories Are Owned by root User - Include Relevant Root Directories in a List of Paths to be Searched] ***
ok: [localhost] => (item={'path': '/opt', 'mode': '0755', 'isdir': True, 'ischr': False, 'isblk': False, 'isreg': False, 'isfifo': False, 'islnk': False, 'issock': False, 'uid': 0, 'gid': 0, 'size': 4096, 'inode': 8398458, 'dev': 124, 'nlink': 2, 'atime': 1785370143.9354033, 'mtime': 1743552000.0, 'ctime': 1785370143.9164033, 'gr_name': 'root', 'pw_name': 'root', 'wusr': True, 'rusr': True, 'xusr': True, 'wgrp': False, 'rgrp': True, 'xgrp': True, 'woth': False, 'roth': True, 'xoth': True, 'isuid': False, 'isgid': False})
ok: [localhost] => (item={'path': '/etc', 'mode': '0755', 'isdir': True, 'ischr': False, 'isblk': False, 'isreg': False, 'isfifo': False, 'islnk': False, 'issock': False, 'uid': 0, 'gid': 0, 'size': 4096, 'inode': 9830669, 'dev': 124, 'nlink': 1, 'atime': 1785488921.66748, 'mtime': 1785488925.309852, 'ctime': 1785488925.309852, 'gr_name': 'root', 'pw_name': 'root', 'wusr': True, 'rusr': True, 'xusr': True, 'wgrp': False, 'rgrp': True, 'xgrp': True, 'woth': False, 'roth': True, 'xoth': True, 'isuid': False, 'isgid': False})
ok: [localhost] => (item={'path': '/home', 'mode': '0755', 'isdir': True, 'ischr': False, 'isblk': False, 'isreg': False, 'isfifo': False, 'islnk': False, 'issock': False, 'uid': 0, 'gid': 0, 'size': 4096, 'inode': 8398453, 'dev': 124, 'nlink': 2, 'atime': 1785370143.9354033, 'mtime': 1743552000.0, 'ctime': 1785370143.9164033, 'gr_name': 'root', 'pw_name': 'root', 'wusr': True, 'rusr': True, 'xusr': True, 'wgrp': False, 'rgrp': True, 'xgrp': True, 'woth': False, 'roth': True, 'xoth': True, 'isuid': False, 'isgid': False})
ok: [localhost] => (item={'path': '/afs', 'mode': '0555', 'isdir': True, 'ischr': False, 'isblk': False, 'isreg': False, 'isfifo': False, 'islnk': False, 'issock': False, 'uid': 0, 'gid': 0, 'size': 4096, 'inode': 8396821, 'dev': 124, 'nlink': 2, 'atime': 1785370143.9304032, 'mtime': 1743552000.0, 'ctime': 1785370143.9157217, 'gr_name': 'root', 'pw_name': 'root', 'wusr': False, 'rusr': True, 'xusr': True, 'wgrp': False, 'rgrp': True, 'xgrp': True, 'woth': False, 'roth': True, 'xoth': True, 'isuid': False, 'isgid': False})
ok: [localhost] => (item={'path': '/var', 'mode': '0755', 'isdir': True, 'ischr': False, 'isblk': False, 'isreg': False, 'isfifo': False, 'islnk': False, 'issock': False, 'uid': 0, 'gid': 0, 'size': 4096, 'inode': 8671678, 'dev': 124, 'nlink': 1, 'atime': 1785488921.6690063, 'mtime': 1784581682.0, 'ctime': 1785488834.214018, 'gr_name': 'root', 'pw_name': 'root', 'wusr': True, 'rusr': True, 'xusr': True, 'wgrp': False, 'rgrp': True, 'xgrp': True, 'woth': False, 'roth': True, 'xoth': True, 'isuid': False, 'isgid': False})
ok: [localhost] => (item={'path': '/boot', 'mode': '0555', 'isdir': True, 'ischr': False, 'isblk': False, 'isreg': False, 'isfifo': False, 'islnk': False, 'issock': False, 'uid': 0, 'gid': 0, 'size': 4096, 'inode': 8397225, 'dev': 124, 'nlink': 2, 'atime': 1785370143.9304032, 'mtime': 1743552000.0, 'ctime': 1785370143.9157217, 'gr_name': 'root', 'pw_name': 'root', 'wusr': False, 'rusr': True, 'xusr': True, 'wgrp': False, 'rgrp': True, 'xgrp': True, 'woth': False, 'roth': True, 'xoth': True, 'isuid': False, 'isgid': False})
ok: [localhost] => (item={'path': '/mnt', 'mode': '0755', 'isdir': True, 'ischr': False, 'isblk': False, 'isreg': False, 'isfifo': False, 'islnk': False, 'issock': False, 'uid': 0, 'gid': 0, 'size': 4096, 'inode': 8398457, 'dev': 124, 'nlink': 2, 'atime': 1785370143.9354033, 'mtime': 1743552000.0, 'ctime': 1785370143.9164033, 'gr_name': 'root', 'pw_name': 'root', 'wusr': True, 'rusr': True, 'xusr': True, 'wgrp': False, 'rgrp': True, 'xgrp': True, 'woth': False, 'roth': True, 'xoth': True, 'isuid': False, 'isgid': False})
ok: [localhost] => (item={'path': '/srv', 'mode': '0755', 'isdir': True, 'ischr': False, 'isblk': False, 'isreg': False, 'isfifo': False, 'islnk': False, 'issock': False, 'uid': 0, 'gid': 0, 'size': 4096, 'inode': 8398467, 'dev': 124, 'nlink': 2, 'atime': 1785370143.9354033, 'mtime': 1743552000.0, 'ctime': 1785370143.9164033, 'gr_name': 'root', 'pw_name': 'root', 'wusr': True, 'rusr': True, 'xusr': True, 'wgrp': False, 'rgrp': True, 'xgrp': True, 'woth': False, 'roth': True, 'xoth': True, 'isuid': False, 'isgid': False})
ok: [localhost] => (item={'path': '/media', 'mode': '0755', 'isdir': True, 'ischr': False, 'isblk': False, 'isreg': False, 'isfifo': False, 'islnk': False, 'issock': False, 'uid': 0, 'gid': 0, 'size': 4096, 'inode': 8398456, 'dev': 124, 'nlink': 2, 'atime': 1785370143.9354033, 'mtime': 1743552000.0, 'ctime': 1785370143.9164033, 'gr_name': 'root', 'pw_name': 'root', 'wusr': True, 'rusr': True, 'xusr': True, 'wgrp': False, 'rgrp': True, 'xgrp': True, 'woth': False, 'roth': True, 'xoth': True, 'isuid': False, 'isgid': False})
ok: [localhost] => (item={'path': '/usr', 'mode': '0755', 'isdir': True, 'ischr': False, 'isblk': False, 'isreg': False, 'isfifo': False, 'islnk': False, 'issock': False, 'uid': 0, 'gid': 0, 'size': 4096, 'inode': 9846343, 'dev': 124, 'nlink': 1, 'atime': 1785488786.9568465, 'mtime': 1784581677.0, 'ctime': 1785488837.9217396, 'gr_name': 'root', 'pw_name': 'root', 'wusr': True, 'rusr': True, 'xusr': True, 'wgrp': False, 'rgrp': True, 'xgrp': True, 'woth': False, 'roth': True, 'xoth': True, 'isuid': False, 'isgid': False})
ok: [localhost] => (item={'path': '/tmp', 'mode': '1777', 'isdir': True, 'ischr': False, 'isblk': False, 'isreg': False, 'isfifo': False, 'islnk': False, 'issock': False, 'uid': 0, 'gid': 0, 'size': 4096, 'inode': 8398469, 'dev': 124, 'nlink': 1, 'atime': 1785488929.194912, 'mtime': 1785488929.1939118, 'ctime': 1785488929.1939118, 'gr_name': 'root', 'pw_name': 'root', 'wusr': True, 'rusr': True, 'xusr': True, 'wgrp': True, 'rgrp': True, 'xgrp': True, 'woth': True, 'roth': True, 'xoth': True, 'isuid': False, 'isgid': False})
ok: [localhost] => (item={'path': '/root', 'mode': '0550', 'isdir': True, 'ischr': False, 'isblk': False, 'isreg': False, 'isfifo': False, 'islnk': False, 'issock': False, 'uid': 0, 'gid': 0, 'size': 4096, 'inode': 9846301, 'dev': 124, 'nlink': 1, 'atime': 1785488921.7480054, 'mtime': 1785488794.0447137, 'ctime': 1785488794.0447137, 'gr_name': 'root', 'pw_name': 'root', 'wusr': False, 'rusr': True, 'xusr': True, 'wgrp': False, 'rgrp': True, 'xgrp': True, 'woth': False, 'roth': False, 'xoth': False, 'isuid': False, 'isgid': False})
ok: [localhost] => (item={'path': '/stigforge', 'mode': '0755', 'isdir': True, 'ischr': False, 'isblk': False, 'isreg': False, 'isfifo': False, 'islnk': False, 'issock': False, 'uid': 0, 'gid': 0, 'size': 4096, 'inode': 9846335, 'dev': 124, 'nlink': 1, 'atime': 1785488792.1407409, 'mtime': 1785488792.084606, 'ctime': 1785488793.5247211, 'gr_name': 'root', 'pw_name': 'root', 'wusr': True, 'rusr': True, 'xusr': True, 'wgrp': False, 'rgrp': True, 'xgrp': True, 'woth': False, 'roth': True, 'xoth': True, 'isuid': False, 'isgid': False})

TASK [/stigforge/roles/ol10_stig : Ensure All World-Writable Directories Are Owned by root User - Increment Search Paths List with Local Partitions Mount Points] ***
ok: [localhost] => (item={'mount': '/stigforge/generator', 'device': '/dev/mapper/ubuntu--vg-ubuntu--lv', 'fstype': 'ext4', 'options': 'ro,relatime,bind', 'dump': 0, 'passno': 0, 'size_total': 980122034176, 'size_available': 627045167104, 'block_size': 4096, 'block_total': 239287606, 'block_available': 153087199, 'block_used': 86200407, 'inode_total': 60850176, 'inode_available': 59442771, 'inode_used': 1407405, 'uuid': 'N/A'})
ok: [localhost] => (item={'mount': '/stigforge/pyproject.toml', 'device': '/dev/mapper/ubuntu--vg-ubuntu--lv', 'fstype': 'ext4', 'options': 'ro,relatime,bind', 'dump': 0, 'passno': 0, 'size_total': 980122034176, 'size_available': 627045167104, 'block_size': 4096, 'block_total': 239287606, 'block_available': 153087199, 'block_used': 86200407, 'inode_total': 60850176, 'inode_available': 59442771, 'inode_used': 1407405, 'uuid': 'N/A'})
ok: [localhost] => (item={'mount': '/stigforge/artifacts', 'device': '/dev/mapper/ubuntu--vg-ubuntu--lv', 'fstype': 'ext4', 'options': 'rw,relatime,bind', 'dump': 0, 'passno': 0, 'size_total': 980122034176, 'size_available': 627045167104, 'block_size': 4096, 'block_total': 239287606, 'block_available': 153087199, 'block_used': 86200407, 'inode_total': 60850176, 'inode_available': 59442771, 'inode_used': 1407405, 'uuid': 'N/A'})
ok: [localhost] => (item={'mount': '/stigforge/roles', 'device': '/dev/mapper/ubuntu--vg-ubuntu--lv', 'fstype': 'ext4', 'options': 'ro,relatime,bind', 'dump': 0, 'passno': 0, 'size_total': 980122034176, 'size_available': 627045167104, 'block_size': 4096, 'block_total': 239287606, 'block_available': 153087199, 'block_used': 86200407, 'inode_total': 60850176, 'inode_available': 59442771, 'inode_used': 1407405, 'uuid': 'N/A'})
ok: [localhost] => (item={'mount': '/stigforge/policy', 'device': '/dev/mapper/ubuntu--vg-ubuntu--lv', 'fstype': 'ext4', 'options': 'ro,relatime,bind', 'dump': 0, 'passno': 0, 'size_total': 980122034176, 'size_available': 627045167104, 'block_size': 4096, 'block_total': 239287606, 'block_available': 153087199, 'block_used': 86200407, 'inode_total': 60850176, 'inode_available': 59442771, 'inode_used': 1407405, 'uuid': 'N/A'})
ok: [localhost] => (item={'mount': '/etc/resolv.conf', 'device': '/dev/mapper/ubuntu--vg-ubuntu--lv', 'fstype': 'ext4', 'options': 'rw,relatime,bind', 'dump': 0, 'passno': 0, 'size_total': 980122034176, 'size_available': 627045167104, 'block_size': 4096, 'block_total': 239287606, 'block_available': 153087199, 'block_used': 86200407, 'inode_total': 60850176, 'inode_available': 59442771, 'inode_used': 1407405, 'uuid': 'N/A'})
ok: [localhost] => (item={'mount': '/etc/hostname', 'device': '/dev/mapper/ubuntu--vg-ubuntu--lv', 'fstype': 'ext4', 'options': 'rw,relatime,bind', 'dump': 0, 'passno': 0, 'size_total': 980122034176, 'size_available': 627045167104, 'block_size': 4096, 'block_total': 239287606, 'block_available': 153087199, 'block_used': 86200407, 'inode_total': 60850176, 'inode_available': 59442771, 'inode_used': 1407405, 'uuid': 'N/A'})
ok: [localhost] => (item={'mount': '/etc/hosts', 'device': '/dev/mapper/ubuntu--vg-ubuntu--lv', 'fstype': 'ext4', 'options': 'rw,relatime,bind', 'dump': 0, 'passno': 0, 'size_total': 980122034176, 'size_available': 627045167104, 'block_size': 4096, 'block_total': 239287606, 'block_available': 153087199, 'block_used': 86200407, 'inode_total': 60850176, 'inode_available': 59442771, 'inode_used': 1407405, 'uuid': 'N/A'})

TASK [/stigforge/roles/ol10_stig : Ensure All World-Writable Directories Are Owned by root User - Increment Search Paths List with Local NFS File System Targets] ***
skipping: [localhost] => (item={'mount': '/stigforge/generator', 'device': '/dev/mapper/ubuntu--vg-ubuntu--lv', 'fstype': 'ext4', 'options': 'ro,relatime,bind', 'dump': 0, 'passno': 0, 'size_total': 980122034176, 'size_available': 627045167104, 'block_size': 4096, 'block_total': 239287606, 'block_available': 153087199, 'block_used': 86200407, 'inode_total': 60850176, 'inode_available': 59442771, 'inode_used': 1407405, 'uuid': 'N/A'}) 
skipping: [localhost] => (item={'mount': '/stigforge/pyproject.toml', 'device': '/dev/mapper/ubuntu--vg-ubuntu--lv', 'fstype': 'ext4', 'options': 'ro,relatime,bind', 'dump': 0, 'passno': 0, 'size_total': 980122034176, 'size_available': 627045167104, 'block_size': 4096, 'block_total': 239287606, 'block_available': 153087199, 'block_used': 86200407, 'inode_total': 60850176, 'inode_available': 59442771, 'inode_used': 1407405, 'uuid': 'N/A'}) 
skipping: [localhost] => (item={'mount': '/stigforge/artifacts', 'device': '/dev/mapper/ubuntu--vg-ubuntu--lv', 'fstype': 'ext4', 'options': 'rw,relatime,bind', 'dump': 0, 'passno': 0, 'size_total': 980122034176, 'size_available': 627045167104, 'block_size': 4096, 'block_total': 239287606, 'block_available': 153087199, 'block_used': 86200407, 'inode_total': 60850176, 'inode_available': 59442771, 'inode_used': 1407405, 'uuid': 'N/A'}) 
skipping: [localhost] => (item={'mount': '/stigforge/roles', 'device': '/dev/mapper/ubuntu--vg-ubuntu--lv', 'fstype': 'ext4', 'options': 'ro,relatime,bind', 'dump': 0, 'passno': 0, 'size_total': 980122034176, 'size_available': 627045167104, 'block_size': 4096, 'block_total': 239287606, 'block_available': 153087199, 'block_used': 86200407, 'inode_total': 60850176, 'inode_available': 59442771, 'inode_used': 1407405, 'uuid': 'N/A'}) 
skipping: [localhost] => (item={'mount': '/stigforge/policy', 'device': '/dev/mapper/ubuntu--vg-ubuntu--lv', 'fstype': 'ext4', 'options': 'ro,relatime,bind', 'dump': 0, 'passno': 0, 'size_total': 980122034176, 'size_available': 627045167104, 'block_size': 4096, 'block_total': 239287606, 'block_available': 153087199, 'block_used': 86200407, 'inode_total': 60850176, 'inode_available': 59442771, 'inode_used': 1407405, 'uuid': 'N/A'}) 
skipping: [localhost] => (item={'mount': '/etc/resolv.conf', 'device': '/dev/mapper/ubuntu--vg-ubuntu--lv', 'fstype': 'ext4', 'options': 'rw,relatime,bind', 'dump': 0, 'passno': 0, 'size_total': 980122034176, 'size_available': 627045167104, 'block_size': 4096, 'block_total': 239287606, 'block_available': 153087199, 'block_used': 86200407, 'inode_total': 60850176, 'inode_available': 59442771, 'inode_used': 1407405, 'uuid': 'N/A'}) 
skipping: [localhost] => (item={'mount': '/etc/hostname', 'device': '/dev/mapper/ubuntu--vg-ubuntu--lv', 'fstype': 'ext4', 'options': 'rw,relatime,bind', 'dump': 0, 'passno': 0, 'size_total': 980122034176, 'size_available': 627045167104, 'block_size': 4096, 'block_total': 239287606, 'block_available': 153087199, 'block_used': 86200407, 'inode_total': 60850176, 'inode_available': 59442771, 'inode_used': 1407405, 'uuid': 'N/A'}) 
skipping: [localhost] => (item={'mount': '/etc/hosts', 'device': '/dev/mapper/ubuntu--vg-ubuntu--lv', 'fstype': 'ext4', 'options': 'rw,relatime,bind', 'dump': 0, 'passno': 0, 'size_total': 980122034176, 'size_available': 627045167104, 'block_size': 4096, 'block_total': 239287606, 'block_available': 153087199, 'block_used': 86200407, 'inode_total': 60850176, 'inode_available': 59442771, 'inode_used': 1407405, 'uuid': 'N/A'}) 
skipping: [localhost]

TASK [/stigforge/roles/ol10_stig : Ensure All World-Writable Directories Are Owned by root User - Define Rule Specific Facts] ***
ok: [localhost]

TASK [/stigforge/roles/ol10_stig : Ensure All World-Writable Directories Are Owned by root User - Find All Uncompliant Directories in Local File Systems] ***
ok: [localhost] => (item=/stigforge/artifacts)
ok: [localhost] => (item=/stigforge)
ok: [localhost] => (item=/stigforge/generator)
ok: [localhost] => (item=/etc/resolv.conf)
ok: [localhost] => (item=/opt)
ok: [localhost] => (item=/var)
ok: [localhost] => (item=/tmp)
ok: [localhost] => (item=/media)
ok: [localhost] => (item=/afs)
ok: [localhost] => (item=/home)
ok: [localhost] => (item=/stigforge/roles)
ok: [localhost] => (item=/stigforge/pyproject.toml)
ok: [localhost] => (item=/etc)
ok: [localhost] => (item=/stigforge/policy)
ok: [localhost] => (item=/etc/hosts)
ok: [localhost] => (item=/root)
ok: [localhost] => (item=/srv)
ok: [localhost] => (item=/mnt)
ok: [localhost] => (item=/etc/hostname)
ok: [localhost] => (item=/boot)
ok: [localhost] => (item=/usr)

TASK [/stigforge/roles/ol10_stig : Ensure All World-Writable Directories Are Owned by root User - Create List of World Writable Directories Not Owned by root] ***
ok: [localhost] => (item={'changed': False, 'stdout': '', 'stderr': '', 'rc': 0, 'cmd': ['find', '/stigforge/artifacts', '-xdev', '-type', 'd', '-perm', '-0002', '-uid', '+0'], 'start': '2026-07-31 09:08:49.654715', 'end': '2026-07-31 09:08:49.657580', 'delta': '0:00:00.002865', 'msg': '', 'invocation': {'module_args': {'_raw_params': 'find /stigforge/artifacts -xdev -type d -perm -0002 -uid +0', '_uses_shell': False, 'expand_argument_vars': True, 'stdin_add_newline': True, 'strip_empty_ends': True, 'argv': None, 'chdir': None, 'executable': None, 'creates': None, 'removes': None, 'stdin': None}}, 'stdout_lines': [], 'stderr_lines': [], 'failed': False, 'item': '/stigforge/artifacts', 'ansible_loop_var': 'item'})
ok: [localhost] => (item={'changed': False, 'stdout': '', 'stderr': '', 'rc': 0, 'cmd': ['find', '/stigforge', '-xdev', '-type', 'd', '-perm', '-0002', '-uid', '+0'], 'start': '2026-07-31 09:08:49.779885', 'end': '2026-07-31 09:08:49.782685', 'delta': '0:00:00.002800', 'msg': '', 'invocation': {'module_args': {'_raw_params': 'find /stigforge -xdev -type d -perm -0002 -uid +0', '_uses_shell': False, 'expand_argument_vars': True, 'stdin_add_newline': True, 'strip_empty_ends': True, 'argv': None, 'chdir': None, 'executable': None, 'creates': None, 'removes': None, 'stdin': None}}, 'stdout_lines': [], 'stderr_lines': [], 'failed': False, 'item': '/stigforge', 'ansible_loop_var': 'item'})
ok: [localhost] => (item={'changed': False, 'stdout': '', 'stderr': '', 'rc': 0, 'cmd': ['find', '/stigforge/generator', '-xdev', '-type', 'd', '-perm', '-0002', '-uid', '+0'], 'start': '2026-07-31 09:08:49.908062', 'end': '2026-07-31 09:08:49.910862', 'delta': '0:00:00.002800', 'msg': '', 'invocation': {'module_args': {'_raw_params': 'find /stigforge/generator -xdev -type d -perm -0002 -uid +0', '_uses_shell': False, 'expand_argument_vars': True, 'stdin_add_newline': True, 'strip_empty_ends': True, 'argv': None, 'chdir': None, 'executable': None, 'creates': None, 'removes': None, 'stdin': None}}, 'stdout_lines': [], 'stderr_lines': [], 'failed': False, 'item': '/stigforge/generator', 'ansible_loop_var': 'item'})
ok: [localhost] => (item={'changed': False, 'stdout': '', 'stderr': '', 'rc': 0, 'cmd': ['find', '/etc/resolv.conf', '-xdev', '-type', 'd', '-perm', '-0002', '-uid', '+0'], 'start': '2026-07-31 09:08:50.033974', 'end': '2026-07-31 09:08:50.036564', 'delta': '0:00:00.002590', 'msg': '', 'invocation': {'module_args': {'_raw_params': 'find /etc/resolv.conf -xdev -type d -perm -0002 -uid +0', '_uses_shell': False, 'expand_argument_vars': True, 'stdin_add_newline': True, 'strip_empty_ends': True, 'argv': None, 'chdir': None, 'executable': None, 'creates': None, 'removes': None, 'stdin': None}}, 'stdout_lines': [], 'stderr_lines': [], 'failed': False, 'item': '/etc/resolv.conf', 'ansible_loop_var': 'item'})
ok: [localhost] => (item={'changed': False, 'stdout': '', 'stderr': '', 'rc': 0, 'cmd': ['find', '/opt', '-xdev', '-type', 'd', '-perm', '-0002', '-uid', '+0'], 'start': '2026-07-31 09:08:50.160326', 'end': '2026-07-31 09:08:50.162974', 'delta': '0:00:00.002648', 'msg': '', 'invocation': {'module_args': {'_raw_params': 'find /opt -xdev -type d -perm -0002 -uid +0', '_uses_shell': False, 'expand_argument_vars': True, 'stdin_add_newline': True, 'strip_empty_ends': True, 'argv': None, 'chdir': None, 'executable': None, 'creates': None, 'removes': None, 'stdin': None}}, 'stdout_lines': [], 'stderr_lines': [], 'failed': False, 'item': '/opt', 'ansible_loop_var': 'item'})
ok: [localhost] => (item={'changed': False, 'stdout': '', 'stderr': '', 'rc': 0, 'cmd': ['find', '/var', '-xdev', '-type', 'd', '-perm', '-0002', '-uid', '+0'], 'start': '2026-07-31 09:08:50.286648', 'end': '2026-07-31 09:08:50.289998', 'delta': '0:00:00.003350', 'msg': '', 'invocation': {'module_args': {'_raw_params': 'find /var -xdev -type d -perm -0002 -uid +0', '_uses_shell': False, 'expand_argument_vars': True, 'stdin_add_newline': True, 'strip_empty_ends': True, 'argv': None, 'chdir': None, 'executable': None, 'creates': None, 'removes': None, 'stdin': None}}, 'stdout_lines': [], 'stderr_lines': [], 'failed': False, 'item': '/var', 'ansible_loop_var': 'item'})
ok: [localhost] => (item={'changed': False, 'stdout': '', 'stderr': '', 'rc': 0, 'cmd': ['find', '/tmp', '-xdev', '-type', 'd', '-perm', '-0002', '-uid', '+0'], 'start': '2026-07-31 09:08:50.416924', 'end': '2026-07-31 09:08:50.419491', 'delta': '0:00:00.002567', 'msg': '', 'invocation': {'module_args': {'_raw_params': 'find /tmp -xdev -type d -perm -0002 -uid +0', '_uses_shell': False, 'expand_argument_vars': True, 'stdin_add_newline': True, 'strip_empty_ends': True, 'argv': None, 'chdir': None, 'executable': None, 'creates': None, 'removes': None, 'stdin': None}}, 'stdout_lines': [], 'stderr_lines': [], 'failed': False, 'item': '/tmp', 'ansible_loop_var': 'item'})
ok: [localhost] => (item={'changed': False, 'stdout': '', 'stderr': '', 'rc': 0, 'cmd': ['find', '/media', '-xdev', '-type', 'd', '-perm', '-0002', '-uid', '+0'], 'start': '2026-07-31 09:08:50.545621', 'end': '2026-07-31 09:08:50.548702', 'delta': '0:00:00.003081', 'msg': '', 'invocation': {'module_args': {'_raw_params': 'find /media -xdev -type d -perm -0002 -uid +0', '_uses_shell': False, 'expand_argument_vars': True, 'stdin_add_newline': True, 'strip_empty_ends': True, 'argv': None, 'chdir': None, 'executable': None, 'creates': None, 'removes': None, 'stdin': None}}, 'stdout_lines': [], 'stderr_lines': [], 'failed': False, 'item': '/media', 'ansible_loop_var': 'item'})
ok: [localhost] => (item={'changed': False, 'stdout': '', 'stderr': '', 'rc': 0, 'cmd': ['find', '/afs', '-xdev', '-type', 'd', '-perm', '-0002', '-uid', '+0'], 'start': '2026-07-31 09:08:50.676411', 'end': '2026-07-31 09:08:50.679164', 'delta': '0:00:00.002753', 'msg': '', 'invocation': {'module_args': {'_raw_params': 'find /afs -xdev -type d -perm -0002 -uid +0', '_uses_shell': False, 'expand_argument_vars': True, 'stdin_add_newline': True, 'strip_empty_ends': True, 'argv': None, 'chdir': None, 'executable': None, 'creates': None, 'removes': None, 'stdin': None}}, 'stdout_lines': [], 'stderr_lines': [], 'failed': False, 'item': '/afs', 'ansible_loop_var': 'item'})
ok: [localhost] => (item={'changed': False, 'stdout': '', 'stderr': '', 'rc': 0, 'cmd': ['find', '/home', '-xdev', '-type', 'd', '-perm', '-0002', '-uid', '+0'], 'start': '2026-07-31 09:08:50.808251', 'end': '2026-07-31 09:08:50.810792', 'delta': '0:00:00.002541', 'msg': '', 'invocation': {'module_args': {'_raw_params': 'find /home -xdev -type d -perm -0002 -uid +0', '_uses_shell': False, 'expand_argument_vars': True, 'stdin_add_newline': True, 'strip_empty_ends': True, 'argv': None, 'chdir': None, 'executable': None, 'creates': None, 'removes': None, 'stdin': None}}, 'stdout_lines': [], 'stderr_lines': [], 'failed': False, 'item': '/home', 'ansible_loop_var': 'item'})
ok: [localhost] => (item={'changed': False, 'stdout': '', 'stderr': '', 'rc': 0, 'cmd': ['find', '/stigforge/roles', '-xdev', '-type', 'd', '-perm', '-0002', '-uid', '+0'], 'start': '2026-07-31 09:08:50.936105', 'end': '2026-07-31 09:08:50.939300', 'delta': '0:00:00.003195', 'msg': '', 'invocation': {'module_args': {'_raw_params': 'find /stigforge/roles -xdev -type d -perm -0002 -uid +0', '_uses_shell': False, 'expand_argument_vars': True, 'stdin_add_newline': True, 'strip_empty_ends': True, 'argv': None, 'chdir': None, 'executable': None, 'creates': None, 'removes': None, 'stdin': None}}, 'stdout_lines': [], 'stderr_lines': [], 'failed': False, 'item': '/stigforge/roles', 'ansible_loop_var': 'item'})
ok: [localhost] => (item={'changed': False, 'stdout': '', 'stderr': '', 'rc': 0, 'cmd': ['find', '/stigforge/pyproject.toml', '-xdev', '-type', 'd', '-perm', '-0002', '-uid', '+0'], 'start': '2026-07-31 09:08:51.073134', 'end': '2026-07-31 09:08:51.075799', 'delta': '0:00:00.002665', 'msg': '', 'invocation': {'module_args': {'_raw_params': 'find /stigforge/pyproject.toml -xdev -type d -perm -0002 -uid +0', '_uses_shell': False, 'expand_argument_vars': True, 'stdin_add_newline': True, 'strip_empty_ends': True, 'argv': None, 'chdir': None, 'executable': None, 'creates': None, 'removes': None, 'stdin': None}}, 'stdout_lines': [], 'stderr_lines': [], 'failed': False, 'item': '/stigforge/pyproject.toml', 'ansible_loop_var': 'item'})
ok: [localhost] => (item={'changed': False, 'stdout': '', 'stderr': '', 'rc': 0, 'cmd': ['find', '/etc', '-xdev', '-type', 'd', '-perm', '-0002', '-uid', '+0'], 'start': '2026-07-31 09:08:51.210217', 'end': '2026-07-31 09:08:51.214893', 'delta': '0:00:00.004676', 'msg': '', 'invocation': {'module_args': {'_raw_params': 'find /etc -xdev -type d -perm -0002 -uid +0', '_uses_shell': False, 'expand_argument_vars': True, 'stdin_add_newline': True, 'strip_empty_ends': True, 'argv': None, 'chdir': None, 'executable': None, 'creates': None, 'removes': None, 'stdin': None}}, 'stdout_lines': [], 'stderr_lines': [], 'failed': False, 'item': '/etc', 'ansible_loop_var': 'item'})
ok: [localhost] => (item={'changed': False, 'stdout': '', 'stderr': '', 'rc': 0, 'cmd': ['find', '/stigforge/policy', '-xdev', '-type', 'd', '-perm', '-0002', '-uid', '+0'], 'start': '2026-07-31 09:08:51.352229', 'end': '2026-07-31 09:08:51.354933', 'delta': '0:00:00.002704', 'msg': '', 'invocation': {'module_args': {'_raw_params': 'find /stigforge/policy -xdev -type d -perm -0002 -uid +0', '_uses_shell': False, 'expand_argument_vars': True, 'stdin_add_newline': True, 'strip_empty_ends': True, 'argv': None, 'chdir': None, 'executable': None, 'creates': None, 'removes': None, 'stdin': None}}, 'stdout_lines': [], 'stderr_lines': [], 'failed': False, 'item': '/stigforge/policy', 'ansible_loop_var': 'item'})
ok: [localhost] => (item={'changed': False, 'stdout': '', 'stderr': '', 'rc': 0, 'cmd': ['find', '/etc/hosts', '-xdev', '-type', 'd', '-perm', '-0002', '-uid', '+0'], 'start': '2026-07-31 09:08:51.467701', 'end': '2026-07-31 09:08:51.470100', 'delta': '0:00:00.002399', 'msg': '', 'invocation': {'module_args': {'_raw_params': 'find /etc/hosts -xdev -type d -perm -0002 -uid +0', '_uses_shell': False, 'expand_argument_vars': True, 'stdin_add_newline': True, 'strip_empty_ends': True, 'argv': None, 'chdir': None, 'executable': None, 'creates': None, 'removes': None, 'stdin': None}}, 'stdout_lines': [], 'stderr_lines': [], 'failed': False, 'item': '/etc/hosts', 'ansible_loop_var': 'item'})
ok: [localhost] => (item={'changed': False, 'stdout': '', 'stderr': '', 'rc': 0, 'cmd': ['find', '/root', '-xdev', '-type', 'd', '-perm', '-0002', '-uid', '+0'], 'start': '2026-07-31 09:08:51.602342', 'end': '2026-07-31 09:08:51.605218', 'delta': '0:00:00.002876', 'msg': '', 'invocation': {'module_args': {'_raw_params': 'find /root -xdev -type d -perm -0002 -uid +0', '_uses_shell': False, 'expand_argument_vars': True, 'stdin_add_newline': True, 'strip_empty_ends': True, 'argv': None, 'chdir': None, 'executable': None, 'creates': None, 'removes': None, 'stdin': None}}, 'stdout_lines': [], 'stderr_lines': [], 'failed': False, 'item': '/root', 'ansible_loop_var': 'item'})
ok: [localhost] => (item={'changed': False, 'stdout': '', 'stderr': '', 'rc': 0, 'cmd': ['find', '/srv', '-xdev', '-type', 'd', '-perm', '-0002', '-uid', '+0'], 'start': '2026-07-31 09:08:51.711356', 'end': '2026-07-31 09:08:51.713750', 'delta': '0:00:00.002394', 'msg': '', 'invocation': {'module_args': {'_raw_params': 'find /srv -xdev -type d -perm -0002 -uid +0', '_uses_shell': False, 'expand_argument_vars': True, 'stdin_add_newline': True, 'strip_empty_ends': True, 'argv': None, 'chdir': None, 'executable': None, 'creates': None, 'removes': None, 'stdin': None}}, 'stdout_lines': [], 'stderr_lines': [], 'failed': False, 'item': '/srv', 'ansible_loop_var': 'item'})
ok: [localhost] => (item={'changed': False, 'stdout': '', 'stderr': '', 'rc': 0, 'cmd': ['find', '/mnt', '-xdev', '-type', 'd', '-perm', '-0002', '-uid', '+0'], 'start': '2026-07-31 09:08:51.848980', 'end': '2026-07-31 09:08:51.851710', 'delta': '0:00:00.002730', 'msg': '', 'invocation': {'module_args': {'_raw_params': 'find /mnt -xdev -type d -perm -0002 -uid +0', '_uses_shell': False, 'expand_argument_vars': True, 'stdin_add_newline': True, 'strip_empty_ends': True, 'argv': None, 'chdir': None, 'executable': None, 'creates': None, 'removes': None, 'stdin': None}}, 'stdout_lines': [], 'stderr_lines': [], 'failed': False, 'item': '/mnt', 'ansible_loop_var': 'item'})
ok: [localhost] => (item={'changed': False, 'stdout': '', 'stderr': '', 'rc': 0, 'cmd': ['find', '/etc/hostname', '-xdev', '-type', 'd', '-perm', '-0002', '-uid', '+0'], 'start': '2026-07-31 09:08:51.980522', 'end': '2026-07-31 09:08:51.983254', 'delta': '0:00:00.002732', 'msg': '', 'invocation': {'module_args': {'_raw_params': 'find /etc/hostname -xdev -type d -perm -0002 -uid +0', '_uses_shell': False, 'expand_argument_vars': True, 'stdin_add_newline': True, 'strip_empty_ends': True, 'argv': None, 'chdir': None, 'executable': None, 'creates': None, 'removes': None, 'stdin': None}}, 'stdout_lines': [], 'stderr_lines': [], 'failed': False, 'item': '/etc/hostname', 'ansible_loop_var': 'item'})
ok: [localhost] => (item={'changed': False, 'stdout': '', 'stderr': '', 'rc': 0, 'cmd': ['find', '/boot', '-xdev', '-type', 'd', '-perm', '-0002', '-uid', '+0'], 'start': '2026-07-31 09:08:52.098526', 'end': '2026-07-31 09:08:52.100903', 'delta': '0:00:00.002377', 'msg': '', 'invocation': {'module_args': {'_raw_params': 'find /boot -xdev -type d -perm -0002 -uid +0', '_uses_shell': False, 'expand_argument_vars': True, 'stdin_add_newline': True, 'strip_empty_ends': True, 'argv': None, 'chdir': None, 'executable': None, 'creates': None, 'removes': None, 'stdin': None}}, 'stdout_lines': [], 'stderr_lines': [], 'failed': False, 'item': '/boot', 'ansible_loop_var': 'item'})
ok: [localhost] => (item={'changed': False, 'stdout': '', 'stderr': '', 'rc': 0, 'cmd': ['find', '/usr', '-xdev', '-type', 'd', '-perm', '-0002', '-uid', '+0'], 'start': '2026-07-31 09:08:52.210332', 'end': '2026-07-31 09:08:52.242220', 'delta': '0:00:00.031888', 'msg': '', 'invocation': {'module_args': {'_raw_params': 'find /usr -xdev -type d -perm -0002 -uid +0', '_uses_shell': False, 'expand_argument_vars': True, 'stdin_add_newline': True, 'strip_empty_ends': True, 'argv': None, 'chdir': None, 'executable': None, 'creates': None, 'removes': None, 'stdin': None}}, 'stdout_lines': [], 'stderr_lines': [], 'failed': False, 'item': '/usr', 'ansible_loop_var': 'item'})

TASK [/stigforge/roles/ol10_stig : Ensure All World-Writable Directories Are Owned by root User - Ensure root Ownership on Local World Writable Directories] ***
skipping: [localhost]

TASK [/stigforge/roles/ol10_stig : Verify that All World-Writable Directories Have Sticky Bits Set - Define Excluded (Non-Local) File Systems and Paths] ***
ok: [localhost]

TASK [/stigforge/roles/ol10_stig : Verify that All World-Writable Directories Have Sticky Bits Set - Find Relevant Root Directories Ignoring Pre-Defined Excluded Paths] ***
ok: [localhost]

TASK [/stigforge/roles/ol10_stig : Verify that All World-Writable Directories Have Sticky Bits Set - Include Relevant Root Directories in a List of Paths to be Searched] ***
ok: [localhost] => (item={'path': '/opt', 'mode': '0755', 'isdir': True, 'ischr': False, 'isblk': False, 'isreg': False, 'isfifo': False, 'islnk': False, 'issock': False, 'uid': 0, 'gid': 0, 'size': 4096, 'inode': 8398458, 'dev': 124, 'nlink': 2, 'atime': 1785370143.9354033, 'mtime': 1743552000.0, 'ctime': 1785370143.9164033, 'gr_name': 'root', 'pw_name': 'root', 'wusr': True, 'rusr': True, 'xusr': True, 'wgrp': False, 'rgrp': True, 'xgrp': True, 'woth': False, 'roth': True, 'xoth': True, 'isuid': False, 'isgid': False})
ok: [localhost] => (item={'path': '/etc', 'mode': '0755', 'isdir': True, 'ischr': False, 'isblk': False, 'isreg': False, 'isfifo': False, 'islnk': False, 'issock': False, 'uid': 0, 'gid': 0, 'size': 4096, 'inode': 9830669, 'dev': 124, 'nlink': 1, 'atime': 1785488931.2131815, 'mtime': 1785488925.309852, 'ctime': 1785488925.309852, 'gr_name': 'root', 'pw_name': 'root', 'wusr': True, 'rusr': True, 'xusr': True, 'wgrp': False, 'rgrp': True, 'xgrp': True, 'woth': False, 'roth': True, 'xoth': True, 'isuid': False, 'isgid': False})
ok: [localhost] => (item={'path': '/home', 'mode': '0755', 'isdir': True, 'ischr': False, 'isblk': False, 'isreg': False, 'isfifo': False, 'islnk': False, 'issock': False, 'uid': 0, 'gid': 0, 'size': 4096, 'inode': 8398453, 'dev': 124, 'nlink': 2, 'atime': 1785370143.9354033, 'mtime': 1743552000.0, 'ctime': 1785370143.9164033, 'gr_name': 'root', 'pw_name': 'root', 'wusr': True, 'rusr': True, 'xusr': True, 'wgrp': False, 'rgrp': True, 'xgrp': True, 'woth': False, 'roth': True, 'xoth': True, 'isuid': False, 'isgid': False})
ok: [localhost] => (item={'path': '/afs', 'mode': '0555', 'isdir': True, 'ischr': False, 'isblk': False, 'isreg': False, 'isfifo': False, 'islnk': False, 'issock': False, 'uid': 0, 'gid': 0, 'size': 4096, 'inode': 8396821, 'dev': 124, 'nlink': 2, 'atime': 1785370143.9304032, 'mtime': 1743552000.0, 'ctime': 1785370143.9157217, 'gr_name': 'root', 'pw_name': 'root', 'wusr': False, 'rusr': True, 'xusr': True, 'wgrp': False, 'rgrp': True, 'xgrp': True, 'woth': False, 'roth': True, 'xoth': True, 'isuid': False, 'isgid': False})
ok: [localhost] => (item={'path': '/var', 'mode': '0755', 'isdir': True, 'ischr': False, 'isblk': False, 'isreg': False, 'isfifo': False, 'islnk': False, 'issock': False, 'uid': 0, 'gid': 0, 'size': 4096, 'inode': 8671678, 'dev': 124, 'nlink': 1, 'atime': 1785488921.6690063, 'mtime': 1784581682.0, 'ctime': 1785488834.214018, 'gr_name': 'root', 'pw_name': 'root', 'wusr': True, 'rusr': True, 'xusr': True, 'wgrp': False, 'rgrp': True, 'xgrp': True, 'woth': False, 'roth': True, 'xoth': True, 'isuid': False, 'isgid': False})
ok: [localhost] => (item={'path': '/boot', 'mode': '0555', 'isdir': True, 'ischr': False, 'isblk': False, 'isreg': False, 'isfifo': False, 'islnk': False, 'issock': False, 'uid': 0, 'gid': 0, 'size': 4096, 'inode': 8397225, 'dev': 124, 'nlink': 2, 'atime': 1785370143.9304032, 'mtime': 1743552000.0, 'ctime': 1785370143.9157217, 'gr_name': 'root', 'pw_name': 'root', 'wusr': False, 'rusr': True, 'xusr': True, 'wgrp': False, 'rgrp': True, 'xgrp': True, 'woth': False, 'roth': True, 'xoth': True, 'isuid': False, 'isgid': False})
ok: [localhost] => (item={'path': '/mnt', 'mode': '0755', 'isdir': True, 'ischr': False, 'isblk': False, 'isreg': False, 'isfifo': False, 'islnk': False, 'issock': False, 'uid': 0, 'gid': 0, 'size': 4096, 'inode': 8398457, 'dev': 124, 'nlink': 2, 'atime': 1785370143.9354033, 'mtime': 1743552000.0, 'ctime': 1785370143.9164033, 'gr_name': 'root', 'pw_name': 'root', 'wusr': True, 'rusr': True, 'xusr': True, 'wgrp': False, 'rgrp': True, 'xgrp': True, 'woth': False, 'roth': True, 'xoth': True, 'isuid': False, 'isgid': False})
ok: [localhost] => (item={'path': '/srv', 'mode': '0755', 'isdir': True, 'ischr': False, 'isblk': False, 'isreg': False, 'isfifo': False, 'islnk': False, 'issock': False, 'uid': 0, 'gid': 0, 'size': 4096, 'inode': 8398467, 'dev': 124, 'nlink': 2, 'atime': 1785370143.9354033, 'mtime': 1743552000.0, 'ctime': 1785370143.9164033, 'gr_name': 'root', 'pw_name': 'root', 'wusr': True, 'rusr': True, 'xusr': True, 'wgrp': False, 'rgrp': True, 'xgrp': True, 'woth': False, 'roth': True, 'xoth': True, 'isuid': False, 'isgid': False})
ok: [localhost] => (item={'path': '/media', 'mode': '0755', 'isdir': True, 'ischr': False, 'isblk': False, 'isreg': False, 'isfifo': False, 'islnk': False, 'issock': False, 'uid': 0, 'gid': 0, 'size': 4096, 'inode': 8398456, 'dev': 124, 'nlink': 2, 'atime': 1785370143.9354033, 'mtime': 1743552000.0, 'ctime': 1785370143.9164033, 'gr_name': 'root', 'pw_name': 'root', 'wusr': True, 'rusr': True, 'xusr': True, 'wgrp': False, 'rgrp': True, 'xgrp': True, 'woth': False, 'roth': True, 'xoth': True, 'isuid': False, 'isgid': False})
ok: [localhost] => (item={'path': '/usr', 'mode': '0755', 'isdir': True, 'ischr': False, 'isblk': False, 'isreg': False, 'isfifo': False, 'islnk': False, 'issock': False, 'uid': 0, 'gid': 0, 'size': 4096, 'inode': 9846343, 'dev': 124, 'nlink': 1, 'atime': 1785488786.9568465, 'mtime': 1784581677.0, 'ctime': 1785488837.9217396, 'gr_name': 'root', 'pw_name': 'root', 'wusr': True, 'rusr': True, 'xusr': True, 'wgrp': False, 'rgrp': True, 'xgrp': True, 'woth': False, 'roth': True, 'xoth': True, 'isuid': False, 'isgid': False})
ok: [localhost] => (item={'path': '/tmp', 'mode': '1777', 'isdir': True, 'ischr': False, 'isblk': False, 'isreg': False, 'isfifo': False, 'islnk': False, 'issock': False, 'uid': 0, 'gid': 0, 'size': 4096, 'inode': 8398469, 'dev': 124, 'nlink': 1, 'atime': 1785488932.5311546, 'mtime': 1785488932.5294735, 'ctime': 1785488932.5294735, 'gr_name': 'root', 'pw_name': 'root', 'wusr': True, 'rusr': True, 'xusr': True, 'wgrp': True, 'rgrp': True, 'xgrp': True, 'woth': True, 'roth': True, 'xoth': True, 'isuid': False, 'isgid': False})
ok: [localhost] => (item={'path': '/root', 'mode': '0550', 'isdir': True, 'ischr': False, 'isblk': False, 'isreg': False, 'isfifo': False, 'islnk': False, 'issock': False, 'uid': 0, 'gid': 0, 'size': 4096, 'inode': 9846301, 'dev': 124, 'nlink': 1, 'atime': 1785488921.7480054, 'mtime': 1785488794.0447137, 'ctime': 1785488794.0447137, 'gr_name': 'root', 'pw_name': 'root', 'wusr': False, 'rusr': True, 'xusr': True, 'wgrp': False, 'rgrp': True, 'xgrp': True, 'woth': False, 'roth': False, 'xoth': False, 'isuid': False, 'isgid': False})
ok: [localhost] => (item={'path': '/stigforge', 'mode': '0755', 'isdir': True, 'ischr': False, 'isblk': False, 'isreg': False, 'isfifo': False, 'islnk': False, 'issock': False, 'uid': 0, 'gid': 0, 'size': 4096, 'inode': 9846335, 'dev': 124, 'nlink': 1, 'atime': 1785488792.1407409, 'mtime': 1785488792.084606, 'ctime': 1785488793.5247211, 'gr_name': 'root', 'pw_name': 'root', 'wusr': True, 'rusr': True, 'xusr': True, 'wgrp': False, 'rgrp': True, 'xgrp': True, 'woth': False, 'roth': True, 'xoth': True, 'isuid': False, 'isgid': False})

TASK [/stigforge/roles/ol10_stig : Verify that All World-Writable Directories Have Sticky Bits Set - Increment Search Paths List with Local Partitions Mount Points] ***
ok: [localhost] => (item={'mount': '/stigforge/generator', 'device': '/dev/mapper/ubuntu--vg-ubuntu--lv', 'fstype': 'ext4', 'options': 'ro,relatime,bind', 'dump': 0, 'passno': 0, 'size_total': 980122034176, 'size_available': 627045167104, 'block_size': 4096, 'block_total': 239287606, 'block_available': 153087199, 'block_used': 86200407, 'inode_total': 60850176, 'inode_available': 59442771, 'inode_used': 1407405, 'uuid': 'N/A'})
ok: [localhost] => (item={'mount': '/stigforge/pyproject.toml', 'device': '/dev/mapper/ubuntu--vg-ubuntu--lv', 'fstype': 'ext4', 'options': 'ro,relatime,bind', 'dump': 0, 'passno': 0, 'size_total': 980122034176, 'size_available': 627045167104, 'block_size': 4096, 'block_total': 239287606, 'block_available': 153087199, 'block_used': 86200407, 'inode_total': 60850176, 'inode_available': 59442771, 'inode_used': 1407405, 'uuid': 'N/A'})
ok: [localhost] => (item={'mount': '/stigforge/artifacts', 'device': '/dev/mapper/ubuntu--vg-ubuntu--lv', 'fstype': 'ext4', 'options': 'rw,relatime,bind', 'dump': 0, 'passno': 0, 'size_total': 980122034176, 'size_available': 627045167104, 'block_size': 4096, 'block_total': 239287606, 'block_available': 153087199, 'block_used': 86200407, 'inode_total': 60850176, 'inode_available': 59442771, 'inode_used': 1407405, 'uuid': 'N/A'})
ok: [localhost] => (item={'mount': '/stigforge/roles', 'device': '/dev/mapper/ubuntu--vg-ubuntu--lv', 'fstype': 'ext4', 'options': 'ro,relatime,bind', 'dump': 0, 'passno': 0, 'size_total': 980122034176, 'size_available': 627045167104, 'block_size': 4096, 'block_total': 239287606, 'block_available': 153087199, 'block_used': 86200407, 'inode_total': 60850176, 'inode_available': 59442771, 'inode_used': 1407405, 'uuid': 'N/A'})
ok: [localhost] => (item={'mount': '/stigforge/policy', 'device': '/dev/mapper/ubuntu--vg-ubuntu--lv', 'fstype': 'ext4', 'options': 'ro,relatime,bind', 'dump': 0, 'passno': 0, 'size_total': 980122034176, 'size_available': 627045167104, 'block_size': 4096, 'block_total': 239287606, 'block_available': 153087199, 'block_used': 86200407, 'inode_total': 60850176, 'inode_available': 59442771, 'inode_used': 1407405, 'uuid': 'N/A'})
ok: [localhost] => (item={'mount': '/etc/resolv.conf', 'device': '/dev/mapper/ubuntu--vg-ubuntu--lv', 'fstype': 'ext4', 'options': 'rw,relatime,bind', 'dump': 0, 'passno': 0, 'size_total': 980122034176, 'size_available': 627045167104, 'block_size': 4096, 'block_total': 239287606, 'block_available': 153087199, 'block_used': 86200407, 'inode_total': 60850176, 'inode_available': 59442771, 'inode_used': 1407405, 'uuid': 'N/A'})
ok: [localhost] => (item={'mount': '/etc/hostname', 'device': '/dev/mapper/ubuntu--vg-ubuntu--lv', 'fstype': 'ext4', 'options': 'rw,relatime,bind', 'dump': 0, 'passno': 0, 'size_total': 980122034176, 'size_available': 627045167104, 'block_size': 4096, 'block_total': 239287606, 'block_available': 153087199, 'block_used': 86200407, 'inode_total': 60850176, 'inode_available': 59442771, 'inode_used': 1407405, 'uuid': 'N/A'})
ok: [localhost] => (item={'mount': '/etc/hosts', 'device': '/dev/mapper/ubuntu--vg-ubuntu--lv', 'fstype': 'ext4', 'options': 'rw,relatime,bind', 'dump': 0, 'passno': 0, 'size_total': 980122034176, 'size_available': 627045167104, 'block_size': 4096, 'block_total': 239287606, 'block_available': 153087199, 'block_used': 86200407, 'inode_total': 60850176, 'inode_available': 59442771, 'inode_used': 1407405, 'uuid': 'N/A'})

TASK [/stigforge/roles/ol10_stig : Verify that All World-Writable Directories Have Sticky Bits Set - Increment Search Paths List with Local NFS File System Targets] ***
skipping: [localhost] => (item={'mount': '/stigforge/generator', 'device': '/dev/mapper/ubuntu--vg-ubuntu--lv', 'fstype': 'ext4', 'options': 'ro,relatime,bind', 'dump': 0, 'passno': 0, 'size_total': 980122034176, 'size_available': 627045167104, 'block_size': 4096, 'block_total': 239287606, 'block_available': 153087199, 'block_used': 86200407, 'inode_total': 60850176, 'inode_available': 59442771, 'inode_used': 1407405, 'uuid': 'N/A'}) 
skipping: [localhost] => (item={'mount': '/stigforge/pyproject.toml', 'device': '/dev/mapper/ubuntu--vg-ubuntu--lv', 'fstype': 'ext4', 'options': 'ro,relatime,bind', 'dump': 0, 'passno': 0, 'size_total': 980122034176, 'size_available': 627045167104, 'block_size': 4096, 'block_total': 239287606, 'block_available': 153087199, 'block_used': 86200407, 'inode_total': 60850176, 'inode_available': 59442771, 'inode_used': 1407405, 'uuid': 'N/A'}) 
skipping: [localhost] => (item={'mount': '/stigforge/artifacts', 'device': '/dev/mapper/ubuntu--vg-ubuntu--lv', 'fstype': 'ext4', 'options': 'rw,relatime,bind', 'dump': 0, 'passno': 0, 'size_total': 980122034176, 'size_available': 627045167104, 'block_size': 4096, 'block_total': 239287606, 'block_available': 153087199, 'block_used': 86200407, 'inode_total': 60850176, 'inode_available': 59442771, 'inode_used': 1407405, 'uuid': 'N/A'}) 
skipping: [localhost] => (item={'mount': '/stigforge/roles', 'device': '/dev/mapper/ubuntu--vg-ubuntu--lv', 'fstype': 'ext4', 'options': 'ro,relatime,bind', 'dump': 0, 'passno': 0, 'size_total': 980122034176, 'size_available': 627045167104, 'block_size': 4096, 'block_total': 239287606, 'block_available': 153087199, 'block_used': 86200407, 'inode_total': 60850176, 'inode_available': 59442771, 'inode_used': 1407405, 'uuid': 'N/A'}) 
skipping: [localhost] => (item={'mount': '/stigforge/policy', 'device': '/dev/mapper/ubuntu--vg-ubuntu--lv', 'fstype': 'ext4', 'options': 'ro,relatime,bind', 'dump': 0, 'passno': 0, 'size_total': 980122034176, 'size_available': 627045167104, 'block_size': 4096, 'block_total': 239287606, 'block_available': 153087199, 'block_used': 86200407, 'inode_total': 60850176, 'inode_available': 59442771, 'inode_used': 1407405, 'uuid': 'N/A'}) 
skipping: [localhost] => (item={'mount': '/etc/resolv.conf', 'device': '/dev/mapper/ubuntu--vg-ubuntu--lv', 'fstype': 'ext4', 'options': 'rw,relatime,bind', 'dump': 0, 'passno': 0, 'size_total': 980122034176, 'size_available': 627045167104, 'block_size': 4096, 'block_total': 239287606, 'block_available': 153087199, 'block_used': 86200407, 'inode_total': 60850176, 'inode_available': 59442771, 'inode_used': 1407405, 'uuid': 'N/A'}) 
skipping: [localhost] => (item={'mount': '/etc/hostname', 'device': '/dev/mapper/ubuntu--vg-ubuntu--lv', 'fstype': 'ext4', 'options': 'rw,relatime,bind', 'dump': 0, 'passno': 0, 'size_total': 980122034176, 'size_available': 627045167104, 'block_size': 4096, 'block_total': 239287606, 'block_available': 153087199, 'block_used': 86200407, 'inode_total': 60850176, 'inode_available': 59442771, 'inode_used': 1407405, 'uuid': 'N/A'}) 
skipping: [localhost] => (item={'mount': '/etc/hosts', 'device': '/dev/mapper/ubuntu--vg-ubuntu--lv', 'fstype': 'ext4', 'options': 'rw,relatime,bind', 'dump': 0, 'passno': 0, 'size_total': 980122034176, 'size_available': 627045167104, 'block_size': 4096, 'block_total': 239287606, 'block_available': 153087199, 'block_used': 86200407, 'inode_total': 60850176, 'inode_available': 59442771, 'inode_used': 1407405, 'uuid': 'N/A'}) 
skipping: [localhost]

TASK [/stigforge/roles/ol10_stig : Verify that All World-Writable Directories Have Sticky Bits Set - Define Rule Specific Facts] ***
ok: [localhost]

TASK [/stigforge/roles/ol10_stig : Verify that All World-Writable Directories Have Sticky Bits Set - Find All Uncompliant Directories in Local File Systems] ***
ok: [localhost] => (item=/stigforge/artifacts)
ok: [localhost] => (item=/stigforge)
ok: [localhost] => (item=/stigforge/generator)
ok: [localhost] => (item=/etc/resolv.conf)
ok: [localhost] => (item=/opt)
ok: [localhost] => (item=/var)
ok: [localhost] => (item=/tmp)
ok: [localhost] => (item=/media)
ok: [localhost] => (item=/afs)
ok: [localhost] => (item=/home)
ok: [localhost] => (item=/stigforge/roles)
ok: [localhost] => (item=/stigforge/pyproject.toml)
ok: [localhost] => (item=/etc)
ok: [localhost] => (item=/stigforge/policy)
ok: [localhost] => (item=/etc/hosts)
ok: [localhost] => (item=/root)
ok: [localhost] => (item=/srv)
ok: [localhost] => (item=/mnt)
ok: [localhost] => (item=/etc/hostname)
ok: [localhost] => (item=/boot)
ok: [localhost] => (item=/usr)

TASK [/stigforge/roles/ol10_stig : Verify that All World-Writable Directories Have Sticky Bits Set - Create List of World Writable Directories Without Sticky Bit] ***
ok: [localhost] => (item={'changed': False, 'stdout': '', 'stderr': '', 'rc': 0, 'cmd': ['find', '/stigforge/artifacts', '-xdev', '-type', 'd', '(', '-perm', '-0002', '-a', '!', '-perm', '-1000', ')'], 'start': '2026-07-31 09:08:53.005502', 'end': '2026-07-31 09:08:53.008338', 'delta': '0:00:00.002836', 'msg': '', 'invocation': {'module_args': {'_raw_params': 'find /stigforge/artifacts -xdev -type d ( -perm -0002 -a ! -perm -1000 )', '_uses_shell': False, 'expand_argument_vars': True, 'stdin_add_newline': True, 'strip_empty_ends': True, 'argv': None, 'chdir': None, 'executable': None, 'creates': None, 'removes': None, 'stdin': None}}, 'stdout_lines': [], 'stderr_lines': [], 'failed': False, 'item': '/stigforge/artifacts', 'ansible_loop_var': 'item'})
ok: [localhost] => (item={'changed': False, 'stdout': '', 'stderr': '', 'rc': 0, 'cmd': ['find', '/stigforge', '-xdev', '-type', 'd', '(', '-perm', '-0002', '-a', '!', '-perm', '-1000', ')'], 'start': '2026-07-31 09:08:53.131083', 'end': '2026-07-31 09:08:53.133718', 'delta': '0:00:00.002635', 'msg': '', 'invocation': {'module_args': {'_raw_params': 'find /stigforge -xdev -type d ( -perm -0002 -a ! -perm -1000 )', '_uses_shell': False, 'expand_argument_vars': True, 'stdin_add_newline': True, 'strip_empty_ends': True, 'argv': None, 'chdir': None, 'executable': None, 'creates': None, 'removes': None, 'stdin': None}}, 'stdout_lines': [], 'stderr_lines': [], 'failed': False, 'item': '/stigforge', 'ansible_loop_var': 'item'})
ok: [localhost] => (item={'changed': False, 'stdout': '', 'stderr': '', 'rc': 0, 'cmd': ['find', '/stigforge/generator', '-xdev', '-type', 'd', '(', '-perm', '-0002', '-a', '!', '-perm', '-1000', ')'], 'start': '2026-07-31 09:08:53.252876', 'end': '2026-07-31 09:08:53.255588', 'delta': '0:00:00.002712', 'msg': '', 'invocation': {'module_args': {'_raw_params': 'find /stigforge/generator -xdev -type d ( -perm -0002 -a ! -perm -1000 )', '_uses_shell': False, 'expand_argument_vars': True, 'stdin_add_newline': True, 'strip_empty_ends': True, 'argv': None, 'chdir': None, 'executable': None, 'creates': None, 'removes': None, 'stdin': None}}, 'stdout_lines': [], 'stderr_lines': [], 'failed': False, 'item': '/stigforge/generator', 'ansible_loop_var': 'item'})
ok: [localhost] => (item={'changed': False, 'stdout': '', 'stderr': '', 'rc': 0, 'cmd': ['find', '/etc/resolv.conf', '-xdev', '-type', 'd', '(', '-perm', '-0002', '-a', '!', '-perm', '-1000', ')'], 'start': '2026-07-31 09:08:53.368063', 'end': '2026-07-31 09:08:53.370494', 'delta': '0:00:00.002431', 'msg': '', 'invocation': {'module_args': {'_raw_params': 'find /etc/resolv.conf -xdev -type d ( -perm -0002 -a ! -perm -1000 )', '_uses_shell': False, 'expand_argument_vars': True, 'stdin_add_newline': True, 'strip_empty_ends': True, 'argv': None, 'chdir': None, 'executable': None, 'creates': None, 'removes': None, 'stdin': None}}, 'stdout_lines': [], 'stderr_lines': [], 'failed': False, 'item': '/etc/resolv.conf', 'ansible_loop_var': 'item'})
ok: [localhost] => (item={'changed': False, 'stdout': '', 'stderr': '', 'rc': 0, 'cmd': ['find', '/opt', '-xdev', '-type', 'd', '(', '-perm', '-0002', '-a', '!', '-perm', '-1000', ')'], 'start': '2026-07-31 09:08:53.518666', 'end': '2026-07-31 09:08:53.521469', 'delta': '0:00:00.002803', 'msg': '', 'invocation': {'module_args': {'_raw_params': 'find /opt -xdev -type d ( -perm -0002 -a ! -perm -1000 )', '_uses_shell': False, 'expand_argument_vars': True, 'stdin_add_newline': True, 'strip_empty_ends': True, 'argv': None, 'chdir': None, 'executable': None, 'creates': None, 'removes': None, 'stdin': None}}, 'stdout_lines': [], 'stderr_lines': [], 'failed': False, 'item': '/opt', 'ansible_loop_var': 'item'})
ok: [localhost] => (item={'changed': False, 'stdout': '', 'stderr': '', 'rc': 0, 'cmd': ['find', '/var', '-xdev', '-type', 'd', '(', '-perm', '-0002', '-a', '!', '-perm', '-1000', ')'], 'start': '2026-07-31 09:08:53.628735', 'end': '2026-07-31 09:08:53.632131', 'delta': '0:00:00.003396', 'msg': '', 'invocation': {'module_args': {'_raw_params': 'find /var -xdev -type d ( -perm -0002 -a ! -perm -1000 )', '_uses_shell': False, 'expand_argument_vars': True, 'stdin_add_newline': True, 'strip_empty_ends': True, 'argv': None, 'chdir': None, 'executable': None, 'creates': None, 'removes': None, 'stdin': None}}, 'stdout_lines': [], 'stderr_lines': [], 'failed': False, 'item': '/var', 'ansible_loop_var': 'item'})
ok: [localhost] => (item={'changed': False, 'stdout': '', 'stderr': '', 'rc': 0, 'cmd': ['find', '/tmp', '-xdev', '-type', 'd', '(', '-perm', '-0002', '-a', '!', '-perm', '-1000', ')'], 'start': '2026-07-31 09:08:53.752371', 'end': '2026-07-31 09:08:53.754814', 'delta': '0:00:00.002443', 'msg': '', 'invocation': {'module_args': {'_raw_params': 'find /tmp -xdev -type d ( -perm -0002 -a ! -perm -1000 )', '_uses_shell': False, 'expand_argument_vars': True, 'stdin_add_newline': True, 'strip_empty_ends': True, 'argv': None, 'chdir': None, 'executable': None, 'creates': None, 'removes': None, 'stdin': None}}, 'stdout_lines': [], 'stderr_lines': [], 'failed': False, 'item': '/tmp', 'ansible_loop_var': 'item'})
ok: [localhost] => (item={'changed': False, 'stdout': '', 'stderr': '', 'rc': 0, 'cmd': ['find', '/media', '-xdev', '-type', 'd', '(', '-perm', '-0002', '-a', '!', '-perm', '-1000', ')'], 'start': '2026-07-31 09:08:53.873123', 'end': '2026-07-31 09:08:53.875792', 'delta': '0:00:00.002669', 'msg': '', 'invocation': {'module_args': {'_raw_params': 'find /media -xdev -type d ( -perm -0002 -a ! -perm -1000 )', '_uses_shell': False, 'expand_argument_vars': True, 'stdin_add_newline': True, 'strip_empty_ends': True, 'argv': None, 'chdir': None, 'executable': None, 'creates': None, 'removes': None, 'stdin': None}}, 'stdout_lines': [], 'stderr_lines': [], 'failed': False, 'item': '/media', 'ansible_loop_var': 'item'})
ok: [localhost] => (item={'changed': False, 'stdout': '', 'stderr': '', 'rc': 0, 'cmd': ['find', '/afs', '-xdev', '-type', 'd', '(', '-perm', '-0002', '-a', '!', '-perm', '-1000', ')'], 'start': '2026-07-31 09:08:54.006500', 'end': '2026-07-31 09:08:54.009025', 'delta': '0:00:00.002525', 'msg': '', 'invocation': {'module_args': {'_raw_params': 'find /afs -xdev -type d ( -perm -0002 -a ! -perm -1000 )', '_uses_shell': False, 'expand_argument_vars': True, 'stdin_add_newline': True, 'strip_empty_ends': True, 'argv': None, 'chdir': None, 'executable': None, 'creates': None, 'removes': None, 'stdin': None}}, 'stdout_lines': [], 'stderr_lines': [], 'failed': False, 'item': '/afs', 'ansible_loop_var': 'item'})
ok: [localhost] => (item={'changed': False, 'stdout': '', 'stderr': '', 'rc': 0, 'cmd': ['find', '/home', '-xdev', '-type', 'd', '(', '-perm', '-0002', '-a', '!', '-perm', '-1000', ')'], 'start': '2026-07-31 09:08:54.130799', 'end': '2026-07-31 09:08:54.133263', 'delta': '0:00:00.002464', 'msg': '', 'invocation': {'module_args': {'_raw_params': 'find /home -xdev -type d ( -perm -0002 -a ! -perm -1000 )', '_uses_shell': False, 'expand_argument_vars': True, 'stdin_add_newline': True, 'strip_empty_ends': True, 'argv': None, 'chdir': None, 'executable': None, 'creates': None, 'removes': None, 'stdin': None}}, 'stdout_lines': [], 'stderr_lines': [], 'failed': False, 'item': '/home', 'ansible_loop_var': 'item'})
ok: [localhost] => (item={'changed': False, 'stdout': '', 'stderr': '', 'rc': 0, 'cmd': ['find', '/stigforge/roles', '-xdev', '-type', 'd', '(', '-perm', '-0002', '-a', '!', '-perm', '-1000', ')'], 'start': '2026-07-31 09:08:54.264283', 'end': '2026-07-31 09:08:55.268210', 'delta': '0:00:01.003927', 'msg': '', 'invocation': {'module_args': {'_raw_params': 'find /stigforge/roles -xdev -type d ( -perm -0002 -a ! -perm -1000 )', '_uses_shell': False, 'expand_argument_vars': True, 'stdin_add_newline': True, 'strip_empty_ends': True, 'argv': None, 'chdir': None, 'executable': None, 'creates': None, 'removes': None, 'stdin': None}}, 'stdout_lines': [], 'stderr_lines': [], 'failed': False, 'item': '/stigforge/roles', 'ansible_loop_var': 'item'})
ok: [localhost] => (item={'changed': False, 'stdout': '', 'stderr': '', 'rc': 0, 'cmd': ['find', '/stigforge/pyproject.toml', '-xdev', '-type', 'd', '(', '-perm', '-0002', '-a', '!', '-perm', '-1000', ')'], 'start': '2026-07-31 09:08:55.389221', 'end': '2026-07-31 09:08:55.391510', 'delta': '0:00:00.002289', 'msg': '', 'invocation': {'module_args': {'_raw_params': 'find /stigforge/pyproject.toml -xdev -type d ( -perm -0002 -a ! -perm -1000 )', '_uses_shell': False, 'expand_argument_vars': True, 'stdin_add_newline': True, 'strip_empty_ends': True, 'argv': None, 'chdir': None, 'executable': None, 'creates': None, 'removes': None, 'stdin': None}}, 'stdout_lines': [], 'stderr_lines': [], 'failed': False, 'item': '/stigforge/pyproject.toml', 'ansible_loop_var': 'item'})
ok: [localhost] => (item={'changed': False, 'stdout': '', 'stderr': '', 'rc': 0, 'cmd': ['find', '/etc', '-xdev', '-type', 'd', '(', '-perm', '-0002', '-a', '!', '-perm', '-1000', ')'], 'start': '2026-07-31 09:08:55.508115', 'end': '2026-07-31 09:08:55.511737', 'delta': '0:00:00.003622', 'msg': '', 'invocation': {'module_args': {'_raw_params': 'find /etc -xdev -type d ( -perm -0002 -a ! -perm -1000 )', '_uses_shell': False, 'expand_argument_vars': True, 'stdin_add_newline': True, 'strip_empty_ends': True, 'argv': None, 'chdir': None, 'executable': None, 'creates': None, 'removes': None, 'stdin': None}}, 'stdout_lines': [], 'stderr_lines': [], 'failed': False, 'item': '/etc', 'ansible_loop_var': 'item'})
ok: [localhost] => (item={'changed': False, 'stdout': '', 'stderr': '', 'rc': 0, 'cmd': ['find', '/stigforge/policy', '-xdev', '-type', 'd', '(', '-perm', '-0002', '-a', '!', '-perm', '-1000', ')'], 'start': '2026-07-31 09:08:55.634295', 'end': '2026-07-31 09:08:55.636977', 'delta': '0:00:00.002682', 'msg': '', 'invocation': {'module_args': {'_raw_params': 'find /stigforge/policy -xdev -type d ( -perm -0002 -a ! -perm -1000 )', '_uses_shell': False, 'expand_argument_vars': True, 'stdin_add_newline': True, 'strip_empty_ends': True, 'argv': None, 'chdir': None, 'executable': None, 'creates': None, 'removes': None, 'stdin': None}}, 'stdout_lines': [], 'stderr_lines': [], 'failed': False, 'item': '/stigforge/policy', 'ansible_loop_var': 'item'})
ok: [localhost] => (item={'changed': False, 'stdout': '', 'stderr': '', 'rc': 0, 'cmd': ['find', '/etc/hosts', '-xdev', '-type', 'd', '(', '-perm', '-0002', '-a', '!', '-perm', '-1000', ')'], 'start': '2026-07-31 09:08:55.748054', 'end': '2026-07-31 09:08:55.750701', 'delta': '0:00:00.002647', 'msg': '', 'invocation': {'module_args': {'_raw_params': 'find /etc/hosts -xdev -type d ( -perm -0002 -a ! -perm -1000 )', '_uses_shell': False, 'expand_argument_vars': True, 'stdin_add_newline': True, 'strip_empty_ends': True, 'argv': None, 'chdir': None, 'executable': None, 'creates': None, 'removes': None, 'stdin': None}}, 'stdout_lines': [], 'stderr_lines': [], 'failed': False, 'item': '/etc/hosts', 'ansible_loop_var': 'item'})
ok: [localhost] => (item={'changed': False, 'stdout': '', 'stderr': '', 'rc': 0, 'cmd': ['find', '/root', '-xdev', '-type', 'd', '(', '-perm', '-0002', '-a', '!', '-perm', '-1000', ')'], 'start': '2026-07-31 09:08:55.881342', 'end': '2026-07-31 09:08:55.883886', 'delta': '0:00:00.002544', 'msg': '', 'invocation': {'module_args': {'_raw_params': 'find /root -xdev -type d ( -perm -0002 -a ! -perm -1000 )', '_uses_shell': False, 'expand_argument_vars': True, 'stdin_add_newline': True, 'strip_empty_ends': True, 'argv': None, 'chdir': None, 'executable': None, 'creates': None, 'removes': None, 'stdin': None}}, 'stdout_lines': [], 'stderr_lines': [], 'failed': False, 'item': '/root', 'ansible_loop_var': 'item'})
ok: [localhost] => (item={'changed': False, 'stdout': '', 'stderr': '', 'rc': 0, 'cmd': ['find', '/srv', '-xdev', '-type', 'd', '(', '-perm', '-0002', '-a', '!', '-perm', '-1000', ')'], 'start': '2026-07-31 09:08:56.013053', 'end': '2026-07-31 09:08:56.015359', 'delta': '0:00:00.002306', 'msg': '', 'invocation': {'module_args': {'_raw_params': 'find /srv -xdev -type d ( -perm -0002 -a ! -perm -1000 )', '_uses_shell': False, 'expand_argument_vars': True, 'stdin_add_newline': True, 'strip_empty_ends': True, 'argv': None, 'chdir': None, 'executable': None, 'creates': None, 'removes': None, 'stdin': None}}, 'stdout_lines': [], 'stderr_lines': [], 'failed': False, 'item': '/srv', 'ansible_loop_var': 'item'})
ok: [localhost] => (item={'changed': False, 'stdout': '', 'stderr': '', 'rc': 0, 'cmd': ['find', '/mnt', '-xdev', '-type', 'd', '(', '-perm', '-0002', '-a', '!', '-perm', '-1000', ')'], 'start': '2026-07-31 09:08:56.138293', 'end': '2026-07-31 09:08:56.140815', 'delta': '0:00:00.002522', 'msg': '', 'invocation': {'module_args': {'_raw_params': 'find /mnt -xdev -type d ( -perm -0002 -a ! -perm -1000 )', '_uses_shell': False, 'expand_argument_vars': True, 'stdin_add_newline': True, 'strip_empty_ends': True, 'argv': None, 'chdir': None, 'executable': None, 'creates': None, 'removes': None, 'stdin': None}}, 'stdout_lines': [], 'stderr_lines': [], 'failed': False, 'item': '/mnt', 'ansible_loop_var': 'item'})
ok: [localhost] => (item={'changed': False, 'stdout': '', 'stderr': '', 'rc': 0, 'cmd': ['find', '/etc/hostname', '-xdev', '-type', 'd', '(', '-perm', '-0002', '-a', '!', '-perm', '-1000', ')'], 'start': '2026-07-31 09:08:56.263180', 'end': '2026-07-31 09:08:56.265550', 'delta': '0:00:00.002370', 'msg': '', 'invocation': {'module_args': {'_raw_params': 'find /etc/hostname -xdev -type d ( -perm -0002 -a ! -perm -1000 )', '_uses_shell': False, 'expand_argument_vars': True, 'stdin_add_newline': True, 'strip_empty_ends': True, 'argv': None, 'chdir': None, 'executable': None, 'creates': None, 'removes': None, 'stdin': None}}, 'stdout_lines': [], 'stderr_lines': [], 'failed': False, 'item': '/etc/hostname', 'ansible_loop_var': 'item'})
ok: [localhost] => (item={'changed': False, 'stdout': '', 'stderr': '', 'rc': 0, 'cmd': ['find', '/boot', '-xdev', '-type', 'd', '(', '-perm', '-0002', '-a', '!', '-perm', '-1000', ')'], 'start': '2026-07-31 09:08:56.385193', 'end': '2026-07-31 09:08:57.388138', 'delta': '0:00:01.002945', 'msg': '', 'invocation': {'module_args': {'_raw_params': 'find /boot -xdev -type d ( -perm -0002 -a ! -perm -1000 )', '_uses_shell': False, 'expand_argument_vars': True, 'stdin_add_newline': True, 'strip_empty_ends': True, 'argv': None, 'chdir': None, 'executable': None, 'creates': None, 'removes': None, 'stdin': None}}, 'stdout_lines': [], 'stderr_lines': [], 'failed': False, 'item': '/boot', 'ansible_loop_var': 'item'})
ok: [localhost] => (item={'changed': False, 'stdout': '', 'stderr': '', 'rc': 0, 'cmd': ['find', '/usr', '-xdev', '-type', 'd', '(', '-perm', '-0002', '-a', '!', '-perm', '-1000', ')'], 'start': '2026-07-31 09:08:57.513844', 'end': '2026-07-31 09:08:57.547715', 'delta': '0:00:00.033871', 'msg': '', 'invocation': {'module_args': {'_raw_params': 'find /usr -xdev -type d ( -perm -0002 -a ! -perm -1000 )', '_uses_shell': False, 'expand_argument_vars': True, 'stdin_add_newline': True, 'strip_empty_ends': True, 'argv': None, 'chdir': None, 'executable': None, 'creates': None, 'removes': None, 'stdin': None}}, 'stdout_lines': [], 'stderr_lines': [], 'failed': False, 'item': '/usr', 'ansible_loop_var': 'item'})

TASK [/stigforge/roles/ol10_stig : Verify that All World-Writable Directories Have Sticky Bits Set - Ensure Sticky Bit is Set on Local World Writable Directories] ***
skipping: [localhost]

TASK [/stigforge/roles/ol10_stig : List /etc/sysctl.d/*.conf files] ************
skipping: [localhost]

TASK [/stigforge/roles/ol10_stig : Comment out any occurrences of fs.protected_hardlinks from config files] ***
skipping: [localhost]

TASK [/stigforge/roles/ol10_stig : Ensure sysctl fs.protected_hardlinks is set to 1] ***
skipping: [localhost]

TASK [/stigforge/roles/ol10_stig : List /etc/sysctl.d/*.conf files] ************
skipping: [localhost]

TASK [/stigforge/roles/ol10_stig : Comment out any occurrences of fs.protected_symlinks from config files] ***
skipping: [localhost]

TASK [/stigforge/roles/ol10_stig : Ensure sysctl fs.protected_symlinks is set to 1] ***
skipping: [localhost]

TASK [/stigforge/roles/ol10_stig : Set the file_groupowner_backup_etc_group_newgroup variable if represented by gid] ***
ok: [localhost]

TASK [/stigforge/roles/ol10_stig : Test for existence /etc/group-] *************
ok: [localhost]

TASK [/stigforge/roles/ol10_stig : Ensure group owner on /etc/group-] **********
ok: [localhost]

TASK [/stigforge/roles/ol10_stig : Set the file_groupowner_backup_etc_gshadow_newgroup variable if represented by gid] ***
ok: [localhost]

TASK [/stigforge/roles/ol10_stig : Test for existence /etc/gshadow-] ***********
ok: [localhost]

TASK [/stigforge/roles/ol10_stig : Ensure group owner on /etc/gshadow-] ********
ok: [localhost]

TASK [/stigforge/roles/ol10_stig : Set the file_groupowner_backup_etc_passwd_newgroup variable if represented by gid] ***
ok: [localhost]

TASK [/stigforge/roles/ol10_stig : Test for existence /etc/passwd-] ************
ok: [localhost]

TASK [/stigforge/roles/ol10_stig : Ensure group owner on /etc/passwd-] *********
ok: [localhost]

TASK [/stigforge/roles/ol10_stig : Set the file_groupowner_backup_etc_shadow_newgroup variable if represented by gid] ***
ok: [localhost]

TASK [/stigforge/roles/ol10_stig : Test for existence /etc/shadow-] ************
ok: [localhost]

TASK [/stigforge/roles/ol10_stig : Ensure group owner on /etc/shadow-] *********
ok: [localhost]

TASK [/stigforge/roles/ol10_stig : Set the file_groupowner_etc_group_newgroup variable if represented by gid] ***
ok: [localhost]

TASK [/stigforge/roles/ol10_stig : Test for existence /etc/group] **************
ok: [localhost]

TASK [/stigforge/roles/ol10_stig : Ensure group owner on /etc/group] ***********
ok: [localhost]

TASK [/stigforge/roles/ol10_stig : Set the file_groupowner_etc_gshadow_newgroup variable if represented by gid] ***
ok: [localhost]

TASK [/stigforge/roles/ol10_stig : Test for existence /etc/gshadow] ************
ok: [localhost]

TASK [/stigforge/roles/ol10_stig : Ensure group owner on /etc/gshadow] *********
ok: [localhost]

TASK [/stigforge/roles/ol10_stig : Set the file_groupowner_etc_passwd_newgroup variable if represented by gid] ***
ok: [localhost]

TASK [/stigforge/roles/ol10_stig : Test for existence /etc/passwd] *************
ok: [localhost]

TASK [/stigforge/roles/ol10_stig : Ensure group owner on /etc/passwd] **********
ok: [localhost]

TASK [/stigforge/roles/ol10_stig : Set the file_groupowner_etc_shadow_newgroup variable if represented by gid] ***
ok: [localhost]

TASK [/stigforge/roles/ol10_stig : Test for existence /etc/shadow] *************
ok: [localhost]

TASK [/stigforge/roles/ol10_stig : Ensure group owner on /etc/shadow] **********
ok: [localhost]

TASK [/stigforge/roles/ol10_stig : Set the file_owner_backup_etc_group_newown variable if represented by uid] ***
ok: [localhost]

TASK [/stigforge/roles/ol10_stig : Test for existence /etc/group-] *************
ok: [localhost]

TASK [/stigforge/roles/ol10_stig : Ensure owner on /etc/group-] ****************
ok: [localhost]

TASK [/stigforge/roles/ol10_stig : Set the file_owner_backup_etc_gshadow_newown variable if represented by uid] ***
ok: [localhost]

TASK [/stigforge/roles/ol10_stig : Test for existence /etc/gshadow-] ***********
ok: [localhost]

TASK [/stigforge/roles/ol10_stig : Ensure owner on /etc/gshadow-] **************
ok: [localhost]

TASK [/stigforge/roles/ol10_stig : Set the file_owner_backup_etc_passwd_newown variable if represented by uid] ***
ok: [localhost]

TASK [/stigforge/roles/ol10_stig : Test for existence /etc/passwd-] ************
ok: [localhost]

TASK [/stigforge/roles/ol10_stig : Ensure owner on /etc/passwd-] ***************
ok: [localhost]

TASK [/stigforge/roles/ol10_stig : Set the file_owner_backup_etc_shadow_newown variable if represented by uid] ***
ok: [localhost]

TASK [/stigforge/roles/ol10_stig : Test for existence /etc/shadow-] ************
ok: [localhost]

TASK [/stigforge/roles/ol10_stig : Ensure owner on /etc/shadow-] ***************
ok: [localhost]

TASK [/stigforge/roles/ol10_stig : Set the file_owner_etc_group_newown variable if represented by uid] ***
ok: [localhost]

TASK [/stigforge/roles/ol10_stig : Test for existence /etc/group] **************
ok: [localhost]

TASK [/stigforge/roles/ol10_stig : Ensure owner on /etc/group] *****************
ok: [localhost]

TASK [/stigforge/roles/ol10_stig : Set the file_owner_etc_gshadow_newown variable if represented by uid] ***
ok: [localhost]

TASK [/stigforge/roles/ol10_stig : Test for existence /etc/gshadow] ************
ok: [localhost]

TASK [/stigforge/roles/ol10_stig : Ensure owner on /etc/gshadow] ***************
ok: [localhost]

TASK [/stigforge/roles/ol10_stig : Set the file_owner_etc_passwd_newown variable if represented by uid] ***
ok: [localhost]

TASK [/stigforge/roles/ol10_stig : Test for existence /etc/passwd] *************
ok: [localhost]

TASK [/stigforge/roles/ol10_stig : Ensure owner on /etc/passwd] ****************
ok: [localhost]

TASK [/stigforge/roles/ol10_stig : Set the file_owner_etc_shadow_newown variable if represented by uid] ***
ok: [localhost]

TASK [/stigforge/roles/ol10_stig : Test for existence /etc/shadow] *************
ok: [localhost]

TASK [/stigforge/roles/ol10_stig : Ensure owner on /etc/shadow] ****************
ok: [localhost]

TASK [/stigforge/roles/ol10_stig : Test for existence /etc/group-] *************
ok: [localhost]

TASK [/stigforge/roles/ol10_stig : Ensure permission u-xs,g-xws,o-xwt on /etc/group-] ***
ok: [localhost]

TASK [/stigforge/roles/ol10_stig : Test for existence /etc/gshadow-] ***********
ok: [localhost]

TASK [/stigforge/roles/ol10_stig : Ensure permission u-xwrs,g-xwrs,o-xwrt on /etc/gshadow-] ***
ok: [localhost]

TASK [/stigforge/roles/ol10_stig : Test for existence /etc/passwd-] ************
ok: [localhost]

TASK [/stigforge/roles/ol10_stig : Ensure permission u-xs,g-xws,o-xwt on /etc/passwd-] ***
ok: [localhost]

TASK [/stigforge/roles/ol10_stig : Test for existence /etc/shadow-] ************
ok: [localhost]

TASK [/stigforge/roles/ol10_stig : Ensure permission u-xwrs,g-xwrs,o-xwrt on /etc/shadow-] ***
ok: [localhost]

TASK [/stigforge/roles/ol10_stig : Test for existence /etc/group] **************
ok: [localhost]

TASK [/stigforge/roles/ol10_stig : Ensure permission u-xs,g-xws,o-xwt on /etc/group] ***
ok: [localhost]

TASK [/stigforge/roles/ol10_stig : Test for existence /etc/gshadow] ************
ok: [localhost]

TASK [/stigforge/roles/ol10_stig : Ensure permission u-xwrs,g-xwrs,o-xwrt on /etc/gshadow] ***
ok: [localhost]

TASK [/stigforge/roles/ol10_stig : Test for existence /etc/passwd] *************
ok: [localhost]

TASK [/stigforge/roles/ol10_stig : Ensure permission u-xs,g-xws,o-xwt on /etc/passwd] ***
ok: [localhost]

TASK [/stigforge/roles/ol10_stig : Test for existence /etc/shadow] *************
ok: [localhost]

TASK [/stigforge/roles/ol10_stig : Ensure permission u-xwrs,g-xwrs,o-xwrt on /etc/shadow] ***
ok: [localhost]

TASK [/stigforge/roles/ol10_stig : Set the file_groupowner_var_log_newgroup variable if represented by gid] ***
ok: [localhost]

TASK [/stigforge/roles/ol10_stig : Ensure group owner on /var/log/] ************
ok: [localhost]

TASK [/stigforge/roles/ol10_stig : Set the file_groupowner_var_log_messages_newgroup variable if represented by gid] ***
ok: [localhost]

TASK [/stigforge/roles/ol10_stig : Test for existence /var/log/messages] *******
ok: [localhost]

TASK [/stigforge/roles/ol10_stig : Ensure group owner on /var/log/messages] ****
skipping: [localhost]

TASK [/stigforge/roles/ol10_stig : Set the file_owner_var_log_newown variable if represented by uid] ***
ok: [localhost]

TASK [/stigforge/roles/ol10_stig : Ensure owner on directory /var/log/] ********
ok: [localhost]

TASK [/stigforge/roles/ol10_stig : Set the file_owner_var_log_messages_newown variable if represented by uid] ***
ok: [localhost]

TASK [/stigforge/roles/ol10_stig : Test for existence /var/log/messages] *******
ok: [localhost]

TASK [/stigforge/roles/ol10_stig : Ensure owner on /var/log/messages] **********
skipping: [localhost]

TASK [/stigforge/roles/ol10_stig : Find /var/log/ file(s)] *********************
ok: [localhost]

TASK [/stigforge/roles/ol10_stig : Set permissions for /var/log/ file(s)] ******
skipping: [localhost]

TASK [/stigforge/roles/ol10_stig : Test for existence /var/log/messages] *******
ok: [localhost]

TASK [/stigforge/roles/ol10_stig : Ensure permission u-xs,g-xwrs,o-xwrt on /var/log/messages] ***
skipping: [localhost]

TASK [/stigforge/roles/ol10_stig : Set the dir_group_ownership_library_dirs_newgroup variable if represented by gid] ***
ok: [localhost]

TASK [/stigforge/roles/ol10_stig : Ensure group owner on /lib/ recursively] ****
ok: [localhost]

TASK [/stigforge/roles/ol10_stig : Ensure group owner on /lib64/ recursively] ***
ok: [localhost]

TASK [/stigforge/roles/ol10_stig : Ensure group owner on /usr/lib/ recursively] ***
ok: [localhost]

TASK [/stigforge/roles/ol10_stig : Ensure group owner on /usr/lib64/ recursively] ***
ok: [localhost]

TASK [/stigforge/roles/ol10_stig : Set the dir_ownership_library_dirs_newown variable if represented by uid] ***
ok: [localhost]

TASK [/stigforge/roles/ol10_stig : Ensure owner on directory /lib/ recursively] ***
ok: [localhost]

TASK [/stigforge/roles/ol10_stig : Ensure owner on directory /lib64/ recursively] ***
ok: [localhost]

TASK [/stigforge/roles/ol10_stig : Ensure owner on directory /usr/lib/ recursively] ***
ok: [localhost]

TASK [/stigforge/roles/ol10_stig : Ensure owner on directory /usr/lib64/ recursively] ***
ok: [localhost]

TASK [/stigforge/roles/ol10_stig : Find /lib/ file(s) recursively] *************
ok: [localhost]

TASK [/stigforge/roles/ol10_stig : Set permissions for /lib/ file(s)] **********
skipping: [localhost]

TASK [/stigforge/roles/ol10_stig : Find /lib64/ file(s) recursively] ***********
ok: [localhost]

TASK [/stigforge/roles/ol10_stig : Set permissions for /lib64/ file(s)] ********
skipping: [localhost]

TASK [/stigforge/roles/ol10_stig : Find /usr/lib/ file(s) recursively] *********
ok: [localhost]

TASK [/stigforge/roles/ol10_stig : Set permissions for /usr/lib/ file(s)] ******
skipping: [localhost]

TASK [/stigforge/roles/ol10_stig : Find /usr/lib64/ file(s) recursively] *******
ok: [localhost]

TASK [/stigforge/roles/ol10_stig : Set permissions for /usr/lib64/ file(s)] ****
skipping: [localhost]

TASK [/stigforge/roles/ol10_stig : Retrieve the system command files and set their group ownership to root] ***
ok: [localhost] => (item=/bin)
ok: [localhost] => (item=/sbin)
ok: [localhost] => (item=/usr/bin)
ok: [localhost] => (item=/usr/sbin)
ok: [localhost] => (item=/usr/local/bin)
ok: [localhost] => (item=/usr/local/sbin)

TASK [/stigforge/roles/ol10_stig : Read list of system executables without root ownership] ***
ok: [localhost]

TASK [/stigforge/roles/ol10_stig : Set ownership to root of system executables] ***
skipping: [localhost]

TASK [/stigforge/roles/ol10_stig : Set the file_ownership_library_dirs_newown variable if represented by uid] ***
ok: [localhost]

TASK [/stigforge/roles/ol10_stig : Find /lib/ file(s) matching ^.*$ recursively] ***
ok: [localhost]

TASK [/stigforge/roles/ol10_stig : Ensure owner on /lib/ file(s) matching ^.*$] ***
skipping: [localhost]

TASK [/stigforge/roles/ol10_stig : Find /lib64/ file(s) matching ^.*$ recursively] ***
ok: [localhost]

TASK [/stigforge/roles/ol10_stig : Ensure owner on /lib64/ file(s) matching ^.*$] ***
skipping: [localhost]

TASK [/stigforge/roles/ol10_stig : Find /usr/lib/ file(s) matching ^.*$ recursively] ***
ok: [localhost]

TASK [/stigforge/roles/ol10_stig : Ensure owner on /usr/lib/ file(s) matching ^.*$] ***
skipping: [localhost]

TASK [/stigforge/roles/ol10_stig : Find /usr/lib64/ file(s) matching ^.*$ recursively] ***
ok: [localhost]

TASK [/stigforge/roles/ol10_stig : Ensure owner on /usr/lib64/ file(s) matching ^.*$] ***
skipping: [localhost]

TASK [/stigforge/roles/ol10_stig : Read list of world and group writable system executables] ***
ok: [localhost]

TASK [/stigforge/roles/ol10_stig : Remove world/group writability of system executables] ***
skipping: [localhost]

TASK [/stigforge/roles/ol10_stig : Find /lib/ file(s) recursively] *************
ok: [localhost]

TASK [/stigforge/roles/ol10_stig : Set permissions for /lib/ file(s)] **********
skipping: [localhost]

TASK [/stigforge/roles/ol10_stig : Find /lib64/ file(s) recursively] ***********
ok: [localhost]

TASK [/stigforge/roles/ol10_stig : Set permissions for /lib64/ file(s)] ********
skipping: [localhost]

TASK [/stigforge/roles/ol10_stig : Find /usr/lib/ file(s) recursively] *********
ok: [localhost]

TASK [/stigforge/roles/ol10_stig : Set permissions for /usr/lib/ file(s)] ******
skipping: [localhost]

TASK [/stigforge/roles/ol10_stig : Find /usr/lib64/ file(s) recursively] *******
ok: [localhost]

TASK [/stigforge/roles/ol10_stig : Set permissions for /usr/lib64/ file(s)] ****
skipping: [localhost]

TASK [/stigforge/roles/ol10_stig : Set the root_permissions_syslibrary_files_newgroup variable if represented by gid] ***
ok: [localhost]

TASK [/stigforge/roles/ol10_stig : Find /lib/ file(s) matching ^.*$ recursively] ***
ok: [localhost]

TASK [/stigforge/roles/ol10_stig : Ensure group owner on /lib/ file(s) matching ^.*$] ***
skipping: [localhost]

TASK [/stigforge/roles/ol10_stig : Find /lib64/ file(s) matching ^.*$ recursively] ***
ok: [localhost]

TASK [/stigforge/roles/ol10_stig : Ensure group owner on /lib64/ file(s) matching ^.*$] ***
skipping: [localhost]

TASK [/stigforge/roles/ol10_stig : Find /usr/lib/ file(s) matching ^.*$ recursively] ***
ok: [localhost]

TASK [/stigforge/roles/ol10_stig : Ensure group owner on /usr/lib/ file(s) matching ^.*$] ***
skipping: [localhost]

TASK [/stigforge/roles/ol10_stig : Find /usr/lib64/ file(s) matching ^.*$ recursively] ***
ok: [localhost]

TASK [/stigforge/roles/ol10_stig : Ensure group owner on /usr/lib64/ file(s) matching ^.*$] ***
skipping: [localhost]

TASK [/stigforge/roles/ol10_stig : Ensure rootfiles tmpfile.d is Configured Correctly - Find configation files] ***
ok: [localhost]

TASK [/stigforge/roles/ol10_stig : Ensure rootfiles tmpfile.d is Configured Correctly - Remove existing configuration] ***
skipping: [localhost]

TASK [/stigforge/roles/ol10_stig : Ensure rootfiles tmpfile.d is Configured Correctly] ***
changed: [localhost]

TASK [/stigforge/roles/ol10_stig : Ensure rootfiles tmpfile.d is Configured Correctly - Find configation files] ***
ok: [localhost]

TASK [/stigforge/roles/ol10_stig : Ensure rootfiles tmpfile.d is Configured Correctly - Remove existing configuration] ***
ok: [localhost] => (item={'path': '/etc/tmpfiles.d/rootfiles.conf', 'mode': '0644', 'isdir': False, 'ischr': False, 'isblk': False, 'isreg': True, 'isfifo': False, 'islnk': False, 'issock': False, 'uid': 0, 'gid': 0, 'size': 71, 'inode': 9830906, 'dev': 124, 'nlink': 1, 'atime': 1785488954.5515983, 'mtime': 1785488954.5529628, 'ctime': 1785488954.5529628, 'gr_name': 'root', 'pw_name': 'root', 'wusr': True, 'rusr': True, 'xusr': False, 'wgrp': False, 'rgrp': True, 'xgrp': False, 'woth': False, 'roth': True, 'xoth': False, 'isuid': False, 'isgid': False})

TASK [/stigforge/roles/ol10_stig : Ensure rootfiles tmpfile.d is Configured Correctly] ***
changed: [localhost]

TASK [/stigforge/roles/ol10_stig : Ensure rootfiles tmpfile.d is Configured Correctly - Find configation files] ***
ok: [localhost]

TASK [/stigforge/roles/ol10_stig : Ensure rootfiles tmpfile.d is Configured Correctly - Remove existing configuration] ***
ok: [localhost] => (item={'path': '/etc/tmpfiles.d/rootfiles.conf', 'mode': '0644', 'isdir': False, 'ischr': False, 'isblk': False, 'isreg': True, 'isfifo': False, 'islnk': False, 'issock': False, 'uid': 0, 'gid': 0, 'size': 144, 'inode': 9830927, 'dev': 124, 'nlink': 1, 'atime': 1785488955.0538397, 'mtime': 1785488955.05384, 'ctime': 1785488955.0537736, 'gr_name': 'root', 'pw_name': 'root', 'wusr': True, 'rusr': True, 'xusr': False, 'wgrp': False, 'rgrp': True, 'xgrp': False, 'woth': False, 'roth': True, 'xoth': False, 'isuid': False, 'isgid': False})

TASK [/stigforge/roles/ol10_stig : Ensure rootfiles tmpfile.d is Configured Correctly] ***
changed: [localhost]

TASK [/stigforge/roles/ol10_stig : Ensure rootfiles tmpfile.d is Configured Correctly - Find configation files] ***
ok: [localhost]

TASK [/stigforge/roles/ol10_stig : Ensure rootfiles tmpfile.d is Configured Correctly - Remove existing configuration] ***
ok: [localhost] => (item={'path': '/etc/tmpfiles.d/rootfiles.conf', 'mode': '0644', 'isdir': False, 'ischr': False, 'isblk': False, 'isreg': True, 'isfifo': False, 'islnk': False, 'issock': False, 'uid': 0, 'gid': 0, 'size': 205, 'inode': 9830929, 'dev': 124, 'nlink': 1, 'atime': 1785488955.512629, 'mtime': 1785488955.5126295, 'ctime': 1785488955.5125651, 'gr_name': 'root', 'pw_name': 'root', 'wusr': True, 'rusr': True, 'xusr': False, 'wgrp': False, 'rgrp': True, 'xgrp': False, 'woth': False, 'roth': True, 'xoth': False, 'isuid': False, 'isgid': False})

TASK [/stigforge/roles/ol10_stig : Ensure rootfiles tmpfile.d is Configured Correctly] ***
changed: [localhost]

TASK [/stigforge/roles/ol10_stig : Ensure rootfiles tmpfile.d is Configured Correctly - Find configation files] ***
ok: [localhost]

TASK [/stigforge/roles/ol10_stig : Ensure rootfiles tmpfile.d is Configured Correctly - Remove existing configuration] ***
ok: [localhost] => (item={'path': '/etc/tmpfiles.d/rootfiles.conf', 'mode': '0644', 'isdir': False, 'ischr': False, 'isblk': False, 'isreg': True, 'isfifo': False, 'islnk': False, 'issock': False, 'uid': 0, 'gid': 0, 'size': 264, 'inode': 9830931, 'dev': 124, 'nlink': 1, 'atime': 1785488955.9814603, 'mtime': 1785488955.9814606, 'ctime': 1785488955.981396, 'gr_name': 'root', 'pw_name': 'root', 'wusr': True, 'rusr': True, 'xusr': False, 'wgrp': False, 'rgrp': True, 'xgrp': False, 'woth': False, 'roth': True, 'xoth': False, 'isuid': False, 'isgid': False})

TASK [/stigforge/roles/ol10_stig : Ensure rootfiles tmpfile.d is Configured Correctly] ***
changed: [localhost]

TASK [/stigforge/roles/ol10_stig : Ensure kernel module 'usb-storage' is disabled] ***
skipping: [localhost]

TASK [/stigforge/roles/ol10_stig : Ensure kernel module 'usb-storage' is blacklisted] ***
skipping: [localhost]

TASK [/stigforge/roles/ol10_stig : Add nodev Option to /boot: Check information associated to mountpoint] ***
skipping: [localhost]

TASK [/stigforge/roles/ol10_stig : Add nodev Option to /boot: Create mount_info dictionary variable] ***
skipping: [localhost]

TASK [/stigforge/roles/ol10_stig : Add nodev Option to /boot: If /boot not mounted, craft mount_info manually] ***
skipping: [localhost] => (item=['target', '/boot']) 
skipping: [localhost] => (item=['source', '']) 
skipping: [localhost] => (item=['fstype', '']) 
skipping: [localhost] => (item=['options', 'defaults']) 
skipping: [localhost]

TASK [/stigforge/roles/ol10_stig : Add nodev Option to /boot: Make sure nodev option is part of the to /boot options] ***
skipping: [localhost]

TASK [/stigforge/roles/ol10_stig : Add nodev Option to /boot: Ensure /boot is mounted with nodev option] ***
skipping: [localhost]

TASK [/stigforge/roles/ol10_stig : Add nosuid Option to /boot: Check information associated to mountpoint] ***
skipping: [localhost]

TASK [/stigforge/roles/ol10_stig : Add nosuid Option to /boot: Create mount_info dictionary variable] ***
skipping: [localhost]

TASK [/stigforge/roles/ol10_stig : Add nosuid Option to /boot: If /boot not mounted, craft mount_info manually] ***
skipping: [localhost] => (item=['target', '/boot']) 
skipping: [localhost] => (item=['source', '']) 
skipping: [localhost] => (item=['fstype', '']) 
skipping: [localhost] => (item=['options', 'defaults']) 
skipping: [localhost]

TASK [/stigforge/roles/ol10_stig : Add nosuid Option to /boot: Make sure nosuid option is part of the to /boot options] ***
skipping: [localhost]

TASK [/stigforge/roles/ol10_stig : Add nosuid Option to /boot: Ensure /boot is mounted with nosuid option] ***
skipping: [localhost]

TASK [/stigforge/roles/ol10_stig : Add nodev Option to /dev/shm: Check information associated to mountpoint] ***
skipping: [localhost]

TASK [/stigforge/roles/ol10_stig : Add nodev Option to /dev/shm: Create mount_info dictionary variable] ***
skipping: [localhost]

TASK [/stigforge/roles/ol10_stig : Add nodev Option to /dev/shm: If /dev/shm not mounted, craft mount_info manually] ***
skipping: [localhost] => (item=['target', '/dev/shm']) 
skipping: [localhost] => (item=['source', 'tmpfs']) 
skipping: [localhost] => (item=['fstype', 'tmpfs']) 
skipping: [localhost] => (item=['options', 'defaults']) 
skipping: [localhost]

TASK [/stigforge/roles/ol10_stig : Add nodev Option to /dev/shm: Make sure nodev option is part of the to /dev/shm options] ***
skipping: [localhost]

TASK [/stigforge/roles/ol10_stig : Add nodev Option to /dev/shm: Ensure /dev/shm is mounted with nodev option] ***
skipping: [localhost]

TASK [/stigforge/roles/ol10_stig : Add noexec Option to /dev/shm: Check information associated to mountpoint] ***
skipping: [localhost]

TASK [/stigforge/roles/ol10_stig : Add noexec Option to /dev/shm: Create mount_info dictionary variable] ***
skipping: [localhost]

TASK [/stigforge/roles/ol10_stig : Add noexec Option to /dev/shm: If /dev/shm not mounted, craft mount_info manually] ***
skipping: [localhost] => (item=['target', '/dev/shm']) 
skipping: [localhost] => (item=['source', 'tmpfs']) 
skipping: [localhost] => (item=['fstype', 'tmpfs']) 
skipping: [localhost] => (item=['options', 'defaults']) 
skipping: [localhost]

TASK [/stigforge/roles/ol10_stig : Add noexec Option to /dev/shm: Make sure noexec option is part of the to /dev/shm options] ***
skipping: [localhost]

TASK [/stigforge/roles/ol10_stig : Add noexec Option to /dev/shm: Ensure /dev/shm is mounted with noexec option] ***
skipping: [localhost]

TASK [/stigforge/roles/ol10_stig : Add nosuid Option to /dev/shm: Check information associated to mountpoint] ***
skipping: [localhost]

TASK [/stigforge/roles/ol10_stig : Add nosuid Option to /dev/shm: Create mount_info dictionary variable] ***
skipping: [localhost]

TASK [/stigforge/roles/ol10_stig : Add nosuid Option to /dev/shm: If /dev/shm not mounted, craft mount_info manually] ***
skipping: [localhost] => (item=['target', '/dev/shm']) 
skipping: [localhost] => (item=['source', 'tmpfs']) 
skipping: [localhost] => (item=['fstype', 'tmpfs']) 
skipping: [localhost] => (item=['options', 'defaults']) 
skipping: [localhost]

TASK [/stigforge/roles/ol10_stig : Add nosuid Option to /dev/shm: Make sure nosuid option is part of the to /dev/shm options] ***
skipping: [localhost]

TASK [/stigforge/roles/ol10_stig : Add nosuid Option to /dev/shm: Ensure /dev/shm is mounted with nosuid option] ***
skipping: [localhost]

TASK [/stigforge/roles/ol10_stig : Add nodev Option to /home - Initialize variables] ***
skipping: [localhost]

TASK [/stigforge/roles/ol10_stig : Add nodev Option to /home - Get home directories from passwd] ***
skipping: [localhost]

TASK [/stigforge/roles/ol10_stig : Add nodev Option to /home - Filter home directories based on UID range] ***
skipping: [localhost] => (item={'user': 'root', 'data': ['x', '0', '0', 'Super User', '/root', '/bin/bash']}) 
skipping: [localhost] => (item={'user': 'bin', 'data': ['x', '1', '1', 'bin', '/bin', '/sbin/nologin']}) 
skipping: [localhost] => (item={'user': 'daemon', 'data': ['x', '2', '2', 'daemon', '/sbin', '/sbin/nologin']}) 
skipping: [localhost] => (item={'user': 'adm', 'data': ['x', '3', '4', 'adm', '/var/adm', '/sbin/nologin']}) 
skipping: [localhost] => (item={'user': 'lp', 'data': ['x', '4', '7', 'lp', '/var/spool/lpd', '/sbin/nologin']}) 
skipping: [localhost] => (item={'user': 'sync', 'data': ['x', '5', '0', 'sync', '/sbin', '/bin/sync']}) 
skipping: [localhost] => (item={'user': 'shutdown', 'data': ['x', '6', '0', 'shutdown', '/sbin', '/sbin/shutdown']}) 
skipping: [localhost] => (item={'user': 'halt', 'data': ['x', '7', '0', 'halt', '/sbin', '/sbin/halt']}) 
skipping: [localhost] => (item={'user': 'mail', 'data': ['x', '8', '12', 'mail', '/var/spool/mail', '/sbin/nologin']}) 
skipping: [localhost] => (item={'user': 'operator', 'data': ['x', '11', '0', 'operator', '/root', '/sbin/nologin']}) 
skipping: [localhost] => (item={'user': 'games', 'data': ['x', '12', '100', 'games', '/usr/games', '/sbin/nologin']}) 
skipping: [localhost] => (item={'user': 'ftp', 'data': ['x', '14', '50', 'FTP User', '/var/ftp', '/sbin/nologin']}) 
skipping: [localhost] => (item={'user': 'nobody', 'data': ['x', '65534', '65534', 'Kernel Overflow User', '/', '/usr/sbin/nologin']}) 
skipping: [localhost] => (item={'user': 'systemd-oom', 'data': ['x', '999', '999', 'systemd Userspace OOM Killer', '/', '/sbin/nologin']}) 
skipping: [localhost] => (item={'user': 'dbus', 'data': ['x', '81', '81', 'System Message Bus', '/', '/sbin/nologin']}) 
skipping: [localhost] => (item={'user': 'tss', 'data': ['x', '59', '59', 'Account used for TPM access', '/', '/sbin/nologin']}) 
skipping: [localhost] => (item={'user': 'sshd', 'data': ['x', '74', '74', 'Privilege-separated SSH', '/usr/share/empty.sshd', '/sbin/nologin']}) 
skipping: [localhost] => (item={'user': 'unbound', 'data': ['x', '998', '998', 'Unbound DNS resolver', '/var/lib/unbound', '/sbin/nologin']}) 
skipping: [localhost]

TASK [/stigforge/roles/ol10_stig : Add nodev Option to /home - Gather mount points] ***
skipping: [localhost]

TASK [/stigforge/roles/ol10_stig :  Add nodev Option to /home - Obtain mount point using df and shell] ***
skipping: [localhost]

TASK [/stigforge/roles/ol10_stig : Add nodev Option to /home - Set mount point for each home directory] ***
skipping: [localhost]

TASK [/stigforge/roles/ol10_stig : Add nodev Option to /home - Obtain full mount information for allowed mount point] ***
skipping: [localhost]

TASK [/stigforge/roles/ol10_stig : Add nodev Option to /home - Ensure mount option nodev is in fstab for allowed mount point] ***
skipping: [localhost]

TASK [/stigforge/roles/ol10_stig : Add noexec Option to /home - Initialize variables] ***
skipping: [localhost]

TASK [/stigforge/roles/ol10_stig : Add noexec Option to /home - Get home directories from passwd] ***
skipping: [localhost]

TASK [/stigforge/roles/ol10_stig : Add noexec Option to /home - Filter home directories based on UID range] ***
skipping: [localhost] => (item={'user': 'root', 'data': ['x', '0', '0', 'Super User', '/root', '/bin/bash']}) 
skipping: [localhost] => (item={'user': 'bin', 'data': ['x', '1', '1', 'bin', '/bin', '/sbin/nologin']}) 
skipping: [localhost] => (item={'user': 'daemon', 'data': ['x', '2', '2', 'daemon', '/sbin', '/sbin/nologin']}) 
skipping: [localhost] => (item={'user': 'adm', 'data': ['x', '3', '4', 'adm', '/var/adm', '/sbin/nologin']}) 
skipping: [localhost] => (item={'user': 'lp', 'data': ['x', '4', '7', 'lp', '/var/spool/lpd', '/sbin/nologin']}) 
skipping: [localhost] => (item={'user': 'sync', 'data': ['x', '5', '0', 'sync', '/sbin', '/bin/sync']}) 
skipping: [localhost] => (item={'user': 'shutdown', 'data': ['x', '6', '0', 'shutdown', '/sbin', '/sbin/shutdown']}) 
skipping: [localhost] => (item={'user': 'halt', 'data': ['x', '7', '0', 'halt', '/sbin', '/sbin/halt']}) 
skipping: [localhost] => (item={'user': 'mail', 'data': ['x', '8', '12', 'mail', '/var/spool/mail', '/sbin/nologin']}) 
skipping: [localhost] => (item={'user': 'operator', 'data': ['x', '11', '0', 'operator', '/root', '/sbin/nologin']}) 
skipping: [localhost] => (item={'user': 'games', 'data': ['x', '12', '100', 'games', '/usr/games', '/sbin/nologin']}) 
skipping: [localhost] => (item={'user': 'ftp', 'data': ['x', '14', '50', 'FTP User', '/var/ftp', '/sbin/nologin']}) 
skipping: [localhost] => (item={'user': 'nobody', 'data': ['x', '65534', '65534', 'Kernel Overflow User', '/', '/usr/sbin/nologin']}) 
skipping: [localhost] => (item={'user': 'systemd-oom', 'data': ['x', '999', '999', 'systemd Userspace OOM Killer', '/', '/sbin/nologin']}) 
skipping: [localhost] => (item={'user': 'dbus', 'data': ['x', '81', '81', 'System Message Bus', '/', '/sbin/nologin']}) 
skipping: [localhost] => (item={'user': 'tss', 'data': ['x', '59', '59', 'Account used for TPM access', '/', '/sbin/nologin']}) 
skipping: [localhost] => (item={'user': 'sshd', 'data': ['x', '74', '74', 'Privilege-separated SSH', '/usr/share/empty.sshd', '/sbin/nologin']}) 
skipping: [localhost] => (item={'user': 'unbound', 'data': ['x', '998', '998', 'Unbound DNS resolver', '/var/lib/unbound', '/sbin/nologin']}) 
skipping: [localhost]

TASK [/stigforge/roles/ol10_stig : Add noexec Option to /home - Gather mount points] ***
skipping: [localhost]

TASK [/stigforge/roles/ol10_stig :  Add noexec Option to /home - Obtain mount point using df and shell] ***
skipping: [localhost]

TASK [/stigforge/roles/ol10_stig : Add noexec Option to /home - Set mount point for each home directory] ***
skipping: [localhost]

TASK [/stigforge/roles/ol10_stig : Add noexec Option to /home - Obtain full mount information for allowed mount point] ***
skipping: [localhost]

TASK [/stigforge/roles/ol10_stig : Add noexec Option to /home - Ensure mount option noexec is in fstab for allowed mount point] ***
skipping: [localhost]

TASK [/stigforge/roles/ol10_stig : Add nosuid Option to /home - Initialize variables] ***
skipping: [localhost]

TASK [/stigforge/roles/ol10_stig : Add nosuid Option to /home - Get home directories from passwd] ***
skipping: [localhost]

TASK [/stigforge/roles/ol10_stig : Add nosuid Option to /home - Filter home directories based on UID range] ***
skipping: [localhost] => (item={'user': 'root', 'data': ['x', '0', '0', 'Super User', '/root', '/bin/bash']}) 
skipping: [localhost] => (item={'user': 'bin', 'data': ['x', '1', '1', 'bin', '/bin', '/sbin/nologin']}) 
skipping: [localhost] => (item={'user': 'daemon', 'data': ['x', '2', '2', 'daemon', '/sbin', '/sbin/nologin']}) 
skipping: [localhost] => (item={'user': 'adm', 'data': ['x', '3', '4', 'adm', '/var/adm', '/sbin/nologin']}) 
skipping: [localhost] => (item={'user': 'lp', 'data': ['x', '4', '7', 'lp', '/var/spool/lpd', '/sbin/nologin']}) 
skipping: [localhost] => (item={'user': 'sync', 'data': ['x', '5', '0', 'sync', '/sbin', '/bin/sync']}) 
skipping: [localhost] => (item={'user': 'shutdown', 'data': ['x', '6', '0', 'shutdown', '/sbin', '/sbin/shutdown']}) 
skipping: [localhost] => (item={'user': 'halt', 'data': ['x', '7', '0', 'halt', '/sbin', '/sbin/halt']}) 
skipping: [localhost] => (item={'user': 'mail', 'data': ['x', '8', '12', 'mail', '/var/spool/mail', '/sbin/nologin']}) 
skipping: [localhost] => (item={'user': 'operator', 'data': ['x', '11', '0', 'operator', '/root', '/sbin/nologin']}) 
skipping: [localhost] => (item={'user': 'games', 'data': ['x', '12', '100', 'games', '/usr/games', '/sbin/nologin']}) 
skipping: [localhost] => (item={'user': 'ftp', 'data': ['x', '14', '50', 'FTP User', '/var/ftp', '/sbin/nologin']}) 
skipping: [localhost] => (item={'user': 'nobody', 'data': ['x', '65534', '65534', 'Kernel Overflow User', '/', '/usr/sbin/nologin']}) 
skipping: [localhost] => (item={'user': 'systemd-oom', 'data': ['x', '999', '999', 'systemd Userspace OOM Killer', '/', '/sbin/nologin']}) 
skipping: [localhost] => (item={'user': 'dbus', 'data': ['x', '81', '81', 'System Message Bus', '/', '/sbin/nologin']}) 
skipping: [localhost] => (item={'user': 'tss', 'data': ['x', '59', '59', 'Account used for TPM access', '/', '/sbin/nologin']}) 
skipping: [localhost] => (item={'user': 'sshd', 'data': ['x', '74', '74', 'Privilege-separated SSH', '/usr/share/empty.sshd', '/sbin/nologin']}) 
skipping: [localhost] => (item={'user': 'unbound', 'data': ['x', '998', '998', 'Unbound DNS resolver', '/var/lib/unbound', '/sbin/nologin']}) 
skipping: [localhost]

TASK [/stigforge/roles/ol10_stig : Add nosuid Option to /home - Gather mount points] ***
skipping: [localhost]

TASK [/stigforge/roles/ol10_stig :  Add nosuid Option to /home - Obtain mount point using df and shell] ***
skipping: [localhost]

TASK [/stigforge/roles/ol10_stig : Add nosuid Option to /home - Set mount point for each home directory] ***
skipping: [localhost]

TASK [/stigforge/roles/ol10_stig : Add nosuid Option to /home - Obtain full mount information for allowed mount point] ***
skipping: [localhost]

TASK [/stigforge/roles/ol10_stig : Add nosuid Option to /home - Ensure mount option nosuid is in fstab for allowed mount point] ***
skipping: [localhost]

TASK [/stigforge/roles/ol10_stig : Add nodev Option to Non-Root Local Partitions: Refresh facts] ***
skipping: [localhost]

TASK [/stigforge/roles/ol10_stig : Add nodev Option to Non-Root Local Partitions: Define excluded (non-local) file systems] ***
skipping: [localhost]

TASK [/stigforge/roles/ol10_stig : Add nodev Option to Non-Root Local Partitions: Ensure non-root local partitions are mounted with nodev option] ***
skipping: [localhost] => (item={'mount': '/stigforge/generator', 'device': '/dev/mapper/ubuntu--vg-ubuntu--lv', 'fstype': 'ext4', 'options': 'ro,relatime,bind', 'dump': 0, 'passno': 0, 'size_total': 980122034176, 'size_available': 627045167104, 'block_size': 4096, 'block_total': 239287606, 'block_available': 153087199, 'block_used': 86200407, 'inode_total': 60850176, 'inode_available': 59442771, 'inode_used': 1407405, 'uuid': 'N/A'}) 
skipping: [localhost] => (item={'mount': '/stigforge/pyproject.toml', 'device': '/dev/mapper/ubuntu--vg-ubuntu--lv', 'fstype': 'ext4', 'options': 'ro,relatime,bind', 'dump': 0, 'passno': 0, 'size_total': 980122034176, 'size_available': 627045167104, 'block_size': 4096, 'block_total': 239287606, 'block_available': 153087199, 'block_used': 86200407, 'inode_total': 60850176, 'inode_available': 59442771, 'inode_used': 1407405, 'uuid': 'N/A'}) 
skipping: [localhost] => (item={'mount': '/stigforge/artifacts', 'device': '/dev/mapper/ubuntu--vg-ubuntu--lv', 'fstype': 'ext4', 'options': 'rw,relatime,bind', 'dump': 0, 'passno': 0, 'size_total': 980122034176, 'size_available': 627045167104, 'block_size': 4096, 'block_total': 239287606, 'block_available': 153087199, 'block_used': 86200407, 'inode_total': 60850176, 'inode_available': 59442771, 'inode_used': 1407405, 'uuid': 'N/A'}) 
skipping: [localhost] => (item={'mount': '/stigforge/roles', 'device': '/dev/mapper/ubuntu--vg-ubuntu--lv', 'fstype': 'ext4', 'options': 'ro,relatime,bind', 'dump': 0, 'passno': 0, 'size_total': 980122034176, 'size_available': 627045167104, 'block_size': 4096, 'block_total': 239287606, 'block_available': 153087199, 'block_used': 86200407, 'inode_total': 60850176, 'inode_available': 59442771, 'inode_used': 1407405, 'uuid': 'N/A'}) 
skipping: [localhost] => (item={'mount': '/stigforge/policy', 'device': '/dev/mapper/ubuntu--vg-ubuntu--lv', 'fstype': 'ext4', 'options': 'ro,relatime,bind', 'dump': 0, 'passno': 0, 'size_total': 980122034176, 'size_available': 627045167104, 'block_size': 4096, 'block_total': 239287606, 'block_available': 153087199, 'block_used': 86200407, 'inode_total': 60850176, 'inode_available': 59442771, 'inode_used': 1407405, 'uuid': 'N/A'}) 
skipping: [localhost] => (item={'mount': '/etc/resolv.conf', 'device': '/dev/mapper/ubuntu--vg-ubuntu--lv', 'fstype': 'ext4', 'options': 'rw,relatime,bind', 'dump': 0, 'passno': 0, 'size_total': 980122034176, 'size_available': 627045167104, 'block_size': 4096, 'block_total': 239287606, 'block_available': 153087199, 'block_used': 86200407, 'inode_total': 60850176, 'inode_available': 59442771, 'inode_used': 1407405, 'uuid': 'N/A'}) 
skipping: [localhost] => (item={'mount': '/etc/hostname', 'device': '/dev/mapper/ubuntu--vg-ubuntu--lv', 'fstype': 'ext4', 'options': 'rw,relatime,bind', 'dump': 0, 'passno': 0, 'size_total': 980122034176, 'size_available': 627045167104, 'block_size': 4096, 'block_total': 239287606, 'block_available': 153087199, 'block_used': 86200407, 'inode_total': 60850176, 'inode_available': 59442771, 'inode_used': 1407405, 'uuid': 'N/A'}) 
skipping: [localhost] => (item={'mount': '/etc/hosts', 'device': '/dev/mapper/ubuntu--vg-ubuntu--lv', 'fstype': 'ext4', 'options': 'rw,relatime,bind', 'dump': 0, 'passno': 0, 'size_total': 980122034176, 'size_available': 627045167104, 'block_size': 4096, 'block_total': 239287606, 'block_available': 153087199, 'block_used': 86200407, 'inode_total': 60850176, 'inode_available': 59442771, 'inode_used': 1407405, 'uuid': 'N/A'}) 
skipping: [localhost]

TASK [/stigforge/roles/ol10_stig : Add nodev Option to Non-Root Local Partitions: Ensure non-root local partitions are present with nodev option in /etc/fstab] ***
skipping: [localhost]

TASK [/stigforge/roles/ol10_stig : Ensure permission nodev are set on var_removable_partition] ***
skipping: [localhost]

TASK [/stigforge/roles/ol10_stig : Ensure permission noexec are set on var_removable_partition] ***
skipping: [localhost]

TASK [/stigforge/roles/ol10_stig : Ensure permission nosuid are set on var_removable_partition] ***
skipping: [localhost]

TASK [/stigforge/roles/ol10_stig : Add nodev Option to /tmp: Check information associated to mountpoint] ***
skipping: [localhost]

TASK [/stigforge/roles/ol10_stig : Add nodev Option to /tmp: Create mount_info dictionary variable] ***
skipping: [localhost]

TASK [/stigforge/roles/ol10_stig : Add nodev Option to /tmp: If /tmp not mounted, craft mount_info manually] ***
skipping: [localhost] => (item=['target', '/tmp']) 
skipping: [localhost] => (item=['source', '']) 
skipping: [localhost] => (item=['fstype', '']) 
skipping: [localhost] => (item=['options', 'defaults']) 
skipping: [localhost]

TASK [/stigforge/roles/ol10_stig : Add nodev Option to /tmp: Make sure nodev option is part of the to /tmp options] ***
skipping: [localhost]

TASK [/stigforge/roles/ol10_stig : Add nodev Option to /tmp: Ensure /tmp is mounted with nodev option] ***
skipping: [localhost]

TASK [/stigforge/roles/ol10_stig : Add noexec Option to /tmp: Check information associated to mountpoint] ***
skipping: [localhost]

TASK [/stigforge/roles/ol10_stig : Add noexec Option to /tmp: Create mount_info dictionary variable] ***
skipping: [localhost]

TASK [/stigforge/roles/ol10_stig : Add noexec Option to /tmp: If /tmp not mounted, craft mount_info manually] ***
skipping: [localhost] => (item=['target', '/tmp']) 
skipping: [localhost] => (item=['source', '']) 
skipping: [localhost] => (item=['fstype', '']) 
skipping: [localhost] => (item=['options', 'defaults']) 
skipping: [localhost]

TASK [/stigforge/roles/ol10_stig : Add noexec Option to /tmp: Make sure noexec option is part of the to /tmp options] ***
skipping: [localhost]

TASK [/stigforge/roles/ol10_stig : Add noexec Option to /tmp: Ensure /tmp is mounted with noexec option] ***
skipping: [localhost]

TASK [/stigforge/roles/ol10_stig : Add nosuid Option to /tmp: Check information associated to mountpoint] ***
skipping: [localhost]

TASK [/stigforge/roles/ol10_stig : Add nosuid Option to /tmp: Create mount_info dictionary variable] ***
skipping: [localhost]

TASK [/stigforge/roles/ol10_stig : Add nosuid Option to /tmp: If /tmp not mounted, craft mount_info manually] ***
skipping: [localhost] => (item=['target', '/tmp']) 
skipping: [localhost] => (item=['source', '']) 
skipping: [localhost] => (item=['fstype', '']) 
skipping: [localhost] => (item=['options', 'defaults']) 
skipping: [localhost]

TASK [/stigforge/roles/ol10_stig : Add nosuid Option to /tmp: Make sure nosuid option is part of the to /tmp options] ***
skipping: [localhost]

TASK [/stigforge/roles/ol10_stig : Add nosuid Option to /tmp: Ensure /tmp is mounted with nosuid option] ***
skipping: [localhost]

TASK [/stigforge/roles/ol10_stig : Add nodev Option to /var/log/audit: Check information associated to mountpoint] ***
skipping: [localhost]

TASK [/stigforge/roles/ol10_stig : Add nodev Option to /var/log/audit: Create mount_info dictionary variable] ***
skipping: [localhost]

TASK [/stigforge/roles/ol10_stig : Add nodev Option to /var/log/audit: If /var/log/audit not mounted, craft mount_info manually] ***
skipping: [localhost] => (item=['target', '/var/log/audit']) 
skipping: [localhost] => (item=['source', '']) 
skipping: [localhost] => (item=['fstype', '']) 
skipping: [localhost] => (item=['options', 'defaults']) 
skipping: [localhost]

TASK [/stigforge/roles/ol10_stig : Add nodev Option to /var/log/audit: Make sure nodev option is part of the to /var/log/audit options] ***
skipping: [localhost]

TASK [/stigforge/roles/ol10_stig : Add nodev Option to /var/log/audit: Ensure /var/log/audit is mounted with nodev option] ***
skipping: [localhost]

TASK [/stigforge/roles/ol10_stig : Add noexec Option to /var/log/audit: Check information associated to mountpoint] ***
skipping: [localhost]

TASK [/stigforge/roles/ol10_stig : Add noexec Option to /var/log/audit: Create mount_info dictionary variable] ***
skipping: [localhost]

TASK [/stigforge/roles/ol10_stig : Add noexec Option to /var/log/audit: If /var/log/audit not mounted, craft mount_info manually] ***
skipping: [localhost] => (item=['target', '/var/log/audit']) 
skipping: [localhost] => (item=['source', '']) 
skipping: [localhost] => (item=['fstype', '']) 
skipping: [localhost] => (item=['options', 'defaults']) 
skipping: [localhost]

TASK [/stigforge/roles/ol10_stig : Add noexec Option to /var/log/audit: Make sure noexec option is part of the to /var/log/audit options] ***
skipping: [localhost]

TASK [/stigforge/roles/ol10_stig : Add noexec Option to /var/log/audit: Ensure /var/log/audit is mounted with noexec option] ***
skipping: [localhost]

TASK [/stigforge/roles/ol10_stig : Add nosuid Option to /var/log/audit: Check information associated to mountpoint] ***
skipping: [localhost]

TASK [/stigforge/roles/ol10_stig : Add nosuid Option to /var/log/audit: Create mount_info dictionary variable] ***
skipping: [localhost]

TASK [/stigforge/roles/ol10_stig : Add nosuid Option to /var/log/audit: If /var/log/audit not mounted, craft mount_info manually] ***
skipping: [localhost] => (item=['target', '/var/log/audit']) 
skipping: [localhost] => (item=['source', '']) 
skipping: [localhost] => (item=['fstype', '']) 
skipping: [localhost] => (item=['options', 'defaults']) 
skipping: [localhost]

TASK [/stigforge/roles/ol10_stig : Add nosuid Option to /var/log/audit: Make sure nosuid option is part of the to /var/log/audit options] ***
skipping: [localhost]

TASK [/stigforge/roles/ol10_stig : Add nosuid Option to /var/log/audit: Ensure /var/log/audit is mounted with nosuid option] ***
skipping: [localhost]

TASK [/stigforge/roles/ol10_stig : Add nodev Option to /var/log: Check information associated to mountpoint] ***
skipping: [localhost]

TASK [/stigforge/roles/ol10_stig : Add nodev Option to /var/log: Create mount_info dictionary variable] ***
skipping: [localhost]

TASK [/stigforge/roles/ol10_stig : Add nodev Option to /var/log: If /var/log not mounted, craft mount_info manually] ***
skipping: [localhost] => (item=['target', '/var/log']) 
skipping: [localhost] => (item=['source', '']) 
skipping: [localhost] => (item=['fstype', '']) 
skipping: [localhost] => (item=['options', 'defaults']) 
skipping: [localhost]

TASK [/stigforge/roles/ol10_stig : Add nodev Option to /var/log: Make sure nodev option is part of the to /var/log options] ***
skipping: [localhost]

TASK [/stigforge/roles/ol10_stig : Add nodev Option to /var/log: Ensure /var/log is mounted with nodev option] ***
skipping: [localhost]

TASK [/stigforge/roles/ol10_stig : Add noexec Option to /var/log: Check information associated to mountpoint] ***
skipping: [localhost]

TASK [/stigforge/roles/ol10_stig : Add noexec Option to /var/log: Create mount_info dictionary variable] ***
skipping: [localhost]

TASK [/stigforge/roles/ol10_stig : Add noexec Option to /var/log: If /var/log not mounted, craft mount_info manually] ***
skipping: [localhost] => (item=['target', '/var/log']) 
skipping: [localhost] => (item=['source', '']) 
skipping: [localhost] => (item=['fstype', '']) 
skipping: [localhost] => (item=['options', 'defaults']) 
skipping: [localhost]

TASK [/stigforge/roles/ol10_stig : Add noexec Option to /var/log: Make sure noexec option is part of the to /var/log options] ***
skipping: [localhost]

TASK [/stigforge/roles/ol10_stig : Add noexec Option to /var/log: Ensure /var/log is mounted with noexec option] ***
skipping: [localhost]

TASK [/stigforge/roles/ol10_stig : Add nosuid Option to /var/log: Check information associated to mountpoint] ***
skipping: [localhost]

TASK [/stigforge/roles/ol10_stig : Add nosuid Option to /var/log: Create mount_info dictionary variable] ***
skipping: [localhost]

TASK [/stigforge/roles/ol10_stig : Add nosuid Option to /var/log: If /var/log not mounted, craft mount_info manually] ***
skipping: [localhost] => (item=['target', '/var/log']) 
skipping: [localhost] => (item=['source', '']) 
skipping: [localhost] => (item=['fstype', '']) 
skipping: [localhost] => (item=['options', 'defaults']) 
skipping: [localhost]

TASK [/stigforge/roles/ol10_stig : Add nosuid Option to /var/log: Make sure nosuid option is part of the to /var/log options] ***
skipping: [localhost]

TASK [/stigforge/roles/ol10_stig : Add nosuid Option to /var/log: Ensure /var/log is mounted with nosuid option] ***
skipping: [localhost]

TASK [/stigforge/roles/ol10_stig : Add nodev Option to /var: Check information associated to mountpoint] ***
skipping: [localhost]

TASK [/stigforge/roles/ol10_stig : Add nodev Option to /var: Create mount_info dictionary variable] ***
skipping: [localhost]

TASK [/stigforge/roles/ol10_stig : Add nodev Option to /var: If /var not mounted, craft mount_info manually] ***
skipping: [localhost] => (item=['target', '/var']) 
skipping: [localhost] => (item=['source', '']) 
skipping: [localhost] => (item=['fstype', '']) 
skipping: [localhost] => (item=['options', 'defaults']) 
skipping: [localhost]

TASK [/stigforge/roles/ol10_stig : Add nodev Option to /var: Make sure nodev option is part of the to /var options] ***
skipping: [localhost]

TASK [/stigforge/roles/ol10_stig : Add nodev Option to /var: Ensure /var is mounted with nodev option] ***
skipping: [localhost]

TASK [/stigforge/roles/ol10_stig : Add nodev Option to /var/tmp: Check information associated to mountpoint] ***
skipping: [localhost]

TASK [/stigforge/roles/ol10_stig : Add nodev Option to /var/tmp: Create mount_info dictionary variable] ***
skipping: [localhost]

TASK [/stigforge/roles/ol10_stig : Add nodev Option to /var/tmp: If /var/tmp not mounted, craft mount_info manually] ***
skipping: [localhost] => (item=['target', '/var/tmp']) 
skipping: [localhost] => (item=['source', '']) 
skipping: [localhost] => (item=['fstype', '']) 
skipping: [localhost] => (item=['options', 'defaults']) 
skipping: [localhost]

TASK [/stigforge/roles/ol10_stig : Add nodev Option to /var/tmp: Make sure nodev option is part of the to /var/tmp options] ***
skipping: [localhost]

TASK [/stigforge/roles/ol10_stig : Add nodev Option to /var/tmp: Ensure /var/tmp is mounted with nodev option] ***
skipping: [localhost]

TASK [/stigforge/roles/ol10_stig : Add noexec Option to /var/tmp: Check information associated to mountpoint] ***
skipping: [localhost]

TASK [/stigforge/roles/ol10_stig : Add noexec Option to /var/tmp: Create mount_info dictionary variable] ***
skipping: [localhost]

TASK [/stigforge/roles/ol10_stig : Add noexec Option to /var/tmp: If /var/tmp not mounted, craft mount_info manually] ***
skipping: [localhost] => (item=['target', '/var/tmp']) 
skipping: [localhost] => (item=['source', '']) 
skipping: [localhost] => (item=['fstype', '']) 
skipping: [localhost] => (item=['options', 'defaults']) 
skipping: [localhost]

TASK [/stigforge/roles/ol10_stig : Add noexec Option to /var/tmp: Make sure noexec option is part of the to /var/tmp options] ***
skipping: [localhost]

TASK [/stigforge/roles/ol10_stig : Add noexec Option to /var/tmp: Ensure /var/tmp is mounted with noexec option] ***
skipping: [localhost]

TASK [/stigforge/roles/ol10_stig : Add nosuid Option to /var/tmp: Check information associated to mountpoint] ***
skipping: [localhost]

TASK [/stigforge/roles/ol10_stig : Add nosuid Option to /var/tmp: Create mount_info dictionary variable] ***
skipping: [localhost]

TASK [/stigforge/roles/ol10_stig : Add nosuid Option to /var/tmp: If /var/tmp not mounted, craft mount_info manually] ***
skipping: [localhost] => (item=['target', '/var/tmp']) 
skipping: [localhost] => (item=['source', '']) 
skipping: [localhost] => (item=['fstype', '']) 
skipping: [localhost] => (item=['options', 'defaults']) 
skipping: [localhost]

TASK [/stigforge/roles/ol10_stig : Add nosuid Option to /var/tmp: Make sure nosuid option is part of the to /var/tmp options] ***
skipping: [localhost]

TASK [/stigforge/roles/ol10_stig : Add nosuid Option to /var/tmp: Ensure /var/tmp is mounted with nosuid option] ***
skipping: [localhost]

TASK [/stigforge/roles/ol10_stig : List /etc/sysctl.d/*.conf files] ************
skipping: [localhost]

TASK [/stigforge/roles/ol10_stig : Comment out any occurrences of kernel.core_pattern from config files] ***
skipping: [localhost]

TASK [/stigforge/roles/ol10_stig : Ensure sysctl kernel.core_pattern is set to |/bin/false] ***
skipping: [localhost]

TASK [/stigforge/roles/ol10_stig : List /etc/sysctl.d/*.conf files] ************
skipping: [localhost]

TASK [/stigforge/roles/ol10_stig : Comment out any occurrences of kernel.dmesg_restrict from config files] ***
skipping: [localhost]

TASK [/stigforge/roles/ol10_stig : Ensure sysctl kernel.dmesg_restrict is set to 1] ***
skipping: [localhost]

TASK [/stigforge/roles/ol10_stig : List /etc/sysctl.d/*.conf files] ************
skipping: [localhost]

TASK [/stigforge/roles/ol10_stig : Comment out any occurrences of kernel.kexec_load_disabled from config files] ***
skipping: [localhost]

TASK [/stigforge/roles/ol10_stig : Ensure sysctl kernel.kexec_load_disabled is set to 1] ***
skipping: [localhost]

TASK [/stigforge/roles/ol10_stig : List /etc/sysctl.d/*.conf files] ************
skipping: [localhost]

TASK [/stigforge/roles/ol10_stig : Comment out any occurrences of kernel.perf_event_paranoid from config files] ***
skipping: [localhost]

TASK [/stigforge/roles/ol10_stig : Ensure sysctl kernel.perf_event_paranoid is set to 2] ***
skipping: [localhost]

TASK [/stigforge/roles/ol10_stig : List /etc/sysctl.d/*.conf files] ************
skipping: [localhost]

TASK [/stigforge/roles/ol10_stig : Comment out any occurrences of kernel.unprivileged_bpf_disabled from config files] ***
skipping: [localhost]

TASK [/stigforge/roles/ol10_stig : Ensure sysctl kernel.unprivileged_bpf_disabled is set to 1] ***
skipping: [localhost]

TASK [/stigforge/roles/ol10_stig : List /etc/sysctl.d/*.conf files] ************
skipping: [localhost]

TASK [/stigforge/roles/ol10_stig : Comment out any occurrences of kernel.yama.ptrace_scope from config files] ***
skipping: [localhost]

TASK [/stigforge/roles/ol10_stig : Ensure sysctl kernel.yama.ptrace_scope is set to 1] ***
skipping: [localhost]

TASK [/stigforge/roles/ol10_stig : List /etc/sysctl.d/*.conf files] ************
skipping: [localhost]

TASK [/stigforge/roles/ol10_stig : Comment out any occurrences of net.core.bpf_jit_harden from config files] ***
skipping: [localhost]

TASK [/stigforge/roles/ol10_stig : Ensure sysctl net.core.bpf_jit_harden is set to 2] ***
skipping: [localhost]

TASK [/stigforge/roles/ol10_stig : Disable acquiring, saving, and processing core dumps - Collect systemd Socket Units Present in the System] ***
skipping: [localhost]

TASK [/stigforge/roles/ol10_stig : Disable acquiring, saving, and processing core dumps - Ensure systemd-coredump.socket is Masked] ***
skipping: [localhost]

TASK [/stigforge/roles/ol10_stig : Disable core dump backtraces - Search for a section in files] ***
[WARNING]: Skipped '/etc/systemd/coredump.conf.d' path due to this access
issue: '/etc/systemd/coredump.conf.d' is not a directory
ok: [localhost] => (item={'path': '/etc/systemd', 'pattern': 'coredump\\.conf'})
ok: [localhost] => (item={'path': '/etc/systemd/coredump.conf.d', 'pattern': '.*\\.conf'})

TASK [/stigforge/roles/ol10_stig : Disable core dump backtraces - Count number of files which contain the correct section] ***
ok: [localhost]

TASK [/stigforge/roles/ol10_stig : Disable core dump backtraces - Add missing configuration to correct section] ***
skipping: [localhost]

TASK [/stigforge/roles/ol10_stig : Disable core dump backtraces - Add configuration to new remediation file] ***
changed: [localhost]

TASK [/stigforge/roles/ol10_stig : Disable storing core dump - Search for a section in files] ***
ok: [localhost] => (item={'path': '/etc/systemd', 'pattern': 'coredump\\.conf'})
ok: [localhost] => (item={'path': '/etc/systemd/coredump.conf.d', 'pattern': '.*\\.conf'})

TASK [/stigforge/roles/ol10_stig : Disable storing core dump - Count number of files which contain the correct section] ***
ok: [localhost]

TASK [/stigforge/roles/ol10_stig : Disable storing core dump - Add missing configuration to correct section] ***
changed: [localhost] => (item=/etc/systemd/coredump.conf.d/complianceascode_hardening.conf)

TASK [/stigforge/roles/ol10_stig : Disable storing core dump - Add configuration to new remediation file] ***
skipping: [localhost]

TASK [/stigforge/roles/ol10_stig : Disable Core Dumps for All Users - Set dirs, files and regex variables] ***
ok: [localhost]

TASK [/stigforge/roles/ol10_stig : Disable Core Dumps for All Users - Find valid drop-ins for core limit] ***
ok: [localhost]

TASK [/stigforge/roles/ol10_stig : Disable Core Dumps for All Users - Find all drop-ins with any core limit] ***
ok: [localhost]

TASK [/stigforge/roles/ol10_stig : Disable Core Dumps for All Users - Get invalid drop-ins] ***
ok: [localhost]

TASK [/stigforge/roles/ol10_stig : Disable Core Dumps for All Users - Comment invalid * hard core lines in drop-ins] ***
skipping: [localhost]

TASK [/stigforge/roles/ol10_stig : Disable Core Dumps for All Users - Check if main limits.conf contains correct core limit] ***
ok: [localhost]

TASK [/stigforge/roles/ol10_stig : Disable Core Dumps for All Users - Set fact if configuration is valid] ***
ok: [localhost]

TASK [/stigforge/roles/ol10_stig : Disable Core Dumps for All Users - Ensure drop-in directory exists] ***
ok: [localhost]

TASK [/stigforge/roles/ol10_stig : Disable Core Dumps for All Users - Deploy 10-ssg-hardening.conf drop-in with correct core limit] ***
changed: [localhost]

TASK [/stigforge/roles/ol10_stig : Update grub defaults and the bootloader menu] ***
skipping: [localhost]

TASK [/stigforge/roles/ol10_stig : List /etc/sysctl.d/*.conf files] ************
skipping: [localhost]

TASK [/stigforge/roles/ol10_stig : Comment out any occurrences of kernel.kptr_restrict from config files] ***
skipping: [localhost]

TASK [/stigforge/roles/ol10_stig : Ensure sysctl kernel.kptr_restrict is set] ***
skipping: [localhost]

TASK [/stigforge/roles/ol10_stig : List /etc/sysctl.d/*.conf files] ************
skipping: [localhost]

TASK [/stigforge/roles/ol10_stig : Comment out any occurrences of kernel.randomize_va_space from config files] ***
skipping: [localhost]

TASK [/stigforge/roles/ol10_stig : Ensure sysctl kernel.randomize_va_space is set to 2] ***
skipping: [localhost]

TASK [/stigforge/roles/ol10_stig : Update grub defaults and the bootloader menu] ***
skipping: [localhost]

TASK [/stigforge/roles/ol10_stig : Check for duplicate values] *****************
skipping: [localhost]

TASK [/stigforge/roles/ol10_stig : Deduplicate values from /etc/selinux/config] ***
skipping: [localhost]

TASK [/stigforge/roles/ol10_stig : Insert correct line to /etc/selinux/config] ***
skipping: [localhost]

TASK [/stigforge/roles/ol10_stig : Check for duplicate values] *****************
skipping: [localhost]

TASK [/stigforge/roles/ol10_stig : Deduplicate values from /etc/selinux/config] ***
skipping: [localhost]

TASK [/stigforge/roles/ol10_stig : Insert correct line to /etc/selinux/config] ***
skipping: [localhost]

TASK [/stigforge/roles/ol10_stig :  - Mark system to relabel SELinux on next boot] ***
skipping: [localhost]

TASK [/stigforge/roles/ol10_stig : Set the file_groupowner_cron_d_newgroup variable if represented by gid] ***
skipping: [localhost]

TASK [/stigforge/roles/ol10_stig : Ensure group owner on /etc/cron.d/] *********
skipping: [localhost]

TASK [/stigforge/roles/ol10_stig : Set the file_groupowner_cron_daily_newgroup variable if represented by gid] ***
skipping: [localhost]

TASK [/stigforge/roles/ol10_stig : Ensure group owner on /etc/cron.daily/] *****
skipping: [localhost]

TASK [/stigforge/roles/ol10_stig : Set the file_groupowner_cron_deny_newgroup variable if represented by gid] ***
skipping: [localhost]

TASK [/stigforge/roles/ol10_stig : Test for existence /etc/cron.deny] **********
skipping: [localhost]

TASK [/stigforge/roles/ol10_stig : Ensure group owner on /etc/cron.deny] *******
skipping: [localhost]

TASK [/stigforge/roles/ol10_stig : Set the file_groupowner_cron_hourly_newgroup variable if represented by gid] ***
skipping: [localhost]

TASK [/stigforge/roles/ol10_stig : Ensure group owner on /etc/cron.hourly/] ****
skipping: [localhost]

TASK [/stigforge/roles/ol10_stig : Set the file_groupowner_cron_monthly_newgroup variable if represented by gid] ***
skipping: [localhost]

TASK [/stigforge/roles/ol10_stig : Ensure group owner on /etc/cron.monthly/] ***
skipping: [localhost]

TASK [/stigforge/roles/ol10_stig : Set the file_groupowner_cron_weekly_newgroup variable if represented by gid] ***
skipping: [localhost]

TASK [/stigforge/roles/ol10_stig : Ensure group owner on /etc/cron.weekly/] ****
skipping: [localhost]

TASK [/stigforge/roles/ol10_stig : Set the file_groupowner_crontab_newgroup variable if represented by gid] ***
skipping: [localhost]

TASK [/stigforge/roles/ol10_stig : Test for existence /etc/crontab] ************
skipping: [localhost]

TASK [/stigforge/roles/ol10_stig : Ensure group owner on /etc/crontab] *********
skipping: [localhost]

TASK [/stigforge/roles/ol10_stig : Set the file_owner_cron_d_newown variable if represented by uid] ***
skipping: [localhost]

TASK [/stigforge/roles/ol10_stig : Ensure owner on directory /etc/cron.d/] *****
skipping: [localhost]

TASK [/stigforge/roles/ol10_stig : Set the file_owner_cron_daily_newown variable if represented by uid] ***
skipping: [localhost]

TASK [/stigforge/roles/ol10_stig : Ensure owner on directory /etc/cron.daily/] ***
skipping: [localhost]

TASK [/stigforge/roles/ol10_stig : Set the file_owner_cron_deny_newown variable if represented by uid] ***
skipping: [localhost]

TASK [/stigforge/roles/ol10_stig : Test for existence /etc/cron.deny] **********
skipping: [localhost]

TASK [/stigforge/roles/ol10_stig : Ensure owner on /etc/cron.deny] *************
skipping: [localhost]

TASK [/stigforge/roles/ol10_stig : Set the file_owner_cron_hourly_newown variable if represented by uid] ***
skipping: [localhost]

TASK [/stigforge/roles/ol10_stig : Ensure owner on directory /etc/cron.hourly/] ***
skipping: [localhost]

TASK [/stigforge/roles/ol10_stig : Set the file_owner_cron_monthly_newown variable if represented by uid] ***
skipping: [localhost]

TASK [/stigforge/roles/ol10_stig : Ensure owner on directory /etc/cron.monthly/] ***
skipping: [localhost]

TASK [/stigforge/roles/ol10_stig : Set the file_owner_cron_weekly_newown variable if represented by uid] ***
skipping: [localhost]

TASK [/stigforge/roles/ol10_stig : Ensure owner on directory /etc/cron.weekly/] ***
skipping: [localhost]

TASK [/stigforge/roles/ol10_stig : Set the file_owner_crontab_newown variable if represented by uid] ***
skipping: [localhost]

TASK [/stigforge/roles/ol10_stig : Test for existence /etc/crontab] ************
skipping: [localhost]

TASK [/stigforge/roles/ol10_stig : Ensure owner on /etc/crontab] ***************
skipping: [localhost]

TASK [/stigforge/roles/ol10_stig : Find /etc/cron.d/ file(s)] ******************
skipping: [localhost]

TASK [/stigforge/roles/ol10_stig : Set permissions for /etc/cron.d/ file(s)] ***
skipping: [localhost]

TASK [/stigforge/roles/ol10_stig : Find /etc/cron.daily/ file(s)] **************
skipping: [localhost]

TASK [/stigforge/roles/ol10_stig : Set permissions for /etc/cron.daily/ file(s)] ***
skipping: [localhost]

TASK [/stigforge/roles/ol10_stig : Find /etc/cron.hourly/ file(s)] *************
skipping: [localhost]

TASK [/stigforge/roles/ol10_stig : Set permissions for /etc/cron.hourly/ file(s)] ***
skipping: [localhost]

TASK [/stigforge/roles/ol10_stig : Find /etc/cron.monthly/ file(s)] ************
skipping: [localhost]

TASK [/stigforge/roles/ol10_stig : Set permissions for /etc/cron.monthly/ file(s)] ***
skipping: [localhost]

TASK [/stigforge/roles/ol10_stig : Find /etc/cron.weekly/ file(s)] *************
skipping: [localhost]

TASK [/stigforge/roles/ol10_stig : Set permissions for /etc/cron.weekly/ file(s)] ***
skipping: [localhost]

TASK [/stigforge/roles/ol10_stig : Test for existence /etc/crontab] ************
skipping: [localhost]

TASK [/stigforge/roles/ol10_stig : Ensure permission u-xs,g-xwrs,o-xwrt on /etc/crontab] ***
skipping: [localhost]

TASK [/stigforge/roles/ol10_stig : Set the file_groupowner_cron_allow_newgroup variable if represented by gid] ***
skipping: [localhost]

TASK [/stigforge/roles/ol10_stig : Test for existence /etc/cron.allow] *********
skipping: [localhost]

TASK [/stigforge/roles/ol10_stig : Ensure group owner on /etc/cron.allow] ******
skipping: [localhost]

TASK [/stigforge/roles/ol10_stig : Set the file_owner_cron_allow_newown variable if represented by uid] ***
skipping: [localhost]

TASK [/stigforge/roles/ol10_stig : Test for existence /etc/cron.allow] *********
skipping: [localhost]

TASK [/stigforge/roles/ol10_stig : Ensure owner on /etc/cron.allow] ************
skipping: [localhost]

TASK [/stigforge/roles/ol10_stig : Test for existence /etc/cron.allow] *********
skipping: [localhost]

TASK [/stigforge/roles/ol10_stig : Ensure permission u-xs,g-xws,o-xwrt on /etc/cron.allow] ***
skipping: [localhost]

TASK [/stigforge/roles/ol10_stig : Configure Fapolicy Module to Employ a Deny-all, Permit-by-exception Policy to Allow the Execution of Authorized Software Programs. - Ensure a Final Rule Denying Everything] ***
skipping: [localhost]

TASK [/stigforge/roles/ol10_stig : Configure Fapolicy Module to Employ a Deny-all, Permit-by-exception Policy to Allow the Execution of Authorized Software Programs. - Ensure fapolicyd is Not Permissive] ***
skipping: [localhost]

TASK [/stigforge/roles/ol10_stig : Configure Fapolicy Module to Employ a Deny-all, Permit-by-exception Policy to Allow the Execution of Authorized Software Programs. - Restart fapolicyd If Permissive Mode or Final Rule is Changed] ***
skipping: [localhost]

TASK [/stigforge/roles/ol10_stig : Check for duplicate values] *****************
skipping: [localhost]

TASK [/stigforge/roles/ol10_stig : Deduplicate values from /etc/aliases] *******
skipping: [localhost]

TASK [/stigforge/roles/ol10_stig : Insert correct line to /etc/aliases] ********
skipping: [localhost]

TASK [/stigforge/roles/ol10_stig : Check if newaliases command is available] ***
skipping: [localhost]

TASK [/stigforge/roles/ol10_stig : Update postfix aliases] *********************
skipping: [localhost]

TASK [/stigforge/roles/ol10_stig : Check for duplicate values] *****************
skipping: [localhost]

TASK [/stigforge/roles/ol10_stig : Deduplicate values from /etc/postfix/main.cf] ***
skipping: [localhost]

TASK [/stigforge/roles/ol10_stig : Insert correct line to /etc/postfix/main.cf] ***
skipping: [localhost]

TASK [/stigforge/roles/ol10_stig : Get nfs and nfs4 mount points, that don't have sec=krb5:krb5i:krb5p] ***
skipping: [localhost]

TASK [/stigforge/roles/ol10_stig : Add sec=krb5:krb5i:krb5p to nfs and nfs4 mount points] ***
skipping: [localhost]

TASK [/stigforge/roles/ol10_stig : Get nfs and nfs4 mount points, that don't have nodev] ***
skipping: [localhost]

TASK [/stigforge/roles/ol10_stig : Add nodev to nfs and nfs4 mount points] *****
skipping: [localhost]

TASK [/stigforge/roles/ol10_stig : Get nfs and nfs4 mount points, that don't have noexec] ***
skipping: [localhost]

TASK [/stigforge/roles/ol10_stig : Add noexec to nfs and nfs4 mount points] ****
skipping: [localhost]

TASK [/stigforge/roles/ol10_stig : Get nfs and nfs4 mount points, that don't have nosuid] ***
skipping: [localhost]

TASK [/stigforge/roles/ol10_stig : Add nosuid to nfs and nfs4 mount points] ****
skipping: [localhost]

TASK [/stigforge/roles/ol10_stig : Drop any security clause for every export] ***
ok: [localhost]

TASK [/stigforge/roles/ol10_stig : Add kerberos security when no security is defined for an export] ***
ok: [localhost]

TASK [/stigforge/roles/ol10_stig : Detect if chrony is already configured with pools or servers] ***
skipping: [localhost]

TASK [/stigforge/roles/ol10_stig : Configure remote time servers] **************
skipping: [localhost] => (item=0.us.pool.ntp.mil) 
skipping: [localhost]

TASK [/stigforge/roles/ol10_stig : Configure Time Service to use NTS - Check That /etc/ntp.conf Exist] ***
skipping: [localhost]

TASK [/stigforge/roles/ol10_stig : Configure Time Service to use NTS - Set the nts Values in /etc/ntp.conf] ***
skipping: [localhost]

TASK [/stigforge/roles/ol10_stig : Configure Time Service to use NTS - Check That /etc/chrony.conf Exist] ***
skipping: [localhost]

TASK [/stigforge/roles/ol10_stig : Configure Time Service to use NTS - Set the nts Values in /etc/chrony.conf] ***
skipping: [localhost]

TASK [/stigforge/roles/ol10_stig : Configure Time Service to use NTS - Get Conf Files from /etc/chrony.d/] ***
skipping: [localhost]

TASK [/stigforge/roles/ol10_stig : Configure Time Service to use NTS - Set the maxpoll Values in /etc/chrony.d/] ***
skipping: [localhost]

TASK [/stigforge/roles/ol10_stig : Check for duplicate values] *****************
skipping: [localhost]

TASK [/stigforge/roles/ol10_stig : Deduplicate values from /etc/chrony.conf] ***
skipping: [localhost]

TASK [/stigforge/roles/ol10_stig : Insert correct line to /etc/chrony.conf] ****
skipping: [localhost]

TASK [/stigforge/roles/ol10_stig : Check for duplicate values] *****************
skipping: [localhost]

TASK [/stigforge/roles/ol10_stig : Deduplicate values from /etc/chrony.conf] ***
skipping: [localhost]

TASK [/stigforge/roles/ol10_stig : Insert correct line to /etc/chrony.conf] ****
skipping: [localhost]

TASK [/stigforge/roles/ol10_stig : Configure Time Service Maxpoll Interval - Check That /etc/ntp.conf Exist] ***
skipping: [localhost]

TASK [/stigforge/roles/ol10_stig : Configure Time Service Maxpoll Interval - Update the maxpoll Values in /etc/ntp.conf] ***
skipping: [localhost]

TASK [/stigforge/roles/ol10_stig : Configure Time Service Maxpoll Interval - Set the maxpoll Values in /etc/ntp.conf] ***
skipping: [localhost]

TASK [/stigforge/roles/ol10_stig : Configure Time Service Maxpoll Interval - Check That /etc/chrony.conf Exist] ***
skipping: [localhost]

TASK [/stigforge/roles/ol10_stig : Configure Time Service Maxpoll Interval - Update the maxpoll Values in /etc/chrony.conf] ***
skipping: [localhost]

TASK [/stigforge/roles/ol10_stig : Configure Time Service Maxpoll Interval - Set the maxpoll Values in /etc/chrony.conf] ***
skipping: [localhost]

TASK [/stigforge/roles/ol10_stig : Configure Time Service Maxpoll Interval - Get Conf Files from /etc/chrony.d/] ***
skipping: [localhost]

TASK [/stigforge/roles/ol10_stig : Configure Time Service Maxpoll Interval - Update the maxpoll Values in /etc/chrony.d/] ***
skipping: [localhost]

TASK [/stigforge/roles/ol10_stig : Configure Time Service Maxpoll Interval - Set the maxpoll Values in /etc/chrony.d/] ***
skipping: [localhost]

TASK [/stigforge/roles/ol10_stig : Remove Host-Based Authentication Files - Define Excluded (Non-Local) File Systems and Paths] ***
ok: [localhost]

TASK [/stigforge/roles/ol10_stig : Remove Host-Based Authentication Files - Find Relevant Root Directories Ignoring Pre-Defined Excluded Paths] ***
ok: [localhost]

TASK [/stigforge/roles/ol10_stig : Remove Host-Based Authentication Files - Include Relevant Root Directories in a List of Paths to be Searched] ***
ok: [localhost] => (item={'path': '/opt', 'mode': '0755', 'isdir': True, 'ischr': False, 'isblk': False, 'isreg': False, 'isfifo': False, 'islnk': False, 'issock': False, 'uid': 0, 'gid': 0, 'size': 4096, 'inode': 8398458, 'dev': 124, 'nlink': 2, 'atime': 1785370143.9354033, 'mtime': 1743552000.0, 'ctime': 1785370143.9164033, 'gr_name': 'root', 'pw_name': 'root', 'wusr': True, 'rusr': True, 'xusr': True, 'wgrp': False, 'rgrp': True, 'xgrp': True, 'woth': False, 'roth': True, 'xoth': True, 'isuid': False, 'isgid': False})
ok: [localhost] => (item={'path': '/etc', 'mode': '0755', 'isdir': True, 'ischr': False, 'isblk': False, 'isreg': False, 'isfifo': False, 'islnk': False, 'issock': False, 'uid': 0, 'gid': 0, 'size': 4096, 'inode': 9830669, 'dev': 124, 'nlink': 1, 'atime': 1785488931.2131815, 'mtime': 1785488925.309852, 'ctime': 1785488954.5529628, 'gr_name': 'root', 'pw_name': 'root', 'wusr': True, 'rusr': True, 'xusr': True, 'wgrp': False, 'rgrp': True, 'xgrp': True, 'woth': False, 'roth': True, 'xoth': True, 'isuid': False, 'isgid': False})
ok: [localhost] => (item={'path': '/home', 'mode': '0755', 'isdir': True, 'ischr': False, 'isblk': False, 'isreg': False, 'isfifo': False, 'islnk': False, 'issock': False, 'uid': 0, 'gid': 0, 'size': 4096, 'inode': 8398453, 'dev': 124, 'nlink': 2, 'atime': 1785370143.9354033, 'mtime': 1743552000.0, 'ctime': 1785370143.9164033, 'gr_name': 'root', 'pw_name': 'root', 'wusr': True, 'rusr': True, 'xusr': True, 'wgrp': False, 'rgrp': True, 'xgrp': True, 'woth': False, 'roth': True, 'xoth': True, 'isuid': False, 'isgid': False})
ok: [localhost] => (item={'path': '/afs', 'mode': '0555', 'isdir': True, 'ischr': False, 'isblk': False, 'isreg': False, 'isfifo': False, 'islnk': False, 'issock': False, 'uid': 0, 'gid': 0, 'size': 4096, 'inode': 8396821, 'dev': 124, 'nlink': 2, 'atime': 1785370143.9304032, 'mtime': 1743552000.0, 'ctime': 1785370143.9157217, 'gr_name': 'root', 'pw_name': 'root', 'wusr': False, 'rusr': True, 'xusr': True, 'wgrp': False, 'rgrp': True, 'xgrp': True, 'woth': False, 'roth': True, 'xoth': True, 'isuid': False, 'isgid': False})
ok: [localhost] => (item={'path': '/var', 'mode': '0755', 'isdir': True, 'ischr': False, 'isblk': False, 'isreg': False, 'isfifo': False, 'islnk': False, 'issock': False, 'uid': 0, 'gid': 0, 'size': 4096, 'inode': 8671678, 'dev': 124, 'nlink': 1, 'atime': 1785488921.6690063, 'mtime': 1784581682.0, 'ctime': 1785488834.214018, 'gr_name': 'root', 'pw_name': 'root', 'wusr': True, 'rusr': True, 'xusr': True, 'wgrp': False, 'rgrp': True, 'xgrp': True, 'woth': False, 'roth': True, 'xoth': True, 'isuid': False, 'isgid': False})
ok: [localhost] => (item={'path': '/boot', 'mode': '0555', 'isdir': True, 'ischr': False, 'isblk': False, 'isreg': False, 'isfifo': False, 'islnk': False, 'issock': False, 'uid': 0, 'gid': 0, 'size': 4096, 'inode': 8397225, 'dev': 124, 'nlink': 2, 'atime': 1785370143.9304032, 'mtime': 1743552000.0, 'ctime': 1785370143.9157217, 'gr_name': 'root', 'pw_name': 'root', 'wusr': False, 'rusr': True, 'xusr': True, 'wgrp': False, 'rgrp': True, 'xgrp': True, 'woth': False, 'roth': True, 'xoth': True, 'isuid': False, 'isgid': False})
ok: [localhost] => (item={'path': '/mnt', 'mode': '0755', 'isdir': True, 'ischr': False, 'isblk': False, 'isreg': False, 'isfifo': False, 'islnk': False, 'issock': False, 'uid': 0, 'gid': 0, 'size': 4096, 'inode': 8398457, 'dev': 124, 'nlink': 2, 'atime': 1785370143.9354033, 'mtime': 1743552000.0, 'ctime': 1785370143.9164033, 'gr_name': 'root', 'pw_name': 'root', 'wusr': True, 'rusr': True, 'xusr': True, 'wgrp': False, 'rgrp': True, 'xgrp': True, 'woth': False, 'roth': True, 'xoth': True, 'isuid': False, 'isgid': False})
ok: [localhost] => (item={'path': '/srv', 'mode': '0755', 'isdir': True, 'ischr': False, 'isblk': False, 'isreg': False, 'isfifo': False, 'islnk': False, 'issock': False, 'uid': 0, 'gid': 0, 'size': 4096, 'inode': 8398467, 'dev': 124, 'nlink': 2, 'atime': 1785370143.9354033, 'mtime': 1743552000.0, 'ctime': 1785370143.9164033, 'gr_name': 'root', 'pw_name': 'root', 'wusr': True, 'rusr': True, 'xusr': True, 'wgrp': False, 'rgrp': True, 'xgrp': True, 'woth': False, 'roth': True, 'xoth': True, 'isuid': False, 'isgid': False})
ok: [localhost] => (item={'path': '/media', 'mode': '0755', 'isdir': True, 'ischr': False, 'isblk': False, 'isreg': False, 'isfifo': False, 'islnk': False, 'issock': False, 'uid': 0, 'gid': 0, 'size': 4096, 'inode': 8398456, 'dev': 124, 'nlink': 2, 'atime': 1785370143.9354033, 'mtime': 1743552000.0, 'ctime': 1785370143.9164033, 'gr_name': 'root', 'pw_name': 'root', 'wusr': True, 'rusr': True, 'xusr': True, 'wgrp': False, 'rgrp': True, 'xgrp': True, 'woth': False, 'roth': True, 'xoth': True, 'isuid': False, 'isgid': False})
ok: [localhost] => (item={'path': '/usr', 'mode': '0755', 'isdir': True, 'ischr': False, 'isblk': False, 'isreg': False, 'isfifo': False, 'islnk': False, 'issock': False, 'uid': 0, 'gid': 0, 'size': 4096, 'inode': 9846343, 'dev': 124, 'nlink': 1, 'atime': 1785488786.9568465, 'mtime': 1784581677.0, 'ctime': 1785488837.9217396, 'gr_name': 'root', 'pw_name': 'root', 'wusr': True, 'rusr': True, 'xusr': True, 'wgrp': False, 'rgrp': True, 'xgrp': True, 'woth': False, 'roth': True, 'xoth': True, 'isuid': False, 'isgid': False})
ok: [localhost] => (item={'path': '/tmp', 'mode': '1777', 'isdir': True, 'ischr': False, 'isblk': False, 'isreg': False, 'isfifo': False, 'islnk': False, 'issock': False, 'uid': 0, 'gid': 0, 'size': 4096, 'inode': 8398469, 'dev': 124, 'nlink': 1, 'atime': 1785488966.936973, 'mtime': 1785488966.9354477, 'ctime': 1785488966.9354477, 'gr_name': 'root', 'pw_name': 'root', 'wusr': True, 'rusr': True, 'xusr': True, 'wgrp': True, 'rgrp': True, 'xgrp': True, 'woth': True, 'roth': True, 'xoth': True, 'isuid': False, 'isgid': False})
ok: [localhost] => (item={'path': '/root', 'mode': '0550', 'isdir': True, 'ischr': False, 'isblk': False, 'isreg': False, 'isfifo': False, 'islnk': False, 'issock': False, 'uid': 0, 'gid': 0, 'size': 4096, 'inode': 9846301, 'dev': 124, 'nlink': 1, 'atime': 1785488921.7480054, 'mtime': 1785488794.0447137, 'ctime': 1785488794.0447137, 'gr_name': 'root', 'pw_name': 'root', 'wusr': False, 'rusr': True, 'xusr': True, 'wgrp': False, 'rgrp': True, 'xgrp': True, 'woth': False, 'roth': False, 'xoth': False, 'isuid': False, 'isgid': False})
ok: [localhost] => (item={'path': '/stigforge', 'mode': '0755', 'isdir': True, 'ischr': False, 'isblk': False, 'isreg': False, 'isfifo': False, 'islnk': False, 'issock': False, 'uid': 0, 'gid': 0, 'size': 4096, 'inode': 9846335, 'dev': 124, 'nlink': 1, 'atime': 1785488792.1407409, 'mtime': 1785488792.084606, 'ctime': 1785488793.5247211, 'gr_name': 'root', 'pw_name': 'root', 'wusr': True, 'rusr': True, 'xusr': True, 'wgrp': False, 'rgrp': True, 'xgrp': True, 'woth': False, 'roth': True, 'xoth': True, 'isuid': False, 'isgid': False})

TASK [/stigforge/roles/ol10_stig : Remove Host-Based Authentication Files - Increment Search Paths List with Local Partitions Mount Points] ***
ok: [localhost] => (item={'mount': '/stigforge/generator', 'device': '/dev/mapper/ubuntu--vg-ubuntu--lv', 'fstype': 'ext4', 'options': 'ro,relatime,bind', 'dump': 0, 'passno': 0, 'size_total': 980122034176, 'size_available': 627045167104, 'block_size': 4096, 'block_total': 239287606, 'block_available': 153087199, 'block_used': 86200407, 'inode_total': 60850176, 'inode_available': 59442771, 'inode_used': 1407405, 'uuid': 'N/A'})
ok: [localhost] => (item={'mount': '/stigforge/pyproject.toml', 'device': '/dev/mapper/ubuntu--vg-ubuntu--lv', 'fstype': 'ext4', 'options': 'ro,relatime,bind', 'dump': 0, 'passno': 0, 'size_total': 980122034176, 'size_available': 627045167104, 'block_size': 4096, 'block_total': 239287606, 'block_available': 153087199, 'block_used': 86200407, 'inode_total': 60850176, 'inode_available': 59442771, 'inode_used': 1407405, 'uuid': 'N/A'})
ok: [localhost] => (item={'mount': '/stigforge/artifacts', 'device': '/dev/mapper/ubuntu--vg-ubuntu--lv', 'fstype': 'ext4', 'options': 'rw,relatime,bind', 'dump': 0, 'passno': 0, 'size_total': 980122034176, 'size_available': 627045167104, 'block_size': 4096, 'block_total': 239287606, 'block_available': 153087199, 'block_used': 86200407, 'inode_total': 60850176, 'inode_available': 59442771, 'inode_used': 1407405, 'uuid': 'N/A'})
ok: [localhost] => (item={'mount': '/stigforge/roles', 'device': '/dev/mapper/ubuntu--vg-ubuntu--lv', 'fstype': 'ext4', 'options': 'ro,relatime,bind', 'dump': 0, 'passno': 0, 'size_total': 980122034176, 'size_available': 627045167104, 'block_size': 4096, 'block_total': 239287606, 'block_available': 153087199, 'block_used': 86200407, 'inode_total': 60850176, 'inode_available': 59442771, 'inode_used': 1407405, 'uuid': 'N/A'})
ok: [localhost] => (item={'mount': '/stigforge/policy', 'device': '/dev/mapper/ubuntu--vg-ubuntu--lv', 'fstype': 'ext4', 'options': 'ro,relatime,bind', 'dump': 0, 'passno': 0, 'size_total': 980122034176, 'size_available': 627045167104, 'block_size': 4096, 'block_total': 239287606, 'block_available': 153087199, 'block_used': 86200407, 'inode_total': 60850176, 'inode_available': 59442771, 'inode_used': 1407405, 'uuid': 'N/A'})
ok: [localhost] => (item={'mount': '/etc/resolv.conf', 'device': '/dev/mapper/ubuntu--vg-ubuntu--lv', 'fstype': 'ext4', 'options': 'rw,relatime,bind', 'dump': 0, 'passno': 0, 'size_total': 980122034176, 'size_available': 627045167104, 'block_size': 4096, 'block_total': 239287606, 'block_available': 153087199, 'block_used': 86200407, 'inode_total': 60850176, 'inode_available': 59442771, 'inode_used': 1407405, 'uuid': 'N/A'})
ok: [localhost] => (item={'mount': '/etc/hostname', 'device': '/dev/mapper/ubuntu--vg-ubuntu--lv', 'fstype': 'ext4', 'options': 'rw,relatime,bind', 'dump': 0, 'passno': 0, 'size_total': 980122034176, 'size_available': 627045167104, 'block_size': 4096, 'block_total': 239287606, 'block_available': 153087199, 'block_used': 86200407, 'inode_total': 60850176, 'inode_available': 59442771, 'inode_used': 1407405, 'uuid': 'N/A'})
ok: [localhost] => (item={'mount': '/etc/hosts', 'device': '/dev/mapper/ubuntu--vg-ubuntu--lv', 'fstype': 'ext4', 'options': 'rw,relatime,bind', 'dump': 0, 'passno': 0, 'size_total': 980122034176, 'size_available': 627045167104, 'block_size': 4096, 'block_total': 239287606, 'block_available': 153087199, 'block_used': 86200407, 'inode_total': 60850176, 'inode_available': 59442771, 'inode_used': 1407405, 'uuid': 'N/A'})

TASK [/stigforge/roles/ol10_stig : Remove Host-Based Authentication Files - Increment Search Paths List with Local NFS File System Targets] ***
skipping: [localhost] => (item={'mount': '/stigforge/generator', 'device': '/dev/mapper/ubuntu--vg-ubuntu--lv', 'fstype': 'ext4', 'options': 'ro,relatime,bind', 'dump': 0, 'passno': 0, 'size_total': 980122034176, 'size_available': 627045167104, 'block_size': 4096, 'block_total': 239287606, 'block_available': 153087199, 'block_used': 86200407, 'inode_total': 60850176, 'inode_available': 59442771, 'inode_used': 1407405, 'uuid': 'N/A'}) 
skipping: [localhost] => (item={'mount': '/stigforge/pyproject.toml', 'device': '/dev/mapper/ubuntu--vg-ubuntu--lv', 'fstype': 'ext4', 'options': 'ro,relatime,bind', 'dump': 0, 'passno': 0, 'size_total': 980122034176, 'size_available': 627045167104, 'block_size': 4096, 'block_total': 239287606, 'block_available': 153087199, 'block_used': 86200407, 'inode_total': 60850176, 'inode_available': 59442771, 'inode_used': 1407405, 'uuid': 'N/A'}) 
skipping: [localhost] => (item={'mount': '/stigforge/artifacts', 'device': '/dev/mapper/ubuntu--vg-ubuntu--lv', 'fstype': 'ext4', 'options': 'rw,relatime,bind', 'dump': 0, 'passno': 0, 'size_total': 980122034176, 'size_available': 627045167104, 'block_size': 4096, 'block_total': 239287606, 'block_available': 153087199, 'block_used': 86200407, 'inode_total': 60850176, 'inode_available': 59442771, 'inode_used': 1407405, 'uuid': 'N/A'}) 
skipping: [localhost] => (item={'mount': '/stigforge/roles', 'device': '/dev/mapper/ubuntu--vg-ubuntu--lv', 'fstype': 'ext4', 'options': 'ro,relatime,bind', 'dump': 0, 'passno': 0, 'size_total': 980122034176, 'size_available': 627045167104, 'block_size': 4096, 'block_total': 239287606, 'block_available': 153087199, 'block_used': 86200407, 'inode_total': 60850176, 'inode_available': 59442771, 'inode_used': 1407405, 'uuid': 'N/A'}) 
skipping: [localhost] => (item={'mount': '/stigforge/policy', 'device': '/dev/mapper/ubuntu--vg-ubuntu--lv', 'fstype': 'ext4', 'options': 'ro,relatime,bind', 'dump': 0, 'passno': 0, 'size_total': 980122034176, 'size_available': 627045167104, 'block_size': 4096, 'block_total': 239287606, 'block_available': 153087199, 'block_used': 86200407, 'inode_total': 60850176, 'inode_available': 59442771, 'inode_used': 1407405, 'uuid': 'N/A'}) 
skipping: [localhost] => (item={'mount': '/etc/resolv.conf', 'device': '/dev/mapper/ubuntu--vg-ubuntu--lv', 'fstype': 'ext4', 'options': 'rw,relatime,bind', 'dump': 0, 'passno': 0, 'size_total': 980122034176, 'size_available': 627045167104, 'block_size': 4096, 'block_total': 239287606, 'block_available': 153087199, 'block_used': 86200407, 'inode_total': 60850176, 'inode_available': 59442771, 'inode_used': 1407405, 'uuid': 'N/A'}) 
skipping: [localhost] => (item={'mount': '/etc/hostname', 'device': '/dev/mapper/ubuntu--vg-ubuntu--lv', 'fstype': 'ext4', 'options': 'rw,relatime,bind', 'dump': 0, 'passno': 0, 'size_total': 980122034176, 'size_available': 627045167104, 'block_size': 4096, 'block_total': 239287606, 'block_available': 153087199, 'block_used': 86200407, 'inode_total': 60850176, 'inode_available': 59442771, 'inode_used': 1407405, 'uuid': 'N/A'}) 
skipping: [localhost] => (item={'mount': '/etc/hosts', 'device': '/dev/mapper/ubuntu--vg-ubuntu--lv', 'fstype': 'ext4', 'options': 'rw,relatime,bind', 'dump': 0, 'passno': 0, 'size_total': 980122034176, 'size_available': 627045167104, 'block_size': 4096, 'block_total': 239287606, 'block_available': 153087199, 'block_used': 86200407, 'inode_total': 60850176, 'inode_available': 59442771, 'inode_used': 1407405, 'uuid': 'N/A'}) 
skipping: [localhost]

TASK [/stigforge/roles/ol10_stig : Remove Host-Based Authentication Files - Define Rule Specific Facts] ***
ok: [localhost]

TASK [/stigforge/roles/ol10_stig : Remove Host-Based Authentication Files - Find All shosts.equiv Files in Local File Systems] ***
ok: [localhost] => (item=/stigforge/artifacts)
ok: [localhost] => (item=/stigforge)
ok: [localhost] => (item=/stigforge/generator)
ok: [localhost] => (item=/etc/resolv.conf)
ok: [localhost] => (item=/opt)
ok: [localhost] => (item=/var)
ok: [localhost] => (item=/tmp)
ok: [localhost] => (item=/media)
ok: [localhost] => (item=/afs)
ok: [localhost] => (item=/home)
ok: [localhost] => (item=/stigforge/roles)
ok: [localhost] => (item=/stigforge/pyproject.toml)
ok: [localhost] => (item=/etc)
ok: [localhost] => (item=/stigforge/policy)
ok: [localhost] => (item=/etc/hosts)
ok: [localhost] => (item=/root)
ok: [localhost] => (item=/srv)
ok: [localhost] => (item=/mnt)
ok: [localhost] => (item=/etc/hostname)
ok: [localhost] => (item=/boot)
ok: [localhost] => (item=/usr)

TASK [/stigforge/roles/ol10_stig : Remove Host-Based Authentication Files - Create List of shosts.equiv Files Present in Local File Systems] ***
ok: [localhost] => (item={'changed': False, 'stdout': '', 'stderr': '', 'rc': 0, 'cmd': ['find', '/stigforge/artifacts', '-xdev', '-type', 'f', '-name', 'shosts.equiv'], 'start': '2026-07-31 09:09:27.412737', 'end': '2026-07-31 09:09:27.415731', 'delta': '0:00:00.002994', 'msg': '', 'invocation': {'module_args': {'_raw_params': 'find /stigforge/artifacts -xdev -type f -name "shosts.equiv"', '_uses_shell': False, 'expand_argument_vars': True, 'stdin_add_newline': True, 'strip_empty_ends': True, 'argv': None, 'chdir': None, 'executable': None, 'creates': None, 'removes': None, 'stdin': None}}, 'stdout_lines': [], 'stderr_lines': [], 'failed': False, 'item': '/stigforge/artifacts', 'ansible_loop_var': 'item'})
ok: [localhost] => (item={'changed': False, 'stdout': '', 'stderr': '', 'rc': 0, 'cmd': ['find', '/stigforge', '-xdev', '-type', 'f', '-name', 'shosts.equiv'], 'start': '2026-07-31 09:09:27.530377', 'end': '2026-07-31 09:09:27.532837', 'delta': '0:00:00.002460', 'msg': '', 'invocation': {'module_args': {'_raw_params': 'find /stigforge -xdev -type f -name "shosts.equiv"', '_uses_shell': False, 'expand_argument_vars': True, 'stdin_add_newline': True, 'strip_empty_ends': True, 'argv': None, 'chdir': None, 'executable': None, 'creates': None, 'removes': None, 'stdin': None}}, 'stdout_lines': [], 'stderr_lines': [], 'failed': False, 'item': '/stigforge', 'ansible_loop_var': 'item'})
ok: [localhost] => (item={'changed': False, 'stdout': '', 'stderr': '', 'rc': 0, 'cmd': ['find', '/stigforge/generator', '-xdev', '-type', 'f', '-name', 'shosts.equiv'], 'start': '2026-07-31 09:09:27.649498', 'end': '2026-07-31 09:09:27.651857', 'delta': '0:00:00.002359', 'msg': '', 'invocation': {'module_args': {'_raw_params': 'find /stigforge/generator -xdev -type f -name "shosts.equiv"', '_uses_shell': False, 'expand_argument_vars': True, 'stdin_add_newline': True, 'strip_empty_ends': True, 'argv': None, 'chdir': None, 'executable': None, 'creates': None, 'removes': None, 'stdin': None}}, 'stdout_lines': [], 'stderr_lines': [], 'failed': False, 'item': '/stigforge/generator', 'ansible_loop_var': 'item'})
ok: [localhost] => (item={'changed': False, 'stdout': '', 'stderr': '', 'rc': 0, 'cmd': ['find', '/etc/resolv.conf', '-xdev', '-type', 'f', '-name', 'shosts.equiv'], 'start': '2026-07-31 09:09:27.769954', 'end': '2026-07-31 09:09:27.772627', 'delta': '0:00:00.002673', 'msg': '', 'invocation': {'module_args': {'_raw_params': 'find /etc/resolv.conf -xdev -type f -name "shosts.equiv"', '_uses_shell': False, 'expand_argument_vars': True, 'stdin_add_newline': True, 'strip_empty_ends': True, 'argv': None, 'chdir': None, 'executable': None, 'creates': None, 'removes': None, 'stdin': None}}, 'stdout_lines': [], 'stderr_lines': [], 'failed': False, 'item': '/etc/resolv.conf', 'ansible_loop_var': 'item'})
ok: [localhost] => (item={'changed': False, 'stdout': '', 'stderr': '', 'rc': 0, 'cmd': ['find', '/opt', '-xdev', '-type', 'f', '-name', 'shosts.equiv'], 'start': '2026-07-31 09:09:27.891270', 'end': '2026-07-31 09:09:27.893831', 'delta': '0:00:00.002561', 'msg': '', 'invocation': {'module_args': {'_raw_params': 'find /opt -xdev -type f -name "shosts.equiv"', '_uses_shell': False, 'expand_argument_vars': True, 'stdin_add_newline': True, 'strip_empty_ends': True, 'argv': None, 'chdir': None, 'executable': None, 'creates': None, 'removes': None, 'stdin': None}}, 'stdout_lines': [], 'stderr_lines': [], 'failed': False, 'item': '/opt', 'ansible_loop_var': 'item'})
ok: [localhost] => (item={'changed': False, 'stdout': '', 'stderr': '', 'rc': 0, 'cmd': ['find', '/var', '-xdev', '-type', 'f', '-name', 'shosts.equiv'], 'start': '2026-07-31 09:09:28.026427', 'end': '2026-07-31 09:09:28.029432', 'delta': '0:00:00.003005', 'msg': '', 'invocation': {'module_args': {'_raw_params': 'find /var -xdev -type f -name "shosts.equiv"', '_uses_shell': False, 'expand_argument_vars': True, 'stdin_add_newline': True, 'strip_empty_ends': True, 'argv': None, 'chdir': None, 'executable': None, 'creates': None, 'removes': None, 'stdin': None}}, 'stdout_lines': [], 'stderr_lines': [], 'failed': False, 'item': '/var', 'ansible_loop_var': 'item'})
ok: [localhost] => (item={'changed': False, 'stdout': '', 'stderr': '', 'rc': 0, 'cmd': ['find', '/tmp', '-xdev', '-type', 'f', '-name', 'shosts.equiv'], 'start': '2026-07-31 09:09:28.151238', 'end': '2026-07-31 09:09:28.153798', 'delta': '0:00:00.002560', 'msg': '', 'invocation': {'module_args': {'_raw_params': 'find /tmp -xdev -type f -name "shosts.equiv"', '_uses_shell': False, 'expand_argument_vars': True, 'stdin_add_newline': True, 'strip_empty_ends': True, 'argv': None, 'chdir': None, 'executable': None, 'creates': None, 'removes': None, 'stdin': None}}, 'stdout_lines': [], 'stderr_lines': [], 'failed': False, 'item': '/tmp', 'ansible_loop_var': 'item'})
ok: [localhost] => (item={'changed': False, 'stdout': '', 'stderr': '', 'rc': 0, 'cmd': ['find', '/media', '-xdev', '-type', 'f', '-name', 'shosts.equiv'], 'start': '2026-07-31 09:09:28.282956', 'end': '2026-07-31 09:09:28.285411', 'delta': '0:00:00.002455', 'msg': '', 'invocation': {'module_args': {'_raw_params': 'find /media -xdev -type f -name "shosts.equiv"', '_uses_shell': False, 'expand_argument_vars': True, 'stdin_add_newline': True, 'strip_empty_ends': True, 'argv': None, 'chdir': None, 'executable': None, 'creates': None, 'removes': None, 'stdin': None}}, 'stdout_lines': [], 'stderr_lines': [], 'failed': False, 'item': '/media', 'ansible_loop_var': 'item'})
ok: [localhost] => (item={'changed': False, 'stdout': '', 'stderr': '', 'rc': 0, 'cmd': ['find', '/afs', '-xdev', '-type', 'f', '-name', 'shosts.equiv'], 'start': '2026-07-31 09:09:28.407124', 'end': '2026-07-31 09:09:28.409799', 'delta': '0:00:00.002675', 'msg': '', 'invocation': {'module_args': {'_raw_params': 'find /afs -xdev -type f -name "shosts.equiv"', '_uses_shell': False, 'expand_argument_vars': True, 'stdin_add_newline': True, 'strip_empty_ends': True, 'argv': None, 'chdir': None, 'executable': None, 'creates': None, 'removes': None, 'stdin': None}}, 'stdout_lines': [], 'stderr_lines': [], 'failed': False, 'item': '/afs', 'ansible_loop_var': 'item'})
ok: [localhost] => (item={'changed': False, 'stdout': '', 'stderr': '', 'rc': 0, 'cmd': ['find', '/home', '-xdev', '-type', 'f', '-name', 'shosts.equiv'], 'start': '2026-07-31 09:09:28.528769', 'end': '2026-07-31 09:09:28.531450', 'delta': '0:00:00.002681', 'msg': '', 'invocation': {'module_args': {'_raw_params': 'find /home -xdev -type f -name "shosts.equiv"', '_uses_shell': False, 'expand_argument_vars': True, 'stdin_add_newline': True, 'strip_empty_ends': True, 'argv': None, 'chdir': None, 'executable': None, 'creates': None, 'removes': None, 'stdin': None}}, 'stdout_lines': [], 'stderr_lines': [], 'failed': False, 'item': '/home', 'ansible_loop_var': 'item'})
ok: [localhost] => (item={'changed': False, 'stdout': '', 'stderr': '', 'rc': 0, 'cmd': ['find', '/stigforge/roles', '-xdev', '-type', 'f', '-name', 'shosts.equiv'], 'start': '2026-07-31 09:09:28.653779', 'end': '2026-07-31 09:09:28.656946', 'delta': '0:00:00.003167', 'msg': '', 'invocation': {'module_args': {'_raw_params': 'find /stigforge/roles -xdev -type f -name "shosts.equiv"', '_uses_shell': False, 'expand_argument_vars': True, 'stdin_add_newline': True, 'strip_empty_ends': True, 'argv': None, 'chdir': None, 'executable': None, 'creates': None, 'removes': None, 'stdin': None}}, 'stdout_lines': [], 'stderr_lines': [], 'failed': False, 'item': '/stigforge/roles', 'ansible_loop_var': 'item'})
ok: [localhost] => (item={'changed': False, 'stdout': '', 'stderr': '', 'rc': 0, 'cmd': ['find', '/stigforge/pyproject.toml', '-xdev', '-type', 'f', '-name', 'shosts.equiv'], 'start': '2026-07-31 09:09:28.773145', 'end': '2026-07-31 09:09:28.775724', 'delta': '0:00:00.002579', 'msg': '', 'invocation': {'module_args': {'_raw_params': 'find /stigforge/pyproject.toml -xdev -type f -name "shosts.equiv"', '_uses_shell': False, 'expand_argument_vars': True, 'stdin_add_newline': True, 'strip_empty_ends': True, 'argv': None, 'chdir': None, 'executable': None, 'creates': None, 'removes': None, 'stdin': None}}, 'stdout_lines': [], 'stderr_lines': [], 'failed': False, 'item': '/stigforge/pyproject.toml', 'ansible_loop_var': 'item'})
ok: [localhost] => (item={'changed': False, 'stdout': '', 'stderr': '', 'rc': 0, 'cmd': ['find', '/etc', '-xdev', '-type', 'f', '-name', 'shosts.equiv'], 'start': '2026-07-31 09:09:28.894167', 'end': '2026-07-31 09:09:28.898418', 'delta': '0:00:00.004251', 'msg': '', 'invocation': {'module_args': {'_raw_params': 'find /etc -xdev -type f -name "shosts.equiv"', '_uses_shell': False, 'expand_argument_vars': True, 'stdin_add_newline': True, 'strip_empty_ends': True, 'argv': None, 'chdir': None, 'executable': None, 'creates': None, 'removes': None, 'stdin': None}}, 'stdout_lines': [], 'stderr_lines': [], 'failed': False, 'item': '/etc', 'ansible_loop_var': 'item'})
ok: [localhost] => (item={'changed': False, 'stdout': '', 'stderr': '', 'rc': 0, 'cmd': ['find', '/stigforge/policy', '-xdev', '-type', 'f', '-name', 'shosts.equiv'], 'start': '2026-07-31 09:09:29.018728', 'end': '2026-07-31 09:09:29.021580', 'delta': '0:00:00.002852', 'msg': '', 'invocation': {'module_args': {'_raw_params': 'find /stigforge/policy -xdev -type f -name "shosts.equiv"', '_uses_shell': False, 'expand_argument_vars': True, 'stdin_add_newline': True, 'strip_empty_ends': True, 'argv': None, 'chdir': None, 'executable': None, 'creates': None, 'removes': None, 'stdin': None}}, 'stdout_lines': [], 'stderr_lines': [], 'failed': False, 'item': '/stigforge/policy', 'ansible_loop_var': 'item'})
ok: [localhost] => (item={'changed': False, 'stdout': '', 'stderr': '', 'rc': 0, 'cmd': ['find', '/etc/hosts', '-xdev', '-type', 'f', '-name', 'shosts.equiv'], 'start': '2026-07-31 09:09:29.136586', 'end': '2026-07-31 09:09:29.138901', 'delta': '0:00:00.002315', 'msg': '', 'invocation': {'module_args': {'_raw_params': 'find /etc/hosts -xdev -type f -name "shosts.equiv"', '_uses_shell': False, 'expand_argument_vars': True, 'stdin_add_newline': True, 'strip_empty_ends': True, 'argv': None, 'chdir': None, 'executable': None, 'creates': None, 'removes': None, 'stdin': None}}, 'stdout_lines': [], 'stderr_lines': [], 'failed': False, 'item': '/etc/hosts', 'ansible_loop_var': 'item'})
ok: [localhost] => (item={'changed': False, 'stdout': '', 'stderr': '', 'rc': 0, 'cmd': ['find', '/root', '-xdev', '-type', 'f', '-name', 'shosts.equiv'], 'start': '2026-07-31 09:09:29.254553', 'end': '2026-07-31 09:09:29.257608', 'delta': '0:00:00.003055', 'msg': '', 'invocation': {'module_args': {'_raw_params': 'find /root -xdev -type f -name "shosts.equiv"', '_uses_shell': False, 'expand_argument_vars': True, 'stdin_add_newline': True, 'strip_empty_ends': True, 'argv': None, 'chdir': None, 'executable': None, 'creates': None, 'removes': None, 'stdin': None}}, 'stdout_lines': [], 'stderr_lines': [], 'failed': False, 'item': '/root', 'ansible_loop_var': 'item'})
ok: [localhost] => (item={'changed': False, 'stdout': '', 'stderr': '', 'rc': 0, 'cmd': ['find', '/srv', '-xdev', '-type', 'f', '-name', 'shosts.equiv'], 'start': '2026-07-31 09:09:29.381282', 'end': '2026-07-31 09:09:29.383702', 'delta': '0:00:00.002420', 'msg': '', 'invocation': {'module_args': {'_raw_params': 'find /srv -xdev -type f -name "shosts.equiv"', '_uses_shell': False, 'expand_argument_vars': True, 'stdin_add_newline': True, 'strip_empty_ends': True, 'argv': None, 'chdir': None, 'executable': None, 'creates': None, 'removes': None, 'stdin': None}}, 'stdout_lines': [], 'stderr_lines': [], 'failed': False, 'item': '/srv', 'ansible_loop_var': 'item'})
ok: [localhost] => (item={'changed': False, 'stdout': '', 'stderr': '', 'rc': 0, 'cmd': ['find', '/mnt', '-xdev', '-type', 'f', '-name', 'shosts.equiv'], 'start': '2026-07-31 09:09:29.505036', 'end': '2026-07-31 09:09:29.507524', 'delta': '0:00:00.002488', 'msg': '', 'invocation': {'module_args': {'_raw_params': 'find /mnt -xdev -type f -name "shosts.equiv"', '_uses_shell': False, 'expand_argument_vars': True, 'stdin_add_newline': True, 'strip_empty_ends': True, 'argv': None, 'chdir': None, 'executable': None, 'creates': None, 'removes': None, 'stdin': None}}, 'stdout_lines': [], 'stderr_lines': [], 'failed': False, 'item': '/mnt', 'ansible_loop_var': 'item'})
ok: [localhost] => (item={'changed': False, 'stdout': '', 'stderr': '', 'rc': 0, 'cmd': ['find', '/etc/hostname', '-xdev', '-type', 'f', '-name', 'shosts.equiv'], 'start': '2026-07-31 09:09:29.623131', 'end': '2026-07-31 09:09:29.625661', 'delta': '0:00:00.002530', 'msg': '', 'invocation': {'module_args': {'_raw_params': 'find /etc/hostname -xdev -type f -name "shosts.equiv"', '_uses_shell': False, 'expand_argument_vars': True, 'stdin_add_newline': True, 'strip_empty_ends': True, 'argv': None, 'chdir': None, 'executable': None, 'creates': None, 'removes': None, 'stdin': None}}, 'stdout_lines': [], 'stderr_lines': [], 'failed': False, 'item': '/etc/hostname', 'ansible_loop_var': 'item'})
ok: [localhost] => (item={'changed': False, 'stdout': '', 'stderr': '', 'rc': 0, 'cmd': ['find', '/boot', '-xdev', '-type', 'f', '-name', 'shosts.equiv'], 'start': '2026-07-31 09:09:29.746836', 'end': '2026-07-31 09:09:29.749207', 'delta': '0:00:00.002371', 'msg': '', 'invocation': {'module_args': {'_raw_params': 'find /boot -xdev -type f -name "shosts.equiv"', '_uses_shell': False, 'expand_argument_vars': True, 'stdin_add_newline': True, 'strip_empty_ends': True, 'argv': None, 'chdir': None, 'executable': None, 'creates': None, 'removes': None, 'stdin': None}}, 'stdout_lines': [], 'stderr_lines': [], 'failed': False, 'item': '/boot', 'ansible_loop_var': 'item'})
ok: [localhost] => (item={'changed': False, 'stdout': '', 'stderr': '', 'rc': 0, 'cmd': ['find', '/usr', '-xdev', '-type', 'f', '-name', 'shosts.equiv'], 'start': '2026-07-31 09:09:29.876523', 'end': '2026-07-31 09:09:29.912078', 'delta': '0:00:00.035555', 'msg': '', 'invocation': {'module_args': {'_raw_params': 'find /usr -xdev -type f -name "shosts.equiv"', '_uses_shell': False, 'expand_argument_vars': True, 'stdin_add_newline': True, 'strip_empty_ends': True, 'argv': None, 'chdir': None, 'executable': None, 'creates': None, 'removes': None, 'stdin': None}}, 'stdout_lines': [], 'stderr_lines': [], 'failed': False, 'item': '/usr', 'ansible_loop_var': 'item'})

TASK [/stigforge/roles/ol10_stig : Remove Host-Based Authentication Files - Ensure No shosts.equiv Files Are Present in the System] ***
ok: [localhost] => (item=/shosts.equiv)

TASK [/stigforge/roles/ol10_stig : Remove User Host-Based Authentication Files - Define Excluded (Non-Local) File Systems and Paths] ***
ok: [localhost]

TASK [/stigforge/roles/ol10_stig : Remove User Host-Based Authentication Files - Find Relevant Root Directories Ignoring Pre-Defined Excluded Paths] ***
ok: [localhost]

TASK [/stigforge/roles/ol10_stig : Remove User Host-Based Authentication Files - Include Relevant Root Directories in a List of Paths to be Searched] ***
ok: [localhost] => (item={'path': '/opt', 'mode': '0755', 'isdir': True, 'ischr': False, 'isblk': False, 'isreg': False, 'isfifo': False, 'islnk': False, 'issock': False, 'uid': 0, 'gid': 0, 'size': 4096, 'inode': 8398458, 'dev': 124, 'nlink': 2, 'atime': 1785370143.9354033, 'mtime': 1743552000.0, 'ctime': 1785370143.9164033, 'gr_name': 'root', 'pw_name': 'root', 'wusr': True, 'rusr': True, 'xusr': True, 'wgrp': False, 'rgrp': True, 'xgrp': True, 'woth': False, 'roth': True, 'xoth': True, 'isuid': False, 'isgid': False})
ok: [localhost] => (item={'path': '/etc', 'mode': '0755', 'isdir': True, 'ischr': False, 'isblk': False, 'isreg': False, 'isfifo': False, 'islnk': False, 'issock': False, 'uid': 0, 'gid': 0, 'size': 4096, 'inode': 9830669, 'dev': 124, 'nlink': 1, 'atime': 1785488931.2131815, 'mtime': 1785488925.309852, 'ctime': 1785488954.5529628, 'gr_name': 'root', 'pw_name': 'root', 'wusr': True, 'rusr': True, 'xusr': True, 'wgrp': False, 'rgrp': True, 'xgrp': True, 'woth': False, 'roth': True, 'xoth': True, 'isuid': False, 'isgid': False})
ok: [localhost] => (item={'path': '/home', 'mode': '0755', 'isdir': True, 'ischr': False, 'isblk': False, 'isreg': False, 'isfifo': False, 'islnk': False, 'issock': False, 'uid': 0, 'gid': 0, 'size': 4096, 'inode': 8398453, 'dev': 124, 'nlink': 2, 'atime': 1785370143.9354033, 'mtime': 1743552000.0, 'ctime': 1785370143.9164033, 'gr_name': 'root', 'pw_name': 'root', 'wusr': True, 'rusr': True, 'xusr': True, 'wgrp': False, 'rgrp': True, 'xgrp': True, 'woth': False, 'roth': True, 'xoth': True, 'isuid': False, 'isgid': False})
ok: [localhost] => (item={'path': '/afs', 'mode': '0555', 'isdir': True, 'ischr': False, 'isblk': False, 'isreg': False, 'isfifo': False, 'islnk': False, 'issock': False, 'uid': 0, 'gid': 0, 'size': 4096, 'inode': 8396821, 'dev': 124, 'nlink': 2, 'atime': 1785370143.9304032, 'mtime': 1743552000.0, 'ctime': 1785370143.9157217, 'gr_name': 'root', 'pw_name': 'root', 'wusr': False, 'rusr': True, 'xusr': True, 'wgrp': False, 'rgrp': True, 'xgrp': True, 'woth': False, 'roth': True, 'xoth': True, 'isuid': False, 'isgid': False})
ok: [localhost] => (item={'path': '/var', 'mode': '0755', 'isdir': True, 'ischr': False, 'isblk': False, 'isreg': False, 'isfifo': False, 'islnk': False, 'issock': False, 'uid': 0, 'gid': 0, 'size': 4096, 'inode': 8671678, 'dev': 124, 'nlink': 1, 'atime': 1785488921.6690063, 'mtime': 1784581682.0, 'ctime': 1785488834.214018, 'gr_name': 'root', 'pw_name': 'root', 'wusr': True, 'rusr': True, 'xusr': True, 'wgrp': False, 'rgrp': True, 'xgrp': True, 'woth': False, 'roth': True, 'xoth': True, 'isuid': False, 'isgid': False})
ok: [localhost] => (item={'path': '/boot', 'mode': '0555', 'isdir': True, 'ischr': False, 'isblk': False, 'isreg': False, 'isfifo': False, 'islnk': False, 'issock': False, 'uid': 0, 'gid': 0, 'size': 4096, 'inode': 8397225, 'dev': 124, 'nlink': 2, 'atime': 1785370143.9304032, 'mtime': 1743552000.0, 'ctime': 1785370143.9157217, 'gr_name': 'root', 'pw_name': 'root', 'wusr': False, 'rusr': True, 'xusr': True, 'wgrp': False, 'rgrp': True, 'xgrp': True, 'woth': False, 'roth': True, 'xoth': True, 'isuid': False, 'isgid': False})
ok: [localhost] => (item={'path': '/mnt', 'mode': '0755', 'isdir': True, 'ischr': False, 'isblk': False, 'isreg': False, 'isfifo': False, 'islnk': False, 'issock': False, 'uid': 0, 'gid': 0, 'size': 4096, 'inode': 8398457, 'dev': 124, 'nlink': 2, 'atime': 1785370143.9354033, 'mtime': 1743552000.0, 'ctime': 1785370143.9164033, 'gr_name': 'root', 'pw_name': 'root', 'wusr': True, 'rusr': True, 'xusr': True, 'wgrp': False, 'rgrp': True, 'xgrp': True, 'woth': False, 'roth': True, 'xoth': True, 'isuid': False, 'isgid': False})
ok: [localhost] => (item={'path': '/srv', 'mode': '0755', 'isdir': True, 'ischr': False, 'isblk': False, 'isreg': False, 'isfifo': False, 'islnk': False, 'issock': False, 'uid': 0, 'gid': 0, 'size': 4096, 'inode': 8398467, 'dev': 124, 'nlink': 2, 'atime': 1785370143.9354033, 'mtime': 1743552000.0, 'ctime': 1785370143.9164033, 'gr_name': 'root', 'pw_name': 'root', 'wusr': True, 'rusr': True, 'xusr': True, 'wgrp': False, 'rgrp': True, 'xgrp': True, 'woth': False, 'roth': True, 'xoth': True, 'isuid': False, 'isgid': False})
ok: [localhost] => (item={'path': '/media', 'mode': '0755', 'isdir': True, 'ischr': False, 'isblk': False, 'isreg': False, 'isfifo': False, 'islnk': False, 'issock': False, 'uid': 0, 'gid': 0, 'size': 4096, 'inode': 8398456, 'dev': 124, 'nlink': 2, 'atime': 1785370143.9354033, 'mtime': 1743552000.0, 'ctime': 1785370143.9164033, 'gr_name': 'root', 'pw_name': 'root', 'wusr': True, 'rusr': True, 'xusr': True, 'wgrp': False, 'rgrp': True, 'xgrp': True, 'woth': False, 'roth': True, 'xoth': True, 'isuid': False, 'isgid': False})
ok: [localhost] => (item={'path': '/usr', 'mode': '0755', 'isdir': True, 'ischr': False, 'isblk': False, 'isreg': False, 'isfifo': False, 'islnk': False, 'issock': False, 'uid': 0, 'gid': 0, 'size': 4096, 'inode': 9846343, 'dev': 124, 'nlink': 1, 'atime': 1785488786.9568465, 'mtime': 1784581677.0, 'ctime': 1785488837.9217396, 'gr_name': 'root', 'pw_name': 'root', 'wusr': True, 'rusr': True, 'xusr': True, 'wgrp': False, 'rgrp': True, 'xgrp': True, 'woth': False, 'roth': True, 'xoth': True, 'isuid': False, 'isgid': False})
ok: [localhost] => (item={'path': '/tmp', 'mode': '1777', 'isdir': True, 'ischr': False, 'isblk': False, 'isreg': False, 'isfifo': False, 'islnk': False, 'issock': False, 'uid': 0, 'gid': 0, 'size': 4096, 'inode': 8398469, 'dev': 124, 'nlink': 1, 'atime': 1785488970.3164067, 'mtime': 1785488970.3144069, 'ctime': 1785488970.3144069, 'gr_name': 'root', 'pw_name': 'root', 'wusr': True, 'rusr': True, 'xusr': True, 'wgrp': True, 'rgrp': True, 'xgrp': True, 'woth': True, 'roth': True, 'xoth': True, 'isuid': False, 'isgid': False})
ok: [localhost] => (item={'path': '/root', 'mode': '0550', 'isdir': True, 'ischr': False, 'isblk': False, 'isreg': False, 'isfifo': False, 'islnk': False, 'issock': False, 'uid': 0, 'gid': 0, 'size': 4096, 'inode': 9846301, 'dev': 124, 'nlink': 1, 'atime': 1785488921.7480054, 'mtime': 1785488794.0447137, 'ctime': 1785488794.0447137, 'gr_name': 'root', 'pw_name': 'root', 'wusr': False, 'rusr': True, 'xusr': True, 'wgrp': False, 'rgrp': True, 'xgrp': True, 'woth': False, 'roth': False, 'xoth': False, 'isuid': False, 'isgid': False})
ok: [localhost] => (item={'path': '/stigforge', 'mode': '0755', 'isdir': True, 'ischr': False, 'isblk': False, 'isreg': False, 'isfifo': False, 'islnk': False, 'issock': False, 'uid': 0, 'gid': 0, 'size': 4096, 'inode': 9846335, 'dev': 124, 'nlink': 1, 'atime': 1785488792.1407409, 'mtime': 1785488792.084606, 'ctime': 1785488793.5247211, 'gr_name': 'root', 'pw_name': 'root', 'wusr': True, 'rusr': True, 'xusr': True, 'wgrp': False, 'rgrp': True, 'xgrp': True, 'woth': False, 'roth': True, 'xoth': True, 'isuid': False, 'isgid': False})

TASK [/stigforge/roles/ol10_stig : Remove User Host-Based Authentication Files - Increment Search Paths List with Local Partitions Mount Points] ***
ok: [localhost] => (item={'mount': '/stigforge/generator', 'device': '/dev/mapper/ubuntu--vg-ubuntu--lv', 'fstype': 'ext4', 'options': 'ro,relatime,bind', 'dump': 0, 'passno': 0, 'size_total': 980122034176, 'size_available': 627045167104, 'block_size': 4096, 'block_total': 239287606, 'block_available': 153087199, 'block_used': 86200407, 'inode_total': 60850176, 'inode_available': 59442771, 'inode_used': 1407405, 'uuid': 'N/A'})
ok: [localhost] => (item={'mount': '/stigforge/pyproject.toml', 'device': '/dev/mapper/ubuntu--vg-ubuntu--lv', 'fstype': 'ext4', 'options': 'ro,relatime,bind', 'dump': 0, 'passno': 0, 'size_total': 980122034176, 'size_available': 627045167104, 'block_size': 4096, 'block_total': 239287606, 'block_available': 153087199, 'block_used': 86200407, 'inode_total': 60850176, 'inode_available': 59442771, 'inode_used': 1407405, 'uuid': 'N/A'})
ok: [localhost] => (item={'mount': '/stigforge/artifacts', 'device': '/dev/mapper/ubuntu--vg-ubuntu--lv', 'fstype': 'ext4', 'options': 'rw,relatime,bind', 'dump': 0, 'passno': 0, 'size_total': 980122034176, 'size_available': 627045167104, 'block_size': 4096, 'block_total': 239287606, 'block_available': 153087199, 'block_used': 86200407, 'inode_total': 60850176, 'inode_available': 59442771, 'inode_used': 1407405, 'uuid': 'N/A'})
ok: [localhost] => (item={'mount': '/stigforge/roles', 'device': '/dev/mapper/ubuntu--vg-ubuntu--lv', 'fstype': 'ext4', 'options': 'ro,relatime,bind', 'dump': 0, 'passno': 0, 'size_total': 980122034176, 'size_available': 627045167104, 'block_size': 4096, 'block_total': 239287606, 'block_available': 153087199, 'block_used': 86200407, 'inode_total': 60850176, 'inode_available': 59442771, 'inode_used': 1407405, 'uuid': 'N/A'})
ok: [localhost] => (item={'mount': '/stigforge/policy', 'device': '/dev/mapper/ubuntu--vg-ubuntu--lv', 'fstype': 'ext4', 'options': 'ro,relatime,bind', 'dump': 0, 'passno': 0, 'size_total': 980122034176, 'size_available': 627045167104, 'block_size': 4096, 'block_total': 239287606, 'block_available': 153087199, 'block_used': 86200407, 'inode_total': 60850176, 'inode_available': 59442771, 'inode_used': 1407405, 'uuid': 'N/A'})
ok: [localhost] => (item={'mount': '/etc/resolv.conf', 'device': '/dev/mapper/ubuntu--vg-ubuntu--lv', 'fstype': 'ext4', 'options': 'rw,relatime,bind', 'dump': 0, 'passno': 0, 'size_total': 980122034176, 'size_available': 627045167104, 'block_size': 4096, 'block_total': 239287606, 'block_available': 153087199, 'block_used': 86200407, 'inode_total': 60850176, 'inode_available': 59442771, 'inode_used': 1407405, 'uuid': 'N/A'})
ok: [localhost] => (item={'mount': '/etc/hostname', 'device': '/dev/mapper/ubuntu--vg-ubuntu--lv', 'fstype': 'ext4', 'options': 'rw,relatime,bind', 'dump': 0, 'passno': 0, 'size_total': 980122034176, 'size_available': 627045167104, 'block_size': 4096, 'block_total': 239287606, 'block_available': 153087199, 'block_used': 86200407, 'inode_total': 60850176, 'inode_available': 59442771, 'inode_used': 1407405, 'uuid': 'N/A'})
ok: [localhost] => (item={'mount': '/etc/hosts', 'device': '/dev/mapper/ubuntu--vg-ubuntu--lv', 'fstype': 'ext4', 'options': 'rw,relatime,bind', 'dump': 0, 'passno': 0, 'size_total': 980122034176, 'size_available': 627045167104, 'block_size': 4096, 'block_total': 239287606, 'block_available': 153087199, 'block_used': 86200407, 'inode_total': 60850176, 'inode_available': 59442771, 'inode_used': 1407405, 'uuid': 'N/A'})

TASK [/stigforge/roles/ol10_stig : Remove User Host-Based Authentication Files - Increment Search Paths List with Local NFS File System Targets] ***
skipping: [localhost] => (item={'mount': '/stigforge/generator', 'device': '/dev/mapper/ubuntu--vg-ubuntu--lv', 'fstype': 'ext4', 'options': 'ro,relatime,bind', 'dump': 0, 'passno': 0, 'size_total': 980122034176, 'size_available': 627045167104, 'block_size': 4096, 'block_total': 239287606, 'block_available': 153087199, 'block_used': 86200407, 'inode_total': 60850176, 'inode_available': 59442771, 'inode_used': 1407405, 'uuid': 'N/A'}) 
skipping: [localhost] => (item={'mount': '/stigforge/pyproject.toml', 'device': '/dev/mapper/ubuntu--vg-ubuntu--lv', 'fstype': 'ext4', 'options': 'ro,relatime,bind', 'dump': 0, 'passno': 0, 'size_total': 980122034176, 'size_available': 627045167104, 'block_size': 4096, 'block_total': 239287606, 'block_available': 153087199, 'block_used': 86200407, 'inode_total': 60850176, 'inode_available': 59442771, 'inode_used': 1407405, 'uuid': 'N/A'}) 
skipping: [localhost] => (item={'mount': '/stigforge/artifacts', 'device': '/dev/mapper/ubuntu--vg-ubuntu--lv', 'fstype': 'ext4', 'options': 'rw,relatime,bind', 'dump': 0, 'passno': 0, 'size_total': 980122034176, 'size_available': 627045167104, 'block_size': 4096, 'block_total': 239287606, 'block_available': 153087199, 'block_used': 86200407, 'inode_total': 60850176, 'inode_available': 59442771, 'inode_used': 1407405, 'uuid': 'N/A'}) 
skipping: [localhost] => (item={'mount': '/stigforge/roles', 'device': '/dev/mapper/ubuntu--vg-ubuntu--lv', 'fstype': 'ext4', 'options': 'ro,relatime,bind', 'dump': 0, 'passno': 0, 'size_total': 980122034176, 'size_available': 627045167104, 'block_size': 4096, 'block_total': 239287606, 'block_available': 153087199, 'block_used': 86200407, 'inode_total': 60850176, 'inode_available': 59442771, 'inode_used': 1407405, 'uuid': 'N/A'}) 
skipping: [localhost] => (item={'mount': '/stigforge/policy', 'device': '/dev/mapper/ubuntu--vg-ubuntu--lv', 'fstype': 'ext4', 'options': 'ro,relatime,bind', 'dump': 0, 'passno': 0, 'size_total': 980122034176, 'size_available': 627045167104, 'block_size': 4096, 'block_total': 239287606, 'block_available': 153087199, 'block_used': 86200407, 'inode_total': 60850176, 'inode_available': 59442771, 'inode_used': 1407405, 'uuid': 'N/A'}) 
skipping: [localhost] => (item={'mount': '/etc/resolv.conf', 'device': '/dev/mapper/ubuntu--vg-ubuntu--lv', 'fstype': 'ext4', 'options': 'rw,relatime,bind', 'dump': 0, 'passno': 0, 'size_total': 980122034176, 'size_available': 627045167104, 'block_size': 4096, 'block_total': 239287606, 'block_available': 153087199, 'block_used': 86200407, 'inode_total': 60850176, 'inode_available': 59442771, 'inode_used': 1407405, 'uuid': 'N/A'}) 
skipping: [localhost] => (item={'mount': '/etc/hostname', 'device': '/dev/mapper/ubuntu--vg-ubuntu--lv', 'fstype': 'ext4', 'options': 'rw,relatime,bind', 'dump': 0, 'passno': 0, 'size_total': 980122034176, 'size_available': 627045167104, 'block_size': 4096, 'block_total': 239287606, 'block_available': 153087199, 'block_used': 86200407, 'inode_total': 60850176, 'inode_available': 59442771, 'inode_used': 1407405, 'uuid': 'N/A'}) 
skipping: [localhost] => (item={'mount': '/etc/hosts', 'device': '/dev/mapper/ubuntu--vg-ubuntu--lv', 'fstype': 'ext4', 'options': 'rw,relatime,bind', 'dump': 0, 'passno': 0, 'size_total': 980122034176, 'size_available': 627045167104, 'block_size': 4096, 'block_total': 239287606, 'block_available': 153087199, 'block_used': 86200407, 'inode_total': 60850176, 'inode_available': 59442771, 'inode_used': 1407405, 'uuid': 'N/A'}) 
skipping: [localhost]

TASK [/stigforge/roles/ol10_stig : Remove User Host-Based Authentication Files - Define Rule Specific Facts] ***
ok: [localhost]

TASK [/stigforge/roles/ol10_stig : Remove User Host-Based Authentication Files - Find All .shosts Files in Local File Systems] ***
ok: [localhost] => (item=/stigforge/artifacts)
ok: [localhost] => (item=/stigforge)
ok: [localhost] => (item=/stigforge/generator)
ok: [localhost] => (item=/etc/resolv.conf)
ok: [localhost] => (item=/opt)
ok: [localhost] => (item=/var)
ok: [localhost] => (item=/tmp)
ok: [localhost] => (item=/media)
ok: [localhost] => (item=/afs)
ok: [localhost] => (item=/home)
ok: [localhost] => (item=/stigforge/roles)
ok: [localhost] => (item=/stigforge/pyproject.toml)
ok: [localhost] => (item=/etc)
ok: [localhost] => (item=/stigforge/policy)
ok: [localhost] => (item=/etc/hosts)
ok: [localhost] => (item=/root)
ok: [localhost] => (item=/srv)
ok: [localhost] => (item=/mnt)
ok: [localhost] => (item=/etc/hostname)
ok: [localhost] => (item=/boot)
ok: [localhost] => (item=/usr)

TASK [/stigforge/roles/ol10_stig : Remove User Host-Based Authentication Files - Create List of .shosts Files Present in Local File Systems] ***
ok: [localhost] => (item={'changed': False, 'stdout': '', 'stderr': '', 'rc': 0, 'cmd': ['find', '/stigforge/artifacts', '-xdev', '-type', 'f', '-name', '.shosts'], 'start': '2026-07-31 09:09:30.750851', 'end': '2026-07-31 09:09:30.753646', 'delta': '0:00:00.002795', 'msg': '', 'invocation': {'module_args': {'_raw_params': 'find /stigforge/artifacts -xdev -type f -name ".shosts"', '_uses_shell': False, 'expand_argument_vars': True, 'stdin_add_newline': True, 'strip_empty_ends': True, 'argv': None, 'chdir': None, 'executable': None, 'creates': None, 'removes': None, 'stdin': None}}, 'stdout_lines': [], 'stderr_lines': [], 'failed': False, 'item': '/stigforge/artifacts', 'ansible_loop_var': 'item'})
ok: [localhost] => (item={'changed': False, 'stdout': '', 'stderr': '', 'rc': 0, 'cmd': ['find', '/stigforge', '-xdev', '-type', 'f', '-name', '.shosts'], 'start': '2026-07-31 09:09:30.870756', 'end': '2026-07-31 09:09:30.873475', 'delta': '0:00:00.002719', 'msg': '', 'invocation': {'module_args': {'_raw_params': 'find /stigforge -xdev -type f -name ".shosts"', '_uses_shell': False, 'expand_argument_vars': True, 'stdin_add_newline': True, 'strip_empty_ends': True, 'argv': None, 'chdir': None, 'executable': None, 'creates': None, 'removes': None, 'stdin': None}}, 'stdout_lines': [], 'stderr_lines': [], 'failed': False, 'item': '/stigforge', 'ansible_loop_var': 'item'})
ok: [localhost] => (item={'changed': False, 'stdout': '', 'stderr': '', 'rc': 0, 'cmd': ['find', '/stigforge/generator', '-xdev', '-type', 'f', '-name', '.shosts'], 'start': '2026-07-31 09:09:30.993041', 'end': '2026-07-31 09:09:30.995656', 'delta': '0:00:00.002615', 'msg': '', 'invocation': {'module_args': {'_raw_params': 'find /stigforge/generator -xdev -type f -name ".shosts"', '_uses_shell': False, 'expand_argument_vars': True, 'stdin_add_newline': True, 'strip_empty_ends': True, 'argv': None, 'chdir': None, 'executable': None, 'creates': None, 'removes': None, 'stdin': None}}, 'stdout_lines': [], 'stderr_lines': [], 'failed': False, 'item': '/stigforge/generator', 'ansible_loop_var': 'item'})
ok: [localhost] => (item={'changed': False, 'stdout': '', 'stderr': '', 'rc': 0, 'cmd': ['find', '/etc/resolv.conf', '-xdev', '-type', 'f', '-name', '.shosts'], 'start': '2026-07-31 09:09:31.113640', 'end': '2026-07-31 09:09:31.116332', 'delta': '0:00:00.002692', 'msg': '', 'invocation': {'module_args': {'_raw_params': 'find /etc/resolv.conf -xdev -type f -name ".shosts"', '_uses_shell': False, 'expand_argument_vars': True, 'stdin_add_newline': True, 'strip_empty_ends': True, 'argv': None, 'chdir': None, 'executable': None, 'creates': None, 'removes': None, 'stdin': None}}, 'stdout_lines': [], 'stderr_lines': [], 'failed': False, 'item': '/etc/resolv.conf', 'ansible_loop_var': 'item'})
ok: [localhost] => (item={'changed': False, 'stdout': '', 'stderr': '', 'rc': 0, 'cmd': ['find', '/opt', '-xdev', '-type', 'f', '-name', '.shosts'], 'start': '2026-07-31 09:09:31.236267', 'end': '2026-07-31 09:09:31.238619', 'delta': '0:00:00.002352', 'msg': '', 'invocation': {'module_args': {'_raw_params': 'find /opt -xdev -type f -name ".shosts"', '_uses_shell': False, 'expand_argument_vars': True, 'stdin_add_newline': True, 'strip_empty_ends': True, 'argv': None, 'chdir': None, 'executable': None, 'creates': None, 'removes': None, 'stdin': None}}, 'stdout_lines': [], 'stderr_lines': [], 'failed': False, 'item': '/opt', 'ansible_loop_var': 'item'})
ok: [localhost] => (item={'changed': False, 'stdout': '', 'stderr': '', 'rc': 0, 'cmd': ['find', '/var', '-xdev', '-type', 'f', '-name', '.shosts'], 'start': '2026-07-31 09:09:31.360327', 'end': '2026-07-31 09:09:31.363361', 'delta': '0:00:00.003034', 'msg': '', 'invocation': {'module_args': {'_raw_params': 'find /var -xdev -type f -name ".shosts"', '_uses_shell': False, 'expand_argument_vars': True, 'stdin_add_newline': True, 'strip_empty_ends': True, 'argv': None, 'chdir': None, 'executable': None, 'creates': None, 'removes': None, 'stdin': None}}, 'stdout_lines': [], 'stderr_lines': [], 'failed': False, 'item': '/var', 'ansible_loop_var': 'item'})
ok: [localhost] => (item={'changed': False, 'stdout': '', 'stderr': '', 'rc': 0, 'cmd': ['find', '/tmp', '-xdev', '-type', 'f', '-name', '.shosts'], 'start': '2026-07-31 09:09:31.488049', 'end': '2026-07-31 09:09:31.490462', 'delta': '0:00:00.002413', 'msg': '', 'invocation': {'module_args': {'_raw_params': 'find /tmp -xdev -type f -name ".shosts"', '_uses_shell': False, 'expand_argument_vars': True, 'stdin_add_newline': True, 'strip_empty_ends': True, 'argv': None, 'chdir': None, 'executable': None, 'creates': None, 'removes': None, 'stdin': None}}, 'stdout_lines': [], 'stderr_lines': [], 'failed': False, 'item': '/tmp', 'ansible_loop_var': 'item'})
ok: [localhost] => (item={'changed': False, 'stdout': '', 'stderr': '', 'rc': 0, 'cmd': ['find', '/media', '-xdev', '-type', 'f', '-name', '.shosts'], 'start': '2026-07-31 09:09:31.601079', 'end': '2026-07-31 09:09:31.603662', 'delta': '0:00:00.002583', 'msg': '', 'invocation': {'module_args': {'_raw_params': 'find /media -xdev -type f -name ".shosts"', '_uses_shell': False, 'expand_argument_vars': True, 'stdin_add_newline': True, 'strip_empty_ends': True, 'argv': None, 'chdir': None, 'executable': None, 'creates': None, 'removes': None, 'stdin': None}}, 'stdout_lines': [], 'stderr_lines': [], 'failed': False, 'item': '/media', 'ansible_loop_var': 'item'})
ok: [localhost] => (item={'changed': False, 'stdout': '', 'stderr': '', 'rc': 0, 'cmd': ['find', '/afs', '-xdev', '-type', 'f', '-name', '.shosts'], 'start': '2026-07-31 09:09:31.733121', 'end': '2026-07-31 09:09:31.735697', 'delta': '0:00:00.002576', 'msg': '', 'invocation': {'module_args': {'_raw_params': 'find /afs -xdev -type f -name ".shosts"', '_uses_shell': False, 'expand_argument_vars': True, 'stdin_add_newline': True, 'strip_empty_ends': True, 'argv': None, 'chdir': None, 'executable': None, 'creates': None, 'removes': None, 'stdin': None}}, 'stdout_lines': [], 'stderr_lines': [], 'failed': False, 'item': '/afs', 'ansible_loop_var': 'item'})
ok: [localhost] => (item={'changed': False, 'stdout': '', 'stderr': '', 'rc': 0, 'cmd': ['find', '/home', '-xdev', '-type', 'f', '-name', '.shosts'], 'start': '2026-07-31 09:09:31.856880', 'end': '2026-07-31 09:09:31.859441', 'delta': '0:00:00.002561', 'msg': '', 'invocation': {'module_args': {'_raw_params': 'find /home -xdev -type f -name ".shosts"', '_uses_shell': False, 'expand_argument_vars': True, 'stdin_add_newline': True, 'strip_empty_ends': True, 'argv': None, 'chdir': None, 'executable': None, 'creates': None, 'removes': None, 'stdin': None}}, 'stdout_lines': [], 'stderr_lines': [], 'failed': False, 'item': '/home', 'ansible_loop_var': 'item'})
ok: [localhost] => (item={'changed': False, 'stdout': '', 'stderr': '', 'rc': 0, 'cmd': ['find', '/stigforge/roles', '-xdev', '-type', 'f', '-name', '.shosts'], 'start': '2026-07-31 09:09:31.976960', 'end': '2026-07-31 09:09:31.980371', 'delta': '0:00:00.003411', 'msg': '', 'invocation': {'module_args': {'_raw_params': 'find /stigforge/roles -xdev -type f -name ".shosts"', '_uses_shell': False, 'expand_argument_vars': True, 'stdin_add_newline': True, 'strip_empty_ends': True, 'argv': None, 'chdir': None, 'executable': None, 'creates': None, 'removes': None, 'stdin': None}}, 'stdout_lines': [], 'stderr_lines': [], 'failed': False, 'item': '/stigforge/roles', 'ansible_loop_var': 'item'})
ok: [localhost] => (item={'changed': False, 'stdout': '', 'stderr': '', 'rc': 0, 'cmd': ['find', '/stigforge/pyproject.toml', '-xdev', '-type', 'f', '-name', '.shosts'], 'start': '2026-07-31 09:09:32.118028', 'end': '2026-07-31 09:09:32.120496', 'delta': '0:00:00.002468', 'msg': '', 'invocation': {'module_args': {'_raw_params': 'find /stigforge/pyproject.toml -xdev -type f -name ".shosts"', '_uses_shell': False, 'expand_argument_vars': True, 'stdin_add_newline': True, 'strip_empty_ends': True, 'argv': None, 'chdir': None, 'executable': None, 'creates': None, 'removes': None, 'stdin': None}}, 'stdout_lines': [], 'stderr_lines': [], 'failed': False, 'item': '/stigforge/pyproject.toml', 'ansible_loop_var': 'item'})
ok: [localhost] => (item={'changed': False, 'stdout': '', 'stderr': '', 'rc': 0, 'cmd': ['find', '/etc', '-xdev', '-type', 'f', '-name', '.shosts'], 'start': '2026-07-31 09:09:32.252795', 'end': '2026-07-31 09:09:32.256959', 'delta': '0:00:00.004164', 'msg': '', 'invocation': {'module_args': {'_raw_params': 'find /etc -xdev -type f -name ".shosts"', '_uses_shell': False, 'expand_argument_vars': True, 'stdin_add_newline': True, 'strip_empty_ends': True, 'argv': None, 'chdir': None, 'executable': None, 'creates': None, 'removes': None, 'stdin': None}}, 'stdout_lines': [], 'stderr_lines': [], 'failed': False, 'item': '/etc', 'ansible_loop_var': 'item'})
ok: [localhost] => (item={'changed': False, 'stdout': '', 'stderr': '', 'rc': 0, 'cmd': ['find', '/stigforge/policy', '-xdev', '-type', 'f', '-name', '.shosts'], 'start': '2026-07-31 09:09:32.377031', 'end': '2026-07-31 09:09:32.379540', 'delta': '0:00:00.002509', 'msg': '', 'invocation': {'module_args': {'_raw_params': 'find /stigforge/policy -xdev -type f -name ".shosts"', '_uses_shell': False, 'expand_argument_vars': True, 'stdin_add_newline': True, 'strip_empty_ends': True, 'argv': None, 'chdir': None, 'executable': None, 'creates': None, 'removes': None, 'stdin': None}}, 'stdout_lines': [], 'stderr_lines': [], 'failed': False, 'item': '/stigforge/policy', 'ansible_loop_var': 'item'})
ok: [localhost] => (item={'changed': False, 'stdout': '', 'stderr': '', 'rc': 0, 'cmd': ['find', '/etc/hosts', '-xdev', '-type', 'f', '-name', '.shosts'], 'start': '2026-07-31 09:09:32.496812', 'end': '2026-07-31 09:09:32.499469', 'delta': '0:00:00.002657', 'msg': '', 'invocation': {'module_args': {'_raw_params': 'find /etc/hosts -xdev -type f -name ".shosts"', '_uses_shell': False, 'expand_argument_vars': True, 'stdin_add_newline': True, 'strip_empty_ends': True, 'argv': None, 'chdir': None, 'executable': None, 'creates': None, 'removes': None, 'stdin': None}}, 'stdout_lines': [], 'stderr_lines': [], 'failed': False, 'item': '/etc/hosts', 'ansible_loop_var': 'item'})
ok: [localhost] => (item={'changed': False, 'stdout': '', 'stderr': '', 'rc': 0, 'cmd': ['find', '/root', '-xdev', '-type', 'f', '-name', '.shosts'], 'start': '2026-07-31 09:09:32.619842', 'end': '2026-07-31 09:09:32.622597', 'delta': '0:00:00.002755', 'msg': '', 'invocation': {'module_args': {'_raw_params': 'find /root -xdev -type f -name ".shosts"', '_uses_shell': False, 'expand_argument_vars': True, 'stdin_add_newline': True, 'strip_empty_ends': True, 'argv': None, 'chdir': None, 'executable': None, 'creates': None, 'removes': None, 'stdin': None}}, 'stdout_lines': [], 'stderr_lines': [], 'failed': False, 'item': '/root', 'ansible_loop_var': 'item'})
ok: [localhost] => (item={'changed': False, 'stdout': '', 'stderr': '', 'rc': 0, 'cmd': ['find', '/srv', '-xdev', '-type', 'f', '-name', '.shosts'], 'start': '2026-07-31 09:09:32.743892', 'end': '2026-07-31 09:09:32.746465', 'delta': '0:00:00.002573', 'msg': '', 'invocation': {'module_args': {'_raw_params': 'find /srv -xdev -type f -name ".shosts"', '_uses_shell': False, 'expand_argument_vars': True, 'stdin_add_newline': True, 'strip_empty_ends': True, 'argv': None, 'chdir': None, 'executable': None, 'creates': None, 'removes': None, 'stdin': None}}, 'stdout_lines': [], 'stderr_lines': [], 'failed': False, 'item': '/srv', 'ansible_loop_var': 'item'})
ok: [localhost] => (item={'changed': False, 'stdout': '', 'stderr': '', 'rc': 0, 'cmd': ['find', '/mnt', '-xdev', '-type', 'f', '-name', '.shosts'], 'start': '2026-07-31 09:09:32.862582', 'end': '2026-07-31 09:09:32.864873', 'delta': '0:00:00.002291', 'msg': '', 'invocation': {'module_args': {'_raw_params': 'find /mnt -xdev -type f -name ".shosts"', '_uses_shell': False, 'expand_argument_vars': True, 'stdin_add_newline': True, 'strip_empty_ends': True, 'argv': None, 'chdir': None, 'executable': None, 'creates': None, 'removes': None, 'stdin': None}}, 'stdout_lines': [], 'stderr_lines': [], 'failed': False, 'item': '/mnt', 'ansible_loop_var': 'item'})
ok: [localhost] => (item={'changed': False, 'stdout': '', 'stderr': '', 'rc': 0, 'cmd': ['find', '/etc/hostname', '-xdev', '-type', 'f', '-name', '.shosts'], 'start': '2026-07-31 09:09:32.984206', 'end': '2026-07-31 09:09:32.986684', 'delta': '0:00:00.002478', 'msg': '', 'invocation': {'module_args': {'_raw_params': 'find /etc/hostname -xdev -type f -name ".shosts"', '_uses_shell': False, 'expand_argument_vars': True, 'stdin_add_newline': True, 'strip_empty_ends': True, 'argv': None, 'chdir': None, 'executable': None, 'creates': None, 'removes': None, 'stdin': None}}, 'stdout_lines': [], 'stderr_lines': [], 'failed': False, 'item': '/etc/hostname', 'ansible_loop_var': 'item'})
ok: [localhost] => (item={'changed': False, 'stdout': '', 'stderr': '', 'rc': 0, 'cmd': ['find', '/boot', '-xdev', '-type', 'f', '-name', '.shosts'], 'start': '2026-07-31 09:09:33.102643', 'end': '2026-07-31 09:09:33.105317', 'delta': '0:00:00.002674', 'msg': '', 'invocation': {'module_args': {'_raw_params': 'find /boot -xdev -type f -name ".shosts"', '_uses_shell': False, 'expand_argument_vars': True, 'stdin_add_newline': True, 'strip_empty_ends': True, 'argv': None, 'chdir': None, 'executable': None, 'creates': None, 'removes': None, 'stdin': None}}, 'stdout_lines': [], 'stderr_lines': [], 'failed': False, 'item': '/boot', 'ansible_loop_var': 'item'})
ok: [localhost] => (item={'changed': False, 'stdout': '', 'stderr': '', 'rc': 0, 'cmd': ['find', '/usr', '-xdev', '-type', 'f', '-name', '.shosts'], 'start': '2026-07-31 09:09:33.218778', 'end': '2026-07-31 09:09:33.254677', 'delta': '0:00:00.035899', 'msg': '', 'invocation': {'module_args': {'_raw_params': 'find /usr -xdev -type f -name ".shosts"', '_uses_shell': False, 'expand_argument_vars': True, 'stdin_add_newline': True, 'strip_empty_ends': True, 'argv': None, 'chdir': None, 'executable': None, 'creates': None, 'removes': None, 'stdin': None}}, 'stdout_lines': [], 'stderr_lines': [], 'failed': False, 'item': '/usr', 'ansible_loop_var': 'item'})

TASK [/stigforge/roles/ol10_stig : Remove User Host-Based Authentication Files - Ensure No .shosts Files Are Present in the System] ***
ok: [localhost] => (item=/.shosts)

TASK [/stigforge/roles/ol10_stig : Ensure tftp systemd Service Uses Secure Mode - Find valid drop-ins] ***
skipping: [localhost]

TASK [/stigforge/roles/ol10_stig : Ensure tftp systemd Service Uses Secure Mode - Find all drop-in files] ***
skipping: [localhost]

TASK [/stigforge/roles/ol10_stig : Ensure tftp systemd Service Uses Secure Mode - Get invalid drop-ins] ***
skipping: [localhost]

TASK [/stigforge/roles/ol10_stig : Ensure tftp systemd Service Uses Secure Mode - Comment all ExecStart in invalid drop-ins] ***
skipping: [localhost]

TASK [/stigforge/roles/ol10_stig : Ensure tftp systemd Service Uses Secure Mode - Check if a valid drop-in exists] ***
skipping: [localhost]

TASK [/stigforge/roles/ol10_stig : Ensure tftp systemd Service Uses Secure Mode - Check if tftp.service contains valid ExecStart] ***
skipping: [localhost]

TASK [/stigforge/roles/ol10_stig : Ensure tftp systemd Service Uses Secure Mode - Check if a valid tftp.service exists] ***
skipping: [localhost]

TASK [/stigforge/roles/ol10_stig : Ensure tftp systemd Service Uses Secure Mode - Recalculate global config validity] ***
skipping: [localhost]

TASK [/stigforge/roles/ol10_stig : Ensure drop-in directory exists] ************
skipping: [localhost]

TASK [/stigforge/roles/ol10_stig : Deploy 10-ssg-hardening.conf drop-in] *******
skipping: [localhost]

TASK [/stigforge/roles/ol10_stig : Reload systemd and restart tftp service] ****
skipping: [localhost]

TASK [/stigforge/roles/ol10_stig : Set the directory_groupowner_sshd_config_d_newgroup variable if represented by gid] ***
skipping: [localhost]

TASK [/stigforge/roles/ol10_stig : Ensure group owner on /etc/ssh/sshd_config.d/] ***
skipping: [localhost]

TASK [/stigforge/roles/ol10_stig : Set the directory_owner_sshd_config_d_newown variable if represented by uid] ***
skipping: [localhost]

TASK [/stigforge/roles/ol10_stig : Ensure owner on directory /etc/ssh/sshd_config.d/] ***
skipping: [localhost]

TASK [/stigforge/roles/ol10_stig : Find /etc/ssh/sshd_config.d/ file(s)] *******
skipping: [localhost]

TASK [/stigforge/roles/ol10_stig : Set permissions for /etc/ssh/sshd_config.d/ file(s)] ***
skipping: [localhost]

TASK [/stigforge/roles/ol10_stig : Set the file_groupowner_sshd_config_newgroup variable if represented by gid] ***
skipping: [localhost]

TASK [/stigforge/roles/ol10_stig : Test for existence /etc/ssh/sshd_config] ****
skipping: [localhost]

TASK [/stigforge/roles/ol10_stig : Ensure group owner on /etc/ssh/sshd_config] ***
skipping: [localhost]

TASK [/stigforge/roles/ol10_stig : Set the file_groupowner_sshd_drop_in_config_newgroup variable if represented by gid] ***
skipping: [localhost]

TASK [/stigforge/roles/ol10_stig : Find /etc/ssh/sshd_config.d/ file(s) matching ^.*$] ***
skipping: [localhost]

TASK [/stigforge/roles/ol10_stig : Ensure group owner on /etc/ssh/sshd_config.d/ file(s) matching ^.*$] ***
skipping: [localhost]

TASK [/stigforge/roles/ol10_stig : Set the file_owner_sshd_config_newown variable if represented by uid] ***
skipping: [localhost]

TASK [/stigforge/roles/ol10_stig : Test for existence /etc/ssh/sshd_config] ****
skipping: [localhost]

TASK [/stigforge/roles/ol10_stig : Ensure owner on /etc/ssh/sshd_config] *******
skipping: [localhost]

TASK [/stigforge/roles/ol10_stig : Set the file_owner_sshd_drop_in_config_newown variable if represented by uid] ***
skipping: [localhost]

TASK [/stigforge/roles/ol10_stig : Find /etc/ssh/sshd_config.d/ file(s) matching ^.*$] ***
skipping: [localhost]

TASK [/stigforge/roles/ol10_stig : Ensure owner on /etc/ssh/sshd_config.d/ file(s) matching ^.*$] ***
skipping: [localhost]

TASK [/stigforge/roles/ol10_stig : Test for existence /etc/ssh/sshd_config] ****
skipping: [localhost]

TASK [/stigforge/roles/ol10_stig : Ensure permission u-xs,g-xwrs,o-xwrt on /etc/ssh/sshd_config] ***
skipping: [localhost]

TASK [/stigforge/roles/ol10_stig : Find /etc/ssh/sshd_config.d/ file(s)] *******
skipping: [localhost]

TASK [/stigforge/roles/ol10_stig : Set permissions for /etc/ssh/sshd_config.d/ file(s)] ***
skipping: [localhost]

TASK [/stigforge/roles/ol10_stig : Find root:root-owned keys] ******************
skipping: [localhost]

TASK [/stigforge/roles/ol10_stig : Set permissions for root:root-owned keys] ***
skipping: [localhost]

TASK [/stigforge/roles/ol10_stig : Find root:ssh_keys-owned keys] **************
skipping: [localhost]

TASK [/stigforge/roles/ol10_stig : Set permissions for root:ssh_keys-owned keys] ***
skipping: [localhost]

TASK [/stigforge/roles/ol10_stig : Find /etc/ssh/ file(s)] *********************
skipping: [localhost]

TASK [/stigforge/roles/ol10_stig : Set permissions for /etc/ssh/ file(s)] ******
skipping: [localhost]

TASK [/stigforge/roles/ol10_stig : Ensure RekeyLimit is not configured in /etc/ssh/ssh_config] ***
skipping: [localhost]

TASK [/stigforge/roles/ol10_stig : Collect all include config files for ssh client which configure RekeyLimit] ***
skipping: [localhost]

TASK [/stigforge/roles/ol10_stig : Remove all occurences of RekeyLimit configuration from include config files of ssh client] ***
skipping: [localhost]

TASK [/stigforge/roles/ol10_stig : Ensure that rekey limit is set to 512M 1h in /etc/ssh/ssh_config.d/02-rekey-limit.conf] ***
skipping: [localhost]

TASK [/stigforge/roles/ol10_stig : Check for duplicate values] *****************
skipping: [localhost]

TASK [/stigforge/roles/ol10_stig : Deduplicate values from /etc/ssh/sshd_config] ***
skipping: [localhost]

TASK [/stigforge/roles/ol10_stig : Insert correct line to /etc/ssh/sshd_config] ***
skipping: [localhost]

TASK [/stigforge/roles/ol10_stig : Check for duplicate values] *****************
skipping: [localhost]

TASK [/stigforge/roles/ol10_stig : Deduplicate values from /etc/ssh/sshd_config] ***
skipping: [localhost]

TASK [/stigforge/roles/ol10_stig : Insert correct line to /etc/ssh/sshd_config] ***
skipping: [localhost]

TASK [/stigforge/roles/ol10_stig : Check for duplicate values] *****************
skipping: [localhost]

TASK [/stigforge/roles/ol10_stig : Deduplicate values from /etc/ssh/sshd_config] ***
skipping: [localhost]

TASK [/stigforge/roles/ol10_stig : Insert correct line to /etc/ssh/sshd_config] ***
skipping: [localhost]

TASK [/stigforge/roles/ol10_stig : Enable SSH Server firewalld Firewall Exception - Collect NetworkManager connections names] ***
skipping: [localhost]

TASK [/stigforge/roles/ol10_stig : Enable SSH Server firewalld Firewall Exception - Collect NetworkManager connections zones] ***
skipping: [localhost]

TASK [/stigforge/roles/ol10_stig : Enable SSH Server firewalld Firewall Exception - Ensure NetworkManager connections are assigned to a firewalld zone] ***
skipping: [localhost]

TASK [/stigforge/roles/ol10_stig : Enable SSH Server firewalld Firewall Exception - Ensure NetworkManager connections changes are applied] ***
skipping: [localhost]

TASK [/stigforge/roles/ol10_stig : Enable SSH Server firewalld Firewall Exception - Collect firewalld active zones] ***
skipping: [localhost]

TASK [/stigforge/roles/ol10_stig : Enable SSH Server firewalld Firewall Exception - Ensure firewalld zones allow SSH] ***
skipping: [localhost]

TASK [/stigforge/roles/ol10_stig : Enable SSH Server firewalld Firewall Exception - Ensure firewalld changes are applied] ***
skipping: [localhost]

TASK [/stigforge/roles/ol10_stig : Enable SSH Server firewalld Firewall Exception - Informative message based on services states] ***
skipping: [localhost]

TASK [/stigforge/roles/ol10_stig : Check for duplicate values] *****************
skipping: [localhost]

TASK [/stigforge/roles/ol10_stig : Deduplicate values from /etc/ssh/sshd_config] ***
skipping: [localhost]

TASK [/stigforge/roles/ol10_stig : Insert correct line to /etc/ssh/sshd_config] ***
skipping: [localhost]

TASK [/stigforge/roles/ol10_stig : Check for duplicate values] *****************
skipping: [localhost]

TASK [/stigforge/roles/ol10_stig : Deduplicate values from /etc/ssh/sshd_config] ***
skipping: [localhost]

TASK [/stigforge/roles/ol10_stig : Insert correct line to /etc/ssh/sshd_config] ***
skipping: [localhost]

TASK [/stigforge/roles/ol10_stig : Check for duplicate values] *****************
skipping: [localhost]

TASK [/stigforge/roles/ol10_stig : Deduplicate values from /etc/ssh/sshd_config] ***
skipping: [localhost]

TASK [/stigforge/roles/ol10_stig : Insert correct line to /etc/ssh/sshd_config] ***
skipping: [localhost]

TASK [/stigforge/roles/ol10_stig : Check for duplicate values] *****************
skipping: [localhost]

TASK [/stigforge/roles/ol10_stig : Deduplicate values from /etc/ssh/sshd_config] ***
skipping: [localhost]

TASK [/stigforge/roles/ol10_stig : Insert correct line to /etc/ssh/sshd_config] ***
skipping: [localhost]

TASK [/stigforge/roles/ol10_stig : Check for duplicate values] *****************
skipping: [localhost]

TASK [/stigforge/roles/ol10_stig : Deduplicate values from /etc/ssh/sshd_config] ***
skipping: [localhost]

TASK [/stigforge/roles/ol10_stig : Insert correct line to /etc/ssh/sshd_config] ***
skipping: [localhost]

TASK [/stigforge/roles/ol10_stig : Check for duplicate values] *****************
skipping: [localhost]

TASK [/stigforge/roles/ol10_stig : Deduplicate values from /etc/ssh/sshd_config] ***
skipping: [localhost]

TASK [/stigforge/roles/ol10_stig : Insert correct line to /etc/ssh/sshd_config] ***
skipping: [localhost]

TASK [/stigforge/roles/ol10_stig : Check for duplicate values] *****************
skipping: [localhost]

TASK [/stigforge/roles/ol10_stig : Deduplicate values from /etc/ssh/sshd_config] ***
skipping: [localhost]

TASK [/stigforge/roles/ol10_stig : Insert correct line to /etc/ssh/sshd_config] ***
skipping: [localhost]

TASK [/stigforge/roles/ol10_stig : Check for duplicate values] *****************
skipping: [localhost]

TASK [/stigforge/roles/ol10_stig : Deduplicate values from /etc/ssh/sshd_config] ***
skipping: [localhost]

TASK [/stigforge/roles/ol10_stig : Insert correct line to /etc/ssh/sshd_config] ***
skipping: [localhost]

TASK [/stigforge/roles/ol10_stig : Check for duplicate values] *****************
skipping: [localhost]

TASK [/stigforge/roles/ol10_stig : Deduplicate values from /etc/ssh/sshd_config] ***
skipping: [localhost]

TASK [/stigforge/roles/ol10_stig : Insert correct line to /etc/ssh/sshd_config] ***
skipping: [localhost]

TASK [/stigforge/roles/ol10_stig : Check for duplicate values] *****************
skipping: [localhost]

TASK [/stigforge/roles/ol10_stig : Deduplicate values from /etc/ssh/sshd_config] ***
skipping: [localhost]

TASK [/stigforge/roles/ol10_stig : Insert correct line to /etc/ssh/sshd_config] ***
skipping: [localhost]

TASK [/stigforge/roles/ol10_stig : Check for duplicate values] *****************
skipping: [localhost]

TASK [/stigforge/roles/ol10_stig : Deduplicate values from /etc/ssh/sshd_config] ***
skipping: [localhost]

TASK [/stigforge/roles/ol10_stig : Insert correct line to /etc/ssh/sshd_config] ***
skipping: [localhost]

TASK [/stigforge/roles/ol10_stig : Check for duplicate values] *****************
skipping: [localhost]

TASK [/stigforge/roles/ol10_stig : Deduplicate values from /etc/ssh/sshd_config] ***
skipping: [localhost]

TASK [/stigforge/roles/ol10_stig : Insert correct line to /etc/ssh/sshd_config] ***
skipping: [localhost]

TASK [/stigforge/roles/ol10_stig : Check for duplicate values] *****************
skipping: [localhost]

TASK [/stigforge/roles/ol10_stig : Deduplicate values from /etc/ssh/sshd_config] ***
skipping: [localhost]

TASK [/stigforge/roles/ol10_stig : Insert correct line to /etc/ssh/sshd_config] ***
skipping: [localhost]

TASK [/stigforge/roles/ol10_stig : Check for duplicate values] *****************
skipping: [localhost]

TASK [/stigforge/roles/ol10_stig : Deduplicate values from /etc/ssh/sshd_config] ***
skipping: [localhost]

TASK [/stigforge/roles/ol10_stig : Insert correct line to /etc/ssh/sshd_config] ***
skipping: [localhost]

TASK [/stigforge/roles/ol10_stig : Check for duplicate values] *****************
skipping: [localhost]

TASK [/stigforge/roles/ol10_stig : Deduplicate values from /etc/ssh/sshd_config] ***
skipping: [localhost]

TASK [/stigforge/roles/ol10_stig : Insert correct line to /etc/ssh/sshd_config] ***
skipping: [localhost]

TASK [/stigforge/roles/ol10_stig : Check for duplicate values] *****************
skipping: [localhost]

TASK [/stigforge/roles/ol10_stig : Deduplicate values from /etc/ssh/sshd_config] ***
skipping: [localhost]

TASK [/stigforge/roles/ol10_stig : Insert correct line to /etc/ssh/sshd_config] ***
skipping: [localhost]

TASK [/stigforge/roles/ol10_stig : Check for duplicate values] *****************
skipping: [localhost]

TASK [/stigforge/roles/ol10_stig : Deduplicate values from /etc/ssh/sshd_config] ***
skipping: [localhost]

TASK [/stigforge/roles/ol10_stig : Insert correct line to /etc/ssh/sshd_config] ***
skipping: [localhost]

TASK [/stigforge/roles/ol10_stig : Test for domain group] **********************
skipping: [localhost]

TASK [/stigforge/roles/ol10_stig : Add default domain group (if no domain there)] ***
skipping: [localhost] => (item={'section': 'sssd', 'option': 'domains', 'value': 'default'}) 
skipping: [localhost] => (item={'section': 'domain/default', 'option': 'id_provider', 'value': 'files'}) 
skipping: [localhost]

TASK [/stigforge/roles/ol10_stig : Configure SSD to Expire Offline Credentials] ***
skipping: [localhost]

TASK [/stigforge/roles/ol10_stig : Find all the conf files inside /etc/sssd/conf.d/] ***
skipping: [localhost]

TASK [/stigforge/roles/ol10_stig : Fix offline_credentials_expiration configuration in /etc/sssd/conf.d/] ***
skipping: [localhost]

TASK [/stigforge/roles/ol10_stig : Check for duplicate values] *****************
skipping: [localhost]

TASK [/stigforge/roles/ol10_stig : Deduplicate values from /etc/usbguard/usbguard-daemon.conf] ***
skipping: [localhost]

TASK [/stigforge/roles/ol10_stig : Insert correct line to /etc/usbguard/usbguard-daemon.conf] ***
skipping: [localhost]

TASK [/stigforge/roles/ol10_stig : Switch to multi-user runlevel] **************
skipping: [localhost]

TASK [/stigforge/roles/ol10_stig : Update grub defaults and the bootloader menu] ***
skipping: [localhost]

TASK [/stigforge/roles/ol10_stig : Update grub defaults and the bootloader menu] ***
skipping: [localhost]

TASK [/stigforge/roles/ol10_stig : Collect all files from /etc/audit/rules.d with .rules extension] ***
skipping: [localhost]

TASK [/stigforge/roles/ol10_stig : Remove the -e option from all Audit config files] ***
skipping: [localhost]

TASK [/stigforge/roles/ol10_stig : Add Audit -e option into /etc/audit/rules.d/immutable.rules and /etc/audit/audit.rules] ***
skipping: [localhost] => (item=/etc/audit/audit.rules) 
skipping: [localhost] => (item=/etc/audit/rules.d/immutable.rules) 
skipping: [localhost]

TASK [/stigforge/roles/ol10_stig : Set architecture for audit mount tasks] *****
skipping: [localhost]

TASK [/stigforge/roles/ol10_stig : Declare list of syscalls] *******************
skipping: [localhost]

TASK [/stigforge/roles/ol10_stig : Check existence of mount in /etc/audit/rules.d/] ***
skipping: [localhost]

TASK [/stigforge/roles/ol10_stig : Reset syscalls found per file] **************
skipping: [localhost]

TASK [/stigforge/roles/ol10_stig : Declare syscalls found per file] ************
skipping: [localhost]

TASK [/stigforge/roles/ol10_stig : Declare files where syscalls were found] ****
skipping: [localhost]

TASK [/stigforge/roles/ol10_stig : Count occurrences of syscalls in paths] *****
skipping: [localhost]

TASK [/stigforge/roles/ol10_stig : Get path with most syscalls] ****************
skipping: [localhost]

TASK [/stigforge/roles/ol10_stig : No file with syscall found, set path to /etc/audit/rules.d/export.rules] ***
skipping: [localhost]

TASK [/stigforge/roles/ol10_stig : Declare found syscalls] *********************
skipping: [localhost]

TASK [/stigforge/roles/ol10_stig : Declare missing syscalls] *******************
skipping: [localhost]

TASK [/stigforge/roles/ol10_stig : Replace the audit rule in {{ audit_file }}] ***
skipping: [localhost]

TASK [/stigforge/roles/ol10_stig : Add the audit rule to {{ audit_file }}] *****
skipping: [localhost]

TASK [/stigforge/roles/ol10_stig : Declare list of syscalls] *******************
skipping: [localhost]

TASK [/stigforge/roles/ol10_stig : Check existence of mount in /etc/audit/audit.rules] ***
skipping: [localhost]

TASK [/stigforge/roles/ol10_stig : Set path to /etc/audit/audit.rules] *********
skipping: [localhost]

TASK [/stigforge/roles/ol10_stig : Declare found syscalls] *********************
skipping: [localhost]

TASK [/stigforge/roles/ol10_stig : Declare missing syscalls] *******************
skipping: [localhost]

TASK [/stigforge/roles/ol10_stig : Replace the audit rule in {{ audit_file }}] ***
skipping: [localhost]

TASK [/stigforge/roles/ol10_stig : Add the audit rule to {{ audit_file }}] *****
skipping: [localhost]

TASK [/stigforge/roles/ol10_stig : Declare list of syscalls] *******************
skipping: [localhost]

TASK [/stigforge/roles/ol10_stig : Check existence of mount in /etc/audit/rules.d/] ***
skipping: [localhost]

TASK [/stigforge/roles/ol10_stig : Reset syscalls found per file] **************
skipping: [localhost]

TASK [/stigforge/roles/ol10_stig : Declare syscalls found per file] ************
skipping: [localhost]

TASK [/stigforge/roles/ol10_stig : Declare files where syscalls were found] ****
skipping: [localhost]

TASK [/stigforge/roles/ol10_stig : Count occurrences of syscalls in paths] *****
skipping: [localhost]

TASK [/stigforge/roles/ol10_stig : Get path with most syscalls] ****************
skipping: [localhost]

TASK [/stigforge/roles/ol10_stig : No file with syscall found, set path to /etc/audit/rules.d/export.rules] ***
skipping: [localhost]

TASK [/stigforge/roles/ol10_stig : Declare found syscalls] *********************
skipping: [localhost]

TASK [/stigforge/roles/ol10_stig : Declare missing syscalls] *******************
skipping: [localhost]

TASK [/stigforge/roles/ol10_stig : Replace the audit rule in {{ audit_file }}] ***
skipping: [localhost]

TASK [/stigforge/roles/ol10_stig : Add the audit rule to {{ audit_file }}] *****
skipping: [localhost]

TASK [/stigforge/roles/ol10_stig : Declare list of syscalls] *******************
skipping: [localhost]

TASK [/stigforge/roles/ol10_stig : Check existence of mount in /etc/audit/audit.rules] ***
skipping: [localhost]

TASK [/stigforge/roles/ol10_stig : Set path to /etc/audit/audit.rules] *********
skipping: [localhost]

TASK [/stigforge/roles/ol10_stig : Declare found syscalls] *********************
skipping: [localhost]

TASK [/stigforge/roles/ol10_stig : Declare missing syscalls] *******************
skipping: [localhost]

TASK [/stigforge/roles/ol10_stig : Replace the audit rule in {{ audit_file }}] ***
skipping: [localhost]

TASK [/stigforge/roles/ol10_stig : Add the audit rule to {{ audit_file }}] *****
skipping: [localhost]

TASK [/stigforge/roles/ol10_stig : Ensure auditd Collects System Administrator Actions - /etc/sudoers - Check if watch rule for /etc/sudoers already exists in /etc/audit/rules.d/] ***
skipping: [localhost]

TASK [/stigforge/roles/ol10_stig : Ensure auditd Collects System Administrator Actions - /etc/sudoers - Search /etc/audit/rules.d for other rules with specified key actions] ***
skipping: [localhost]

TASK [/stigforge/roles/ol10_stig : Ensure auditd Collects System Administrator Actions - /etc/sudoers - Use /etc/audit/rules.d/actions.rules as the recipient for the rule] ***
skipping: [localhost]

TASK [/stigforge/roles/ol10_stig : Ensure auditd Collects System Administrator Actions - /etc/sudoers - Use matched file as the recipient for the rule] ***
skipping: [localhost]

TASK [/stigforge/roles/ol10_stig : Ensure auditd Collects System Administrator Actions - /etc/sudoers - Add watch rule for /etc/sudoers in /etc/audit/rules.d/] ***
skipping: [localhost]

TASK [/stigforge/roles/ol10_stig : Ensure auditd Collects System Administrator Actions - /etc/sudoers - Check if watch rule for /etc/sudoers already exists in /etc/audit/audit.rules] ***
skipping: [localhost]

TASK [/stigforge/roles/ol10_stig : Ensure auditd Collects System Administrator Actions - /etc/sudoers - Add watch rule for /etc/sudoers in /etc/audit/audit.rules] ***
skipping: [localhost]

TASK [/stigforge/roles/ol10_stig : Ensure auditd Collects System Administrator Actions - /etc/sudoers.d/ - Check if watch rule for /etc/sudoers.d/ already exists in /etc/audit/rules.d/] ***
skipping: [localhost]

TASK [/stigforge/roles/ol10_stig : Ensure auditd Collects System Administrator Actions - /etc/sudoers.d/ - Search /etc/audit/rules.d for other rules with specified key actions] ***
skipping: [localhost]

TASK [/stigforge/roles/ol10_stig : Ensure auditd Collects System Administrator Actions - /etc/sudoers.d/ - Use /etc/audit/rules.d/actions.rules as the recipient for the rule] ***
skipping: [localhost]

TASK [/stigforge/roles/ol10_stig : Ensure auditd Collects System Administrator Actions - /etc/sudoers.d/ - Use matched file as the recipient for the rule] ***
skipping: [localhost]

TASK [/stigforge/roles/ol10_stig : Ensure auditd Collects System Administrator Actions - /etc/sudoers.d/ - Add watch rule for /etc/sudoers.d/ in /etc/audit/rules.d/] ***
skipping: [localhost]

TASK [/stigforge/roles/ol10_stig : Ensure auditd Collects System Administrator Actions - /etc/sudoers.d/ - Check if watch rule for /etc/sudoers.d/ already exists in /etc/audit/audit.rules] ***
skipping: [localhost]

TASK [/stigforge/roles/ol10_stig : Ensure auditd Collects System Administrator Actions - /etc/sudoers.d/ - Add watch rule for /etc/sudoers.d/ in /etc/audit/audit.rules] ***
skipping: [localhost]

TASK [/stigforge/roles/ol10_stig : Set suid_audit_rules fact] ******************
skipping: [localhost]

TASK [/stigforge/roles/ol10_stig : Update /etc/audit/rules.d/privileged.rules to audit privileged functions] ***
skipping: [localhost]

TASK [/stigforge/roles/ol10_stig : Update /etc/audit/audit.rules to audit privileged functions] ***
skipping: [localhost]

TASK [/stigforge/roles/ol10_stig : Restart Auditd] *****************************
skipping: [localhost]

TASK [/stigforge/roles/ol10_stig : Collect all files from /etc/audit/rules.d with .rules extension] ***
skipping: [localhost]

TASK [/stigforge/roles/ol10_stig : Remove the -f option from all Audit config files] ***
skipping: [localhost]

TASK [/stigforge/roles/ol10_stig : Add Audit -f option into /etc/audit/rules.d/immutable.rules and /etc/audit/audit.rules] ***
skipping: [localhost] => (item=/etc/audit/audit.rules) 
skipping: [localhost] => (item=/etc/audit/rules.d/immutable.rules) 
skipping: [localhost]

TASK [/stigforge/roles/ol10_stig : Record Events that Modify User/Group Information - /etc/group - Check if watch rule for /etc/group already exists in /etc/audit/rules.d/] ***
skipping: [localhost]

TASK [/stigforge/roles/ol10_stig : Record Events that Modify User/Group Information - /etc/group - Search /etc/audit/rules.d for other rules with specified key audit_rules_usergroup_modification] ***
skipping: [localhost]

TASK [/stigforge/roles/ol10_stig : Record Events that Modify User/Group Information - /etc/group - Use /etc/audit/rules.d/audit_rules_usergroup_modification.rules as the recipient for the rule] ***
skipping: [localhost]

TASK [/stigforge/roles/ol10_stig : Record Events that Modify User/Group Information - /etc/group - Use matched file as the recipient for the rule] ***
skipping: [localhost]

TASK [/stigforge/roles/ol10_stig : Record Events that Modify User/Group Information - /etc/group - Add watch rule for /etc/group in /etc/audit/rules.d/] ***
skipping: [localhost]

TASK [/stigforge/roles/ol10_stig : Record Events that Modify User/Group Information - /etc/group - Check if watch rule for /etc/group already exists in /etc/audit/audit.rules] ***
skipping: [localhost]

TASK [/stigforge/roles/ol10_stig : Record Events that Modify User/Group Information - /etc/group - Add watch rule for /etc/group in /etc/audit/audit.rules] ***
skipping: [localhost]

TASK [/stigforge/roles/ol10_stig : Record Events that Modify User/Group Information - /etc/gshadow - Check if watch rule for /etc/gshadow already exists in /etc/audit/rules.d/] ***
skipping: [localhost]

TASK [/stigforge/roles/ol10_stig : Record Events that Modify User/Group Information - /etc/gshadow - Search /etc/audit/rules.d for other rules with specified key audit_rules_usergroup_modification] ***
skipping: [localhost]

TASK [/stigforge/roles/ol10_stig : Record Events that Modify User/Group Information - /etc/gshadow - Use /etc/audit/rules.d/audit_rules_usergroup_modification.rules as the recipient for the rule] ***
skipping: [localhost]

TASK [/stigforge/roles/ol10_stig : Record Events that Modify User/Group Information - /etc/gshadow - Use matched file as the recipient for the rule] ***
skipping: [localhost]

TASK [/stigforge/roles/ol10_stig : Record Events that Modify User/Group Information - /etc/gshadow - Add watch rule for /etc/gshadow in /etc/audit/rules.d/] ***
skipping: [localhost]

TASK [/stigforge/roles/ol10_stig : Record Events that Modify User/Group Information - /etc/gshadow - Check if watch rule for /etc/gshadow already exists in /etc/audit/audit.rules] ***
skipping: [localhost]

TASK [/stigforge/roles/ol10_stig : Record Events that Modify User/Group Information - /etc/gshadow - Add watch rule for /etc/gshadow in /etc/audit/audit.rules] ***
skipping: [localhost]

TASK [/stigforge/roles/ol10_stig : Record Events that Modify User/Group Information - /etc/security/opasswd - Check if watch rule for /etc/security/opasswd already exists in /etc/audit/rules.d/] ***
skipping: [localhost]

TASK [/stigforge/roles/ol10_stig : Record Events that Modify User/Group Information - /etc/security/opasswd - Search /etc/audit/rules.d for other rules with specified key audit_rules_usergroup_modification] ***
skipping: [localhost]

TASK [/stigforge/roles/ol10_stig : Record Events that Modify User/Group Information - /etc/security/opasswd - Use /etc/audit/rules.d/audit_rules_usergroup_modification.rules as the recipient for the rule] ***
skipping: [localhost]

TASK [/stigforge/roles/ol10_stig : Record Events that Modify User/Group Information - /etc/security/opasswd - Use matched file as the recipient for the rule] ***
skipping: [localhost]

TASK [/stigforge/roles/ol10_stig : Record Events that Modify User/Group Information - /etc/security/opasswd - Add watch rule for /etc/security/opasswd in /etc/audit/rules.d/] ***
skipping: [localhost]

TASK [/stigforge/roles/ol10_stig : Record Events that Modify User/Group Information - /etc/security/opasswd - Check if watch rule for /etc/security/opasswd already exists in /etc/audit/audit.rules] ***
skipping: [localhost]

TASK [/stigforge/roles/ol10_stig : Record Events that Modify User/Group Information - /etc/security/opasswd - Add watch rule for /etc/security/opasswd in /etc/audit/audit.rules] ***
skipping: [localhost]

TASK [/stigforge/roles/ol10_stig : Record Events that Modify User/Group Information - /etc/passwd - Check if watch rule for /etc/passwd already exists in /etc/audit/rules.d/] ***
skipping: [localhost]

TASK [/stigforge/roles/ol10_stig : Record Events that Modify User/Group Information - /etc/passwd - Search /etc/audit/rules.d for other rules with specified key audit_rules_usergroup_modification_passwd] ***
skipping: [localhost]

TASK [/stigforge/roles/ol10_stig : Record Events that Modify User/Group Information - /etc/passwd - Use /etc/audit/rules.d/audit_rules_usergroup_modification_passwd.rules as the recipient for the rule] ***
skipping: [localhost]

TASK [/stigforge/roles/ol10_stig : Record Events that Modify User/Group Information - /etc/passwd - Use matched file as the recipient for the rule] ***
skipping: [localhost]

TASK [/stigforge/roles/ol10_stig : Record Events that Modify User/Group Information - /etc/passwd - Add watch rule for /etc/passwd in /etc/audit/rules.d/] ***
skipping: [localhost]

TASK [/stigforge/roles/ol10_stig : Record Events that Modify User/Group Information - /etc/passwd - Check if watch rule for /etc/passwd already exists in /etc/audit/audit.rules] ***
skipping: [localhost]

TASK [/stigforge/roles/ol10_stig : Record Events that Modify User/Group Information - /etc/passwd - Add watch rule for /etc/passwd in /etc/audit/audit.rules] ***
skipping: [localhost]

TASK [/stigforge/roles/ol10_stig : Record Events that Modify User/Group Information - /etc/shadow - Check if watch rule for /etc/shadow already exists in /etc/audit/rules.d/] ***
skipping: [localhost]

TASK [/stigforge/roles/ol10_stig : Record Events that Modify User/Group Information - /etc/shadow - Search /etc/audit/rules.d for other rules with specified key audit_rules_usergroup_modification] ***
skipping: [localhost]

TASK [/stigforge/roles/ol10_stig : Record Events that Modify User/Group Information - /etc/shadow - Use /etc/audit/rules.d/audit_rules_usergroup_modification.rules as the recipient for the rule] ***
skipping: [localhost]

TASK [/stigforge/roles/ol10_stig : Record Events that Modify User/Group Information - /etc/shadow - Use matched file as the recipient for the rule] ***
skipping: [localhost]

TASK [/stigforge/roles/ol10_stig : Record Events that Modify User/Group Information - /etc/shadow - Add watch rule for /etc/shadow in /etc/audit/rules.d/] ***
skipping: [localhost]

TASK [/stigforge/roles/ol10_stig : Record Events that Modify User/Group Information - /etc/shadow - Check if watch rule for /etc/shadow already exists in /etc/audit/audit.rules] ***
skipping: [localhost]

TASK [/stigforge/roles/ol10_stig : Record Events that Modify User/Group Information - /etc/shadow - Add watch rule for /etc/shadow in /etc/audit/audit.rules] ***
skipping: [localhost]

TASK [/stigforge/roles/ol10_stig : System Audit Directories Must Be Group Owned By Root - Register Audit Configuration Text] ***
skipping: [localhost]

TASK [/stigforge/roles/ol10_stig : System Audit Directories Must Be Group Owned By Root - Set Permissions Custom Location] ***
skipping: [localhost]

TASK [/stigforge/roles/ol10_stig : System Audit Directories Must Be Owned By Root - Register Audit Configuration Text] ***
skipping: [localhost]

TASK [/stigforge/roles/ol10_stig : System Audit Directories Must Be Owned By Root - Set Permissions Custom Location] ***
skipping: [localhost]

TASK [/stigforge/roles/ol10_stig : Set the file_groupownership_audit_configuration_newgroup variable if represented by gid] ***
skipping: [localhost]

TASK [/stigforge/roles/ol10_stig : Find /etc/audit/ file(s) matching ^.*audit(\.rules|d\.conf)$] ***
skipping: [localhost]

TASK [/stigforge/roles/ol10_stig : Ensure group owner on /etc/audit/ file(s) matching ^.*audit(\.rules|d\.conf)$] ***
skipping: [localhost]

TASK [/stigforge/roles/ol10_stig : Find /etc/audit/rules.d/ file(s) matching ^.*\.rules$] ***
skipping: [localhost]

TASK [/stigforge/roles/ol10_stig : Ensure group owner on /etc/audit/rules.d/ file(s) matching ^.*\.rules$] ***
skipping: [localhost]

TASK [/stigforge/roles/ol10_stig : Set the file_ownership_audit_configuration_newown variable if represented by uid] ***
skipping: [localhost]

TASK [/stigforge/roles/ol10_stig : Find /etc/audit/ file(s) matching ^.*audit(\.rules|d\.conf)$] ***
skipping: [localhost]

TASK [/stigforge/roles/ol10_stig : Ensure owner on /etc/audit/ file(s) matching ^.*audit(\.rules|d\.conf)$] ***
skipping: [localhost]

TASK [/stigforge/roles/ol10_stig : Find /etc/audit/rules.d/ file(s) matching ^.*\.rules$] ***
skipping: [localhost]

TASK [/stigforge/roles/ol10_stig : Ensure owner on /etc/audit/rules.d/ file(s) matching ^.*\.rules$] ***
skipping: [localhost]

TASK [/stigforge/roles/ol10_stig : Find /etc/audit/ file(s)] *******************
skipping: [localhost]

TASK [/stigforge/roles/ol10_stig : Set permissions for /etc/audit/ file(s)] ****
skipping: [localhost]

TASK [/stigforge/roles/ol10_stig : Find /etc/audit/rules.d/ file(s)] ***********
skipping: [localhost]

TASK [/stigforge/roles/ol10_stig : Set permissions for /etc/audit/rules.d/ file(s)] ***
skipping: [localhost]

TASK [/stigforge/roles/ol10_stig : Get audit log files] ************************
skipping: [localhost]

TASK [/stigforge/roles/ol10_stig : Parse log file line] ************************
skipping: [localhost]

TASK [/stigforge/roles/ol10_stig : Set default log_file if not set] ************
skipping: [localhost]

TASK [/stigforge/roles/ol10_stig : Set log_file from log_file_line if not set already] ***
skipping: [localhost]

TASK [/stigforge/roles/ol10_stig : Apply mode to log file] *********************
skipping: [localhost]

TASK [/stigforge/roles/ol10_stig : Set architecture for audit chmod tasks] *****
skipping: [localhost]

TASK [/stigforge/roles/ol10_stig : Declare list of syscalls] *******************
skipping: [localhost]

TASK [/stigforge/roles/ol10_stig : Check existence of chmod in /etc/audit/rules.d/] ***
skipping: [localhost]

TASK [/stigforge/roles/ol10_stig : Reset syscalls found per file] **************
skipping: [localhost]

TASK [/stigforge/roles/ol10_stig : Declare syscalls found per file] ************
skipping: [localhost]

TASK [/stigforge/roles/ol10_stig : Declare files where syscalls were found] ****
skipping: [localhost]

TASK [/stigforge/roles/ol10_stig : Count occurrences of syscalls in paths] *****
skipping: [localhost]

TASK [/stigforge/roles/ol10_stig : Get path with most syscalls] ****************
skipping: [localhost]

TASK [/stigforge/roles/ol10_stig : No file with syscall found, set path to /etc/audit/rules.d/perm_mod.rules] ***
skipping: [localhost]

TASK [/stigforge/roles/ol10_stig : Declare found syscalls] *********************
skipping: [localhost]

TASK [/stigforge/roles/ol10_stig : Declare missing syscalls] *******************
skipping: [localhost]

TASK [/stigforge/roles/ol10_stig : Replace the audit rule in {{ audit_file }}] ***
skipping: [localhost]

TASK [/stigforge/roles/ol10_stig : Add the audit rule to {{ audit_file }}] *****
skipping: [localhost]

TASK [/stigforge/roles/ol10_stig : Declare list of syscalls] *******************
skipping: [localhost]

TASK [/stigforge/roles/ol10_stig : Check existence of chmod in /etc/audit/audit.rules] ***
skipping: [localhost]

TASK [/stigforge/roles/ol10_stig : Set path to /etc/audit/audit.rules] *********
skipping: [localhost]

TASK [/stigforge/roles/ol10_stig : Declare found syscalls] *********************
skipping: [localhost]

TASK [/stigforge/roles/ol10_stig : Declare missing syscalls] *******************
skipping: [localhost]

TASK [/stigforge/roles/ol10_stig : Replace the audit rule in {{ audit_file }}] ***
skipping: [localhost]

TASK [/stigforge/roles/ol10_stig : Add the audit rule to {{ audit_file }}] *****
skipping: [localhost]

TASK [/stigforge/roles/ol10_stig : Declare list of syscalls] *******************
skipping: [localhost]

TASK [/stigforge/roles/ol10_stig : Check existence of chmod in /etc/audit/rules.d/] ***
skipping: [localhost]

TASK [/stigforge/roles/ol10_stig : Reset syscalls found per file] **************
skipping: [localhost]

TASK [/stigforge/roles/ol10_stig : Declare syscalls found per file] ************
skipping: [localhost]

TASK [/stigforge/roles/ol10_stig : Declare files where syscalls were found] ****
skipping: [localhost]

TASK [/stigforge/roles/ol10_stig : Count occurrences of syscalls in paths] *****
skipping: [localhost]

TASK [/stigforge/roles/ol10_stig : Get path with most syscalls] ****************
skipping: [localhost]

TASK [/stigforge/roles/ol10_stig : No file with syscall found, set path to /etc/audit/rules.d/perm_mod.rules] ***
skipping: [localhost]

TASK [/stigforge/roles/ol10_stig : Declare found syscalls] *********************
skipping: [localhost]

TASK [/stigforge/roles/ol10_stig : Declare missing syscalls] *******************
skipping: [localhost]

TASK [/stigforge/roles/ol10_stig : Replace the audit rule in {{ audit_file }}] ***
skipping: [localhost]

TASK [/stigforge/roles/ol10_stig : Add the audit rule to {{ audit_file }}] *****
skipping: [localhost]

TASK [/stigforge/roles/ol10_stig : Declare list of syscalls] *******************
skipping: [localhost]

TASK [/stigforge/roles/ol10_stig : Check existence of chmod in /etc/audit/audit.rules] ***
skipping: [localhost]

TASK [/stigforge/roles/ol10_stig : Set path to /etc/audit/audit.rules] *********
skipping: [localhost]

TASK [/stigforge/roles/ol10_stig : Declare found syscalls] *********************
skipping: [localhost]

TASK [/stigforge/roles/ol10_stig : Declare missing syscalls] *******************
skipping: [localhost]

TASK [/stigforge/roles/ol10_stig : Replace the audit rule in {{ audit_file }}] ***
skipping: [localhost]

TASK [/stigforge/roles/ol10_stig : Add the audit rule to {{ audit_file }}] *****
skipping: [localhost]

TASK [/stigforge/roles/ol10_stig : Set architecture for audit chown tasks] *****
skipping: [localhost]

TASK [/stigforge/roles/ol10_stig : Declare list of syscalls] *******************
skipping: [localhost]

TASK [/stigforge/roles/ol10_stig : Check existence of chown in /etc/audit/rules.d/] ***
skipping: [localhost]

TASK [/stigforge/roles/ol10_stig : Reset syscalls found per file] **************
skipping: [localhost]

TASK [/stigforge/roles/ol10_stig : Declare syscalls found per file] ************
skipping: [localhost]

TASK [/stigforge/roles/ol10_stig : Declare files where syscalls were found] ****
skipping: [localhost]

TASK [/stigforge/roles/ol10_stig : Count occurrences of syscalls in paths] *****
skipping: [localhost]

TASK [/stigforge/roles/ol10_stig : Get path with most syscalls] ****************
skipping: [localhost]

TASK [/stigforge/roles/ol10_stig : No file with syscall found, set path to /etc/audit/rules.d/perm_mod.rules] ***
skipping: [localhost]

TASK [/stigforge/roles/ol10_stig : Declare found syscalls] *********************
skipping: [localhost]

TASK [/stigforge/roles/ol10_stig : Declare missing syscalls] *******************
skipping: [localhost]

TASK [/stigforge/roles/ol10_stig : Replace the audit rule in {{ audit_file }}] ***
skipping: [localhost]

TASK [/stigforge/roles/ol10_stig : Add the audit rule to {{ audit_file }}] *****
skipping: [localhost]

TASK [/stigforge/roles/ol10_stig : Declare list of syscalls] *******************
skipping: [localhost]

TASK [/stigforge/roles/ol10_stig : Check existence of chown in /etc/audit/audit.rules] ***
skipping: [localhost]

TASK [/stigforge/roles/ol10_stig : Set path to /etc/audit/audit.rules] *********
skipping: [localhost]

TASK [/stigforge/roles/ol10_stig : Declare found syscalls] *********************
skipping: [localhost]

TASK [/stigforge/roles/ol10_stig : Declare missing syscalls] *******************
skipping: [localhost]

TASK [/stigforge/roles/ol10_stig : Replace the audit rule in {{ audit_file }}] ***
skipping: [localhost]

TASK [/stigforge/roles/ol10_stig : Add the audit rule to {{ audit_file }}] *****
skipping: [localhost]

TASK [/stigforge/roles/ol10_stig : Declare list of syscalls] *******************
skipping: [localhost]

TASK [/stigforge/roles/ol10_stig : Check existence of chown in /etc/audit/rules.d/] ***
skipping: [localhost]

TASK [/stigforge/roles/ol10_stig : Reset syscalls found per file] **************
skipping: [localhost]

TASK [/stigforge/roles/ol10_stig : Declare syscalls found per file] ************
skipping: [localhost]

TASK [/stigforge/roles/ol10_stig : Declare files where syscalls were found] ****
skipping: [localhost]

TASK [/stigforge/roles/ol10_stig : Count occurrences of syscalls in paths] *****
skipping: [localhost]

TASK [/stigforge/roles/ol10_stig : Get path with most syscalls] ****************
skipping: [localhost]

TASK [/stigforge/roles/ol10_stig : No file with syscall found, set path to /etc/audit/rules.d/perm_mod.rules] ***
skipping: [localhost]

TASK [/stigforge/roles/ol10_stig : Declare found syscalls] *********************
skipping: [localhost]

TASK [/stigforge/roles/ol10_stig : Declare missing syscalls] *******************
skipping: [localhost]

TASK [/stigforge/roles/ol10_stig : Replace the audit rule in {{ audit_file }}] ***
skipping: [localhost]

TASK [/stigforge/roles/ol10_stig : Add the audit rule to {{ audit_file }}] *****
skipping: [localhost]

TASK [/stigforge/roles/ol10_stig : Declare list of syscalls] *******************
skipping: [localhost]

TASK [/stigforge/roles/ol10_stig : Check existence of chown in /etc/audit/audit.rules] ***
skipping: [localhost]

TASK [/stigforge/roles/ol10_stig : Set path to /etc/audit/audit.rules] *********
skipping: [localhost]

TASK [/stigforge/roles/ol10_stig : Declare found syscalls] *********************
skipping: [localhost]

TASK [/stigforge/roles/ol10_stig : Declare missing syscalls] *******************
skipping: [localhost]

TASK [/stigforge/roles/ol10_stig : Replace the audit rule in {{ audit_file }}] ***
skipping: [localhost]

TASK [/stigforge/roles/ol10_stig : Add the audit rule to {{ audit_file }}] *****
skipping: [localhost]

TASK [/stigforge/roles/ol10_stig : Set architecture for audit fchmod tasks] ****
skipping: [localhost]

TASK [/stigforge/roles/ol10_stig : Declare list of syscalls] *******************
skipping: [localhost]

TASK [/stigforge/roles/ol10_stig : Check existence of fchmod in /etc/audit/rules.d/] ***
skipping: [localhost]

TASK [/stigforge/roles/ol10_stig : Reset syscalls found per file] **************
skipping: [localhost]

TASK [/stigforge/roles/ol10_stig : Declare syscalls found per file] ************
skipping: [localhost]

TASK [/stigforge/roles/ol10_stig : Declare files where syscalls were found] ****
skipping: [localhost]

TASK [/stigforge/roles/ol10_stig : Count occurrences of syscalls in paths] *****
skipping: [localhost]

TASK [/stigforge/roles/ol10_stig : Get path with most syscalls] ****************
skipping: [localhost]

TASK [/stigforge/roles/ol10_stig : No file with syscall found, set path to /etc/audit/rules.d/perm_mod.rules] ***
skipping: [localhost]

TASK [/stigforge/roles/ol10_stig : Declare found syscalls] *********************
skipping: [localhost]

TASK [/stigforge/roles/ol10_stig : Declare missing syscalls] *******************
skipping: [localhost]

TASK [/stigforge/roles/ol10_stig : Replace the audit rule in {{ audit_file }}] ***
skipping: [localhost]

TASK [/stigforge/roles/ol10_stig : Add the audit rule to {{ audit_file }}] *****
skipping: [localhost]

TASK [/stigforge/roles/ol10_stig : Declare list of syscalls] *******************
skipping: [localhost]

TASK [/stigforge/roles/ol10_stig : Check existence of fchmod in /etc/audit/audit.rules] ***
skipping: [localhost]

TASK [/stigforge/roles/ol10_stig : Set path to /etc/audit/audit.rules] *********
skipping: [localhost]

TASK [/stigforge/roles/ol10_stig : Declare found syscalls] *********************
skipping: [localhost]

TASK [/stigforge/roles/ol10_stig : Declare missing syscalls] *******************
skipping: [localhost]

TASK [/stigforge/roles/ol10_stig : Replace the audit rule in {{ audit_file }}] ***
skipping: [localhost]

TASK [/stigforge/roles/ol10_stig : Add the audit rule to {{ audit_file }}] *****
skipping: [localhost]

TASK [/stigforge/roles/ol10_stig : Declare list of syscalls] *******************
skipping: [localhost]

TASK [/stigforge/roles/ol10_stig : Check existence of fchmod in /etc/audit/rules.d/] ***
skipping: [localhost]

TASK [/stigforge/roles/ol10_stig : Reset syscalls found per file] **************
skipping: [localhost]

TASK [/stigforge/roles/ol10_stig : Declare syscalls found per file] ************
skipping: [localhost]

TASK [/stigforge/roles/ol10_stig : Declare files where syscalls were found] ****
skipping: [localhost]

TASK [/stigforge/roles/ol10_stig : Count occurrences of syscalls in paths] *****
skipping: [localhost]

TASK [/stigforge/roles/ol10_stig : Get path with most syscalls] ****************
skipping: [localhost]

TASK [/stigforge/roles/ol10_stig : No file with syscall found, set path to /etc/audit/rules.d/perm_mod.rules] ***
skipping: [localhost]

TASK [/stigforge/roles/ol10_stig : Declare found syscalls] *********************
skipping: [localhost]

TASK [/stigforge/roles/ol10_stig : Declare missing syscalls] *******************
skipping: [localhost]

TASK [/stigforge/roles/ol10_stig : Replace the audit rule in {{ audit_file }}] ***
skipping: [localhost]

TASK [/stigforge/roles/ol10_stig : Add the audit rule to {{ audit_file }}] *****
skipping: [localhost]

TASK [/stigforge/roles/ol10_stig : Declare list of syscalls] *******************
skipping: [localhost]

TASK [/stigforge/roles/ol10_stig : Check existence of fchmod in /etc/audit/audit.rules] ***
skipping: [localhost]

TASK [/stigforge/roles/ol10_stig : Set path to /etc/audit/audit.rules] *********
skipping: [localhost]

TASK [/stigforge/roles/ol10_stig : Declare found syscalls] *********************
skipping: [localhost]

TASK [/stigforge/roles/ol10_stig : Declare missing syscalls] *******************
skipping: [localhost]

TASK [/stigforge/roles/ol10_stig : Replace the audit rule in {{ audit_file }}] ***
skipping: [localhost]

TASK [/stigforge/roles/ol10_stig : Add the audit rule to {{ audit_file }}] *****
skipping: [localhost]

TASK [/stigforge/roles/ol10_stig : Set architecture for audit fchmodat tasks] ***
skipping: [localhost]

TASK [/stigforge/roles/ol10_stig : Declare list of syscalls] *******************
skipping: [localhost]

TASK [/stigforge/roles/ol10_stig : Check existence of fchmodat in /etc/audit/rules.d/] ***
skipping: [localhost]

TASK [/stigforge/roles/ol10_stig : Reset syscalls found per file] **************
skipping: [localhost]

TASK [/stigforge/roles/ol10_stig : Declare syscalls found per file] ************
skipping: [localhost]

TASK [/stigforge/roles/ol10_stig : Declare files where syscalls were found] ****
skipping: [localhost]

TASK [/stigforge/roles/ol10_stig : Count occurrences of syscalls in paths] *****
skipping: [localhost]

TASK [/stigforge/roles/ol10_stig : Get path with most syscalls] ****************
skipping: [localhost]

TASK [/stigforge/roles/ol10_stig : No file with syscall found, set path to /etc/audit/rules.d/perm_mod.rules] ***
skipping: [localhost]

TASK [/stigforge/roles/ol10_stig : Declare found syscalls] *********************
skipping: [localhost]

TASK [/stigforge/roles/ol10_stig : Declare missing syscalls] *******************
skipping: [localhost]

TASK [/stigforge/roles/ol10_stig : Replace the audit rule in {{ audit_file }}] ***
skipping: [localhost]

TASK [/stigforge/roles/ol10_stig : Add the audit rule to {{ audit_file }}] *****
skipping: [localhost]

TASK [/stigforge/roles/ol10_stig : Declare list of syscalls] *******************
skipping: [localhost]

TASK [/stigforge/roles/ol10_stig : Check existence of fchmodat in /etc/audit/audit.rules] ***
skipping: [localhost]

TASK [/stigforge/roles/ol10_stig : Set path to /etc/audit/audit.rules] *********
skipping: [localhost]

TASK [/stigforge/roles/ol10_stig : Declare found syscalls] *********************
skipping: [localhost]

TASK [/stigforge/roles/ol10_stig : Declare missing syscalls] *******************
skipping: [localhost]

TASK [/stigforge/roles/ol10_stig : Replace the audit rule in {{ audit_file }}] ***
skipping: [localhost]

TASK [/stigforge/roles/ol10_stig : Add the audit rule to {{ audit_file }}] *****
skipping: [localhost]

TASK [/stigforge/roles/ol10_stig : Declare list of syscalls] *******************
skipping: [localhost]

TASK [/stigforge/roles/ol10_stig : Check existence of fchmodat in /etc/audit/rules.d/] ***
skipping: [localhost]

TASK [/stigforge/roles/ol10_stig : Reset syscalls found per file] **************
skipping: [localhost]

TASK [/stigforge/roles/ol10_stig : Declare syscalls found per file] ************
skipping: [localhost]

TASK [/stigforge/roles/ol10_stig : Declare files where syscalls were found] ****
skipping: [localhost]

TASK [/stigforge/roles/ol10_stig : Count occurrences of syscalls in paths] *****
skipping: [localhost]

TASK [/stigforge/roles/ol10_stig : Get path with most syscalls] ****************
skipping: [localhost]

TASK [/stigforge/roles/ol10_stig : No file with syscall found, set path to /etc/audit/rules.d/perm_mod.rules] ***
skipping: [localhost]

TASK [/stigforge/roles/ol10_stig : Declare found syscalls] *********************
skipping: [localhost]

TASK [/stigforge/roles/ol10_stig : Declare missing syscalls] *******************
skipping: [localhost]

TASK [/stigforge/roles/ol10_stig : Replace the audit rule in {{ audit_file }}] ***
skipping: [localhost]

TASK [/stigforge/roles/ol10_stig : Add the audit rule to {{ audit_file }}] *****
skipping: [localhost]

TASK [/stigforge/roles/ol10_stig : Declare list of syscalls] *******************
skipping: [localhost]

TASK [/stigforge/roles/ol10_stig : Check existence of fchmodat in /etc/audit/audit.rules] ***
skipping: [localhost]

TASK [/stigforge/roles/ol10_stig : Set path to /etc/audit/audit.rules] *********
skipping: [localhost]

TASK [/stigforge/roles/ol10_stig : Declare found syscalls] *********************
skipping: [localhost]

TASK [/stigforge/roles/ol10_stig : Declare missing syscalls] *******************
skipping: [localhost]

TASK [/stigforge/roles/ol10_stig : Replace the audit rule in {{ audit_file }}] ***
skipping: [localhost]

TASK [/stigforge/roles/ol10_stig : Add the audit rule to {{ audit_file }}] *****
skipping: [localhost]

TASK [/stigforge/roles/ol10_stig : Set architecture for audit fchmodat2 tasks] ***
skipping: [localhost]

TASK [/stigforge/roles/ol10_stig : Declare list of syscalls] *******************
skipping: [localhost]

TASK [/stigforge/roles/ol10_stig : Check existence of fchmodat2 in /etc/audit/rules.d/] ***
skipping: [localhost]

TASK [/stigforge/roles/ol10_stig : Reset syscalls found per file] **************
skipping: [localhost]

TASK [/stigforge/roles/ol10_stig : Declare syscalls found per file] ************
skipping: [localhost]

TASK [/stigforge/roles/ol10_stig : Declare files where syscalls were found] ****
skipping: [localhost]

TASK [/stigforge/roles/ol10_stig : Count occurrences of syscalls in paths] *****
skipping: [localhost]

TASK [/stigforge/roles/ol10_stig : Get path with most syscalls] ****************
skipping: [localhost]

TASK [/stigforge/roles/ol10_stig : No file with syscall found, set path to /etc/audit/rules.d/perm_mod.rules] ***
skipping: [localhost]

TASK [/stigforge/roles/ol10_stig : Declare found syscalls] *********************
skipping: [localhost]

TASK [/stigforge/roles/ol10_stig : Declare missing syscalls] *******************
skipping: [localhost]

TASK [/stigforge/roles/ol10_stig : Replace the audit rule in {{ audit_file }}] ***
skipping: [localhost]

TASK [/stigforge/roles/ol10_stig : Add the audit rule to {{ audit_file }}] *****
skipping: [localhost]

TASK [/stigforge/roles/ol10_stig : Declare list of syscalls] *******************
skipping: [localhost]

TASK [/stigforge/roles/ol10_stig : Check existence of fchmodat2 in /etc/audit/audit.rules] ***
skipping: [localhost]

TASK [/stigforge/roles/ol10_stig : Set path to /etc/audit/audit.rules] *********
skipping: [localhost]

TASK [/stigforge/roles/ol10_stig : Declare found syscalls] *********************
skipping: [localhost]

TASK [/stigforge/roles/ol10_stig : Declare missing syscalls] *******************
skipping: [localhost]

TASK [/stigforge/roles/ol10_stig : Replace the audit rule in {{ audit_file }}] ***
skipping: [localhost]

TASK [/stigforge/roles/ol10_stig : Add the audit rule to {{ audit_file }}] *****
skipping: [localhost]

TASK [/stigforge/roles/ol10_stig : Declare list of syscalls] *******************
skipping: [localhost]

TASK [/stigforge/roles/ol10_stig : Check existence of fchmodat2 in /etc/audit/rules.d/] ***
skipping: [localhost]

TASK [/stigforge/roles/ol10_stig : Reset syscalls found per file] **************
skipping: [localhost]

TASK [/stigforge/roles/ol10_stig : Declare syscalls found per file] ************
skipping: [localhost]

TASK [/stigforge/roles/ol10_stig : Declare files where syscalls were found] ****
skipping: [localhost]

TASK [/stigforge/roles/ol10_stig : Count occurrences of syscalls in paths] *****
skipping: [localhost]

TASK [/stigforge/roles/ol10_stig : Get path with most syscalls] ****************
skipping: [localhost]

TASK [/stigforge/roles/ol10_stig : No file with syscall found, set path to /etc/audit/rules.d/perm_mod.rules] ***
skipping: [localhost]

TASK [/stigforge/roles/ol10_stig : Declare found syscalls] *********************
skipping: [localhost]

TASK [/stigforge/roles/ol10_stig : Declare missing syscalls] *******************
skipping: [localhost]

TASK [/stigforge/roles/ol10_stig : Replace the audit rule in {{ audit_file }}] ***
skipping: [localhost]

TASK [/stigforge/roles/ol10_stig : Add the audit rule to {{ audit_file }}] *****
skipping: [localhost]

TASK [/stigforge/roles/ol10_stig : Declare list of syscalls] *******************
skipping: [localhost]

TASK [/stigforge/roles/ol10_stig : Check existence of fchmodat2 in /etc/audit/audit.rules] ***
skipping: [localhost]

TASK [/stigforge/roles/ol10_stig : Set path to /etc/audit/audit.rules] *********
skipping: [localhost]

TASK [/stigforge/roles/ol10_stig : Declare found syscalls] *********************
skipping: [localhost]

TASK [/stigforge/roles/ol10_stig : Declare missing syscalls] *******************
skipping: [localhost]

TASK [/stigforge/roles/ol10_stig : Replace the audit rule in {{ audit_file }}] ***
skipping: [localhost]

TASK [/stigforge/roles/ol10_stig : Add the audit rule to {{ audit_file }}] *****
skipping: [localhost]

TASK [/stigforge/roles/ol10_stig : Set architecture for audit fchown tasks] ****
skipping: [localhost]

TASK [/stigforge/roles/ol10_stig : Declare list of syscalls] *******************
skipping: [localhost]

TASK [/stigforge/roles/ol10_stig : Check existence of fchown in /etc/audit/rules.d/] ***
skipping: [localhost]

TASK [/stigforge/roles/ol10_stig : Reset syscalls found per file] **************
skipping: [localhost]

TASK [/stigforge/roles/ol10_stig : Declare syscalls found per file] ************
skipping: [localhost]

TASK [/stigforge/roles/ol10_stig : Declare files where syscalls were found] ****
skipping: [localhost]

TASK [/stigforge/roles/ol10_stig : Count occurrences of syscalls in paths] *****
skipping: [localhost]

TASK [/stigforge/roles/ol10_stig : Get path with most syscalls] ****************
skipping: [localhost]

TASK [/stigforge/roles/ol10_stig : No file with syscall found, set path to /etc/audit/rules.d/perm_mod.rules] ***
skipping: [localhost]

TASK [/stigforge/roles/ol10_stig : Declare found syscalls] *********************
skipping: [localhost]

TASK [/stigforge/roles/ol10_stig : Declare missing syscalls] *******************
skipping: [localhost]

TASK [/stigforge/roles/ol10_stig : Replace the audit rule in {{ audit_file }}] ***
skipping: [localhost]

TASK [/stigforge/roles/ol10_stig : Add the audit rule to {{ audit_file }}] *****
skipping: [localhost]

TASK [/stigforge/roles/ol10_stig : Declare list of syscalls] *******************
skipping: [localhost]

TASK [/stigforge/roles/ol10_stig : Check existence of fchown in /etc/audit/audit.rules] ***
skipping: [localhost]

TASK [/stigforge/roles/ol10_stig : Set path to /etc/audit/audit.rules] *********
skipping: [localhost]

TASK [/stigforge/roles/ol10_stig : Declare found syscalls] *********************
skipping: [localhost]

TASK [/stigforge/roles/ol10_stig : Declare missing syscalls] *******************
skipping: [localhost]

TASK [/stigforge/roles/ol10_stig : Replace the audit rule in {{ audit_file }}] ***
skipping: [localhost]

TASK [/stigforge/roles/ol10_stig : Add the audit rule to {{ audit_file }}] *****
skipping: [localhost]

TASK [/stigforge/roles/ol10_stig : Declare list of syscalls] *******************
skipping: [localhost]

TASK [/stigforge/roles/ol10_stig : Check existence of fchown in /etc/audit/rules.d/] ***
skipping: [localhost]

TASK [/stigforge/roles/ol10_stig : Reset syscalls found per file] **************
skipping: [localhost]

TASK [/stigforge/roles/ol10_stig : Declare syscalls found per file] ************
skipping: [localhost]

TASK [/stigforge/roles/ol10_stig : Declare files where syscalls were found] ****
skipping: [localhost]

TASK [/stigforge/roles/ol10_stig : Count occurrences of syscalls in paths] *****
skipping: [localhost]

TASK [/stigforge/roles/ol10_stig : Get path with most syscalls] ****************
skipping: [localhost]

TASK [/stigforge/roles/ol10_stig : No file with syscall found, set path to /etc/audit/rules.d/perm_mod.rules] ***
skipping: [localhost]

TASK [/stigforge/roles/ol10_stig : Declare found syscalls] *********************
skipping: [localhost]

TASK [/stigforge/roles/ol10_stig : Declare missing syscalls] *******************
skipping: [localhost]

TASK [/stigforge/roles/ol10_stig : Replace the audit rule in {{ audit_file }}] ***
skipping: [localhost]

TASK [/stigforge/roles/ol10_stig : Add the audit rule to {{ audit_file }}] *****
skipping: [localhost]

TASK [/stigforge/roles/ol10_stig : Declare list of syscalls] *******************
skipping: [localhost]

TASK [/stigforge/roles/ol10_stig : Check existence of fchown in /etc/audit/audit.rules] ***
skipping: [localhost]

TASK [/stigforge/roles/ol10_stig : Set path to /etc/audit/audit.rules] *********
skipping: [localhost]

TASK [/stigforge/roles/ol10_stig : Declare found syscalls] *********************
skipping: [localhost]

TASK [/stigforge/roles/ol10_stig : Declare missing syscalls] *******************
skipping: [localhost]

TASK [/stigforge/roles/ol10_stig : Replace the audit rule in {{ audit_file }}] ***
skipping: [localhost]

TASK [/stigforge/roles/ol10_stig : Add the audit rule to {{ audit_file }}] *****
skipping: [localhost]

TASK [/stigforge/roles/ol10_stig : Set architecture for audit fchownat tasks] ***
skipping: [localhost]

TASK [/stigforge/roles/ol10_stig : Declare list of syscalls] *******************
skipping: [localhost]

TASK [/stigforge/roles/ol10_stig : Check existence of fchownat in /etc/audit/rules.d/] ***
skipping: [localhost]

TASK [/stigforge/roles/ol10_stig : Reset syscalls found per file] **************
skipping: [localhost]

TASK [/stigforge/roles/ol10_stig : Declare syscalls found per file] ************
skipping: [localhost]

TASK [/stigforge/roles/ol10_stig : Declare files where syscalls were found] ****
skipping: [localhost]

TASK [/stigforge/roles/ol10_stig : Count occurrences of syscalls in paths] *****
skipping: [localhost]

TASK [/stigforge/roles/ol10_stig : Get path with most syscalls] ****************
skipping: [localhost]

TASK [/stigforge/roles/ol10_stig : No file with syscall found, set path to /etc/audit/rules.d/perm_mod.rules] ***
skipping: [localhost]

TASK [/stigforge/roles/ol10_stig : Declare found syscalls] *********************
skipping: [localhost]

TASK [/stigforge/roles/ol10_stig : Declare missing syscalls] *******************
skipping: [localhost]

TASK [/stigforge/roles/ol10_stig : Replace the audit rule in {{ audit_file }}] ***
skipping: [localhost]

TASK [/stigforge/roles/ol10_stig : Add the audit rule to {{ audit_file }}] *****
skipping: [localhost]

TASK [/stigforge/roles/ol10_stig : Declare list of syscalls] *******************
skipping: [localhost]

TASK [/stigforge/roles/ol10_stig : Check existence of fchownat in /etc/audit/audit.rules] ***
skipping: [localhost]

TASK [/stigforge/roles/ol10_stig : Set path to /etc/audit/audit.rules] *********
skipping: [localhost]

TASK [/stigforge/roles/ol10_stig : Declare found syscalls] *********************
skipping: [localhost]

TASK [/stigforge/roles/ol10_stig : Declare missing syscalls] *******************
skipping: [localhost]

TASK [/stigforge/roles/ol10_stig : Replace the audit rule in {{ audit_file }}] ***
skipping: [localhost]

TASK [/stigforge/roles/ol10_stig : Add the audit rule to {{ audit_file }}] *****
skipping: [localhost]

TASK [/stigforge/roles/ol10_stig : Declare list of syscalls] *******************
skipping: [localhost]

TASK [/stigforge/roles/ol10_stig : Check existence of fchownat in /etc/audit/rules.d/] ***
skipping: [localhost]

TASK [/stigforge/roles/ol10_stig : Reset syscalls found per file] **************
skipping: [localhost]

TASK [/stigforge/roles/ol10_stig : Declare syscalls found per file] ************
skipping: [localhost]

TASK [/stigforge/roles/ol10_stig : Declare files where syscalls were found] ****
skipping: [localhost]

TASK [/stigforge/roles/ol10_stig : Count occurrences of syscalls in paths] *****
skipping: [localhost]

TASK [/stigforge/roles/ol10_stig : Get path with most syscalls] ****************
skipping: [localhost]

TASK [/stigforge/roles/ol10_stig : No file with syscall found, set path to /etc/audit/rules.d/perm_mod.rules] ***
skipping: [localhost]

TASK [/stigforge/roles/ol10_stig : Declare found syscalls] *********************
skipping: [localhost]

TASK [/stigforge/roles/ol10_stig : Declare missing syscalls] *******************
skipping: [localhost]

TASK [/stigforge/roles/ol10_stig : Replace the audit rule in {{ audit_file }}] ***
skipping: [localhost]

TASK [/stigforge/roles/ol10_stig : Add the audit rule to {{ audit_file }}] *****
skipping: [localhost]

TASK [/stigforge/roles/ol10_stig : Declare list of syscalls] *******************
skipping: [localhost]

TASK [/stigforge/roles/ol10_stig : Check existence of fchownat in /etc/audit/audit.rules] ***
skipping: [localhost]

TASK [/stigforge/roles/ol10_stig : Set path to /etc/audit/audit.rules] *********
skipping: [localhost]

TASK [/stigforge/roles/ol10_stig : Declare found syscalls] *********************
skipping: [localhost]

TASK [/stigforge/roles/ol10_stig : Declare missing syscalls] *******************
skipping: [localhost]

TASK [/stigforge/roles/ol10_stig : Replace the audit rule in {{ audit_file }}] ***
skipping: [localhost]

TASK [/stigforge/roles/ol10_stig : Add the audit rule to {{ audit_file }}] *****
skipping: [localhost]

TASK [/stigforge/roles/ol10_stig : Set architecture for audit fremovexattr tasks] ***
skipping: [localhost]

TASK [/stigforge/roles/ol10_stig : Declare list of syscalls] *******************
skipping: [localhost]

TASK [/stigforge/roles/ol10_stig : Check existence of fremovexattr in /etc/audit/rules.d/] ***
skipping: [localhost]

TASK [/stigforge/roles/ol10_stig : Reset syscalls found per file] **************
skipping: [localhost]

TASK [/stigforge/roles/ol10_stig : Declare syscalls found per file] ************
skipping: [localhost]

TASK [/stigforge/roles/ol10_stig : Declare files where syscalls were found] ****
skipping: [localhost]

TASK [/stigforge/roles/ol10_stig : Count occurrences of syscalls in paths] *****
skipping: [localhost]

TASK [/stigforge/roles/ol10_stig : Get path with most syscalls] ****************
skipping: [localhost]

TASK [/stigforge/roles/ol10_stig : No file with syscall found, set path to /etc/audit/rules.d/perm_mod.rules] ***
skipping: [localhost]

TASK [/stigforge/roles/ol10_stig : Declare found syscalls] *********************
skipping: [localhost]

TASK [/stigforge/roles/ol10_stig : Declare missing syscalls] *******************
skipping: [localhost]

TASK [/stigforge/roles/ol10_stig : Replace the audit rule in {{ audit_file }}] ***
skipping: [localhost]

TASK [/stigforge/roles/ol10_stig : Add the audit rule to {{ audit_file }}] *****
skipping: [localhost]

TASK [/stigforge/roles/ol10_stig : Declare list of syscalls] *******************
skipping: [localhost]

TASK [/stigforge/roles/ol10_stig : Check existence of fremovexattr in /etc/audit/audit.rules] ***
skipping: [localhost]

TASK [/stigforge/roles/ol10_stig : Set path to /etc/audit/audit.rules] *********
skipping: [localhost]

TASK [/stigforge/roles/ol10_stig : Declare found syscalls] *********************
skipping: [localhost]

TASK [/stigforge/roles/ol10_stig : Declare missing syscalls] *******************
skipping: [localhost]

TASK [/stigforge/roles/ol10_stig : Replace the audit rule in {{ audit_file }}] ***
skipping: [localhost]

TASK [/stigforge/roles/ol10_stig : Add the audit rule to {{ audit_file }}] *****
skipping: [localhost]

TASK [/stigforge/roles/ol10_stig : Declare list of syscalls] *******************
skipping: [localhost]

TASK [/stigforge/roles/ol10_stig : Check existence of fremovexattr in /etc/audit/rules.d/] ***
skipping: [localhost]

TASK [/stigforge/roles/ol10_stig : Reset syscalls found per file] **************
skipping: [localhost]

TASK [/stigforge/roles/ol10_stig : Declare syscalls found per file] ************
skipping: [localhost]

TASK [/stigforge/roles/ol10_stig : Declare files where syscalls were found] ****
skipping: [localhost]

TASK [/stigforge/roles/ol10_stig : Count occurrences of syscalls in paths] *****
skipping: [localhost]

TASK [/stigforge/roles/ol10_stig : Get path with most syscalls] ****************
skipping: [localhost]

TASK [/stigforge/roles/ol10_stig : No file with syscall found, set path to /etc/audit/rules.d/perm_mod.rules] ***
skipping: [localhost]

TASK [/stigforge/roles/ol10_stig : Declare found syscalls] *********************
skipping: [localhost]

TASK [/stigforge/roles/ol10_stig : Declare missing syscalls] *******************
skipping: [localhost]

TASK [/stigforge/roles/ol10_stig : Replace the audit rule in {{ audit_file }}] ***
skipping: [localhost]

TASK [/stigforge/roles/ol10_stig : Add the audit rule to {{ audit_file }}] *****
skipping: [localhost]

TASK [/stigforge/roles/ol10_stig : Declare list of syscalls] *******************
skipping: [localhost]

TASK [/stigforge/roles/ol10_stig : Check existence of fremovexattr in /etc/audit/audit.rules] ***
skipping: [localhost]

TASK [/stigforge/roles/ol10_stig : Set path to /etc/audit/audit.rules] *********
skipping: [localhost]

TASK [/stigforge/roles/ol10_stig : Declare found syscalls] *********************
skipping: [localhost]

TASK [/stigforge/roles/ol10_stig : Declare missing syscalls] *******************
skipping: [localhost]

TASK [/stigforge/roles/ol10_stig : Replace the audit rule in {{ audit_file }}] ***
skipping: [localhost]

TASK [/stigforge/roles/ol10_stig : Add the audit rule to {{ audit_file }}] *****
skipping: [localhost]

TASK [/stigforge/roles/ol10_stig : Set architecture for audit fsetxattr tasks] ***
skipping: [localhost]

TASK [/stigforge/roles/ol10_stig : Declare list of syscalls] *******************
skipping: [localhost]

TASK [/stigforge/roles/ol10_stig : Check existence of fsetxattr in /etc/audit/rules.d/] ***
skipping: [localhost]

TASK [/stigforge/roles/ol10_stig : Reset syscalls found per file] **************
skipping: [localhost]

TASK [/stigforge/roles/ol10_stig : Declare syscalls found per file] ************
skipping: [localhost]

TASK [/stigforge/roles/ol10_stig : Declare files where syscalls were found] ****
skipping: [localhost]

TASK [/stigforge/roles/ol10_stig : Count occurrences of syscalls in paths] *****
skipping: [localhost]

TASK [/stigforge/roles/ol10_stig : Get path with most syscalls] ****************
skipping: [localhost]

TASK [/stigforge/roles/ol10_stig : No file with syscall found, set path to /etc/audit/rules.d/perm_mod.rules] ***
skipping: [localhost]

TASK [/stigforge/roles/ol10_stig : Declare found syscalls] *********************
skipping: [localhost]

TASK [/stigforge/roles/ol10_stig : Declare missing syscalls] *******************
skipping: [localhost]

TASK [/stigforge/roles/ol10_stig : Replace the audit rule in {{ audit_file }}] ***
skipping: [localhost]

TASK [/stigforge/roles/ol10_stig : Add the audit rule to {{ audit_file }}] *****
skipping: [localhost]

TASK [/stigforge/roles/ol10_stig : Declare list of syscalls] *******************
skipping: [localhost]

TASK [/stigforge/roles/ol10_stig : Check existence of fsetxattr in /etc/audit/audit.rules] ***
skipping: [localhost]

TASK [/stigforge/roles/ol10_stig : Set path to /etc/audit/audit.rules] *********
skipping: [localhost]

TASK [/stigforge/roles/ol10_stig : Declare found syscalls] *********************
skipping: [localhost]

TASK [/stigforge/roles/ol10_stig : Declare missing syscalls] *******************
skipping: [localhost]

TASK [/stigforge/roles/ol10_stig : Replace the audit rule in {{ audit_file }}] ***
skipping: [localhost]

TASK [/stigforge/roles/ol10_stig : Add the audit rule to {{ audit_file }}] *****
skipping: [localhost]

TASK [/stigforge/roles/ol10_stig : Declare list of syscalls] *******************
skipping: [localhost]

TASK [/stigforge/roles/ol10_stig : Check existence of fsetxattr in /etc/audit/rules.d/] ***
skipping: [localhost]

TASK [/stigforge/roles/ol10_stig : Reset syscalls found per file] **************
skipping: [localhost]

TASK [/stigforge/roles/ol10_stig : Declare syscalls found per file] ************
skipping: [localhost]

TASK [/stigforge/roles/ol10_stig : Declare files where syscalls were found] ****
skipping: [localhost]

TASK [/stigforge/roles/ol10_stig : Count occurrences of syscalls in paths] *****
skipping: [localhost]

TASK [/stigforge/roles/ol10_stig : Get path with most syscalls] ****************
skipping: [localhost]

TASK [/stigforge/roles/ol10_stig : No file with syscall found, set path to /etc/audit/rules.d/perm_mod.rules] ***
skipping: [localhost]

TASK [/stigforge/roles/ol10_stig : Declare found syscalls] *********************
skipping: [localhost]

TASK [/stigforge/roles/ol10_stig : Declare missing syscalls] *******************
skipping: [localhost]

TASK [/stigforge/roles/ol10_stig : Replace the audit rule in {{ audit_file }}] ***
skipping: [localhost]

TASK [/stigforge/roles/ol10_stig : Add the audit rule to {{ audit_file }}] *****
skipping: [localhost]

TASK [/stigforge/roles/ol10_stig : Declare list of syscalls] *******************
skipping: [localhost]

TASK [/stigforge/roles/ol10_stig : Check existence of fsetxattr in /etc/audit/audit.rules] ***
skipping: [localhost]

TASK [/stigforge/roles/ol10_stig : Set path to /etc/audit/audit.rules] *********
skipping: [localhost]

TASK [/stigforge/roles/ol10_stig : Declare found syscalls] *********************
skipping: [localhost]

TASK [/stigforge/roles/ol10_stig : Declare missing syscalls] *******************
skipping: [localhost]

TASK [/stigforge/roles/ol10_stig : Replace the audit rule in {{ audit_file }}] ***
skipping: [localhost]

TASK [/stigforge/roles/ol10_stig : Add the audit rule to {{ audit_file }}] *****
skipping: [localhost]

TASK [/stigforge/roles/ol10_stig : Set architecture for audit lchown tasks] ****
skipping: [localhost]

TASK [/stigforge/roles/ol10_stig : Declare list of syscalls] *******************
skipping: [localhost]

TASK [/stigforge/roles/ol10_stig : Check existence of lchown in /etc/audit/rules.d/] ***
skipping: [localhost]

TASK [/stigforge/roles/ol10_stig : Reset syscalls found per file] **************
skipping: [localhost]

TASK [/stigforge/roles/ol10_stig : Declare syscalls found per file] ************
skipping: [localhost]

TASK [/stigforge/roles/ol10_stig : Declare files where syscalls were found] ****
skipping: [localhost]

TASK [/stigforge/roles/ol10_stig : Count occurrences of syscalls in paths] *****
skipping: [localhost]

TASK [/stigforge/roles/ol10_stig : Get path with most syscalls] ****************
skipping: [localhost]

TASK [/stigforge/roles/ol10_stig : No file with syscall found, set path to /etc/audit/rules.d/perm_mod.rules] ***
skipping: [localhost]

TASK [/stigforge/roles/ol10_stig : Declare found syscalls] *********************
skipping: [localhost]

TASK [/stigforge/roles/ol10_stig : Declare missing syscalls] *******************
skipping: [localhost]

TASK [/stigforge/roles/ol10_stig : Replace the audit rule in {{ audit_file }}] ***
skipping: [localhost]

TASK [/stigforge/roles/ol10_stig : Add the audit rule to {{ audit_file }}] *****
skipping: [localhost]

TASK [/stigforge/roles/ol10_stig : Declare list of syscalls] *******************
skipping: [localhost]

TASK [/stigforge/roles/ol10_stig : Check existence of lchown in /etc/audit/audit.rules] ***
skipping: [localhost]

TASK [/stigforge/roles/ol10_stig : Set path to /etc/audit/audit.rules] *********
skipping: [localhost]

TASK [/stigforge/roles/ol10_stig : Declare found syscalls] *********************
skipping: [localhost]

TASK [/stigforge/roles/ol10_stig : Declare missing syscalls] *******************
skipping: [localhost]

TASK [/stigforge/roles/ol10_stig : Replace the audit rule in {{ audit_file }}] ***
skipping: [localhost]

TASK [/stigforge/roles/ol10_stig : Add the audit rule to {{ audit_file }}] *****
skipping: [localhost]

TASK [/stigforge/roles/ol10_stig : Declare list of syscalls] *******************
skipping: [localhost]

TASK [/stigforge/roles/ol10_stig : Check existence of lchown in /etc/audit/rules.d/] ***
skipping: [localhost]

TASK [/stigforge/roles/ol10_stig : Reset syscalls found per file] **************
skipping: [localhost]

TASK [/stigforge/roles/ol10_stig : Declare syscalls found per file] ************
skipping: [localhost]

TASK [/stigforge/roles/ol10_stig : Declare files where syscalls were found] ****
skipping: [localhost]

TASK [/stigforge/roles/ol10_stig : Count occurrences of syscalls in paths] *****
skipping: [localhost]

TASK [/stigforge/roles/ol10_stig : Get path with most syscalls] ****************
skipping: [localhost]

TASK [/stigforge/roles/ol10_stig : No file with syscall found, set path to /etc/audit/rules.d/perm_mod.rules] ***
skipping: [localhost]

TASK [/stigforge/roles/ol10_stig : Declare found syscalls] *********************
skipping: [localhost]

TASK [/stigforge/roles/ol10_stig : Declare missing syscalls] *******************
skipping: [localhost]

TASK [/stigforge/roles/ol10_stig : Replace the audit rule in {{ audit_file }}] ***
skipping: [localhost]

TASK [/stigforge/roles/ol10_stig : Add the audit rule to {{ audit_file }}] *****
skipping: [localhost]

TASK [/stigforge/roles/ol10_stig : Declare list of syscalls] *******************
skipping: [localhost]

TASK [/stigforge/roles/ol10_stig : Check existence of lchown in /etc/audit/audit.rules] ***
skipping: [localhost]

TASK [/stigforge/roles/ol10_stig : Set path to /etc/audit/audit.rules] *********
skipping: [localhost]

TASK [/stigforge/roles/ol10_stig : Declare found syscalls] *********************
skipping: [localhost]

TASK [/stigforge/roles/ol10_stig : Declare missing syscalls] *******************
skipping: [localhost]

TASK [/stigforge/roles/ol10_stig : Replace the audit rule in {{ audit_file }}] ***
skipping: [localhost]

TASK [/stigforge/roles/ol10_stig : Add the audit rule to {{ audit_file }}] *****
skipping: [localhost]

TASK [/stigforge/roles/ol10_stig : Set architecture for audit lremovexattr tasks] ***
skipping: [localhost]

TASK [/stigforge/roles/ol10_stig : Declare list of syscalls] *******************
skipping: [localhost]

TASK [/stigforge/roles/ol10_stig : Check existence of lremovexattr in /etc/audit/rules.d/] ***
skipping: [localhost]

TASK [/stigforge/roles/ol10_stig : Reset syscalls found per file] **************
skipping: [localhost]

TASK [/stigforge/roles/ol10_stig : Declare syscalls found per file] ************
skipping: [localhost]

TASK [/stigforge/roles/ol10_stig : Declare files where syscalls were found] ****
skipping: [localhost]

TASK [/stigforge/roles/ol10_stig : Count occurrences of syscalls in paths] *****
skipping: [localhost]

TASK [/stigforge/roles/ol10_stig : Get path with most syscalls] ****************
skipping: [localhost]

TASK [/stigforge/roles/ol10_stig : No file with syscall found, set path to /etc/audit/rules.d/perm_mod.rules] ***
skipping: [localhost]

TASK [/stigforge/roles/ol10_stig : Declare found syscalls] *********************
skipping: [localhost]

TASK [/stigforge/roles/ol10_stig : Declare missing syscalls] *******************
skipping: [localhost]

TASK [/stigforge/roles/ol10_stig : Replace the audit rule in {{ audit_file }}] ***
skipping: [localhost]

TASK [/stigforge/roles/ol10_stig : Add the audit rule to {{ audit_file }}] *****
skipping: [localhost]

TASK [/stigforge/roles/ol10_stig : Declare list of syscalls] *******************
skipping: [localhost]

TASK [/stigforge/roles/ol10_stig : Check existence of lremovexattr in /etc/audit/audit.rules] ***
skipping: [localhost]

TASK [/stigforge/roles/ol10_stig : Set path to /etc/audit/audit.rules] *********
skipping: [localhost]

TASK [/stigforge/roles/ol10_stig : Declare found syscalls] *********************
skipping: [localhost]

TASK [/stigforge/roles/ol10_stig : Declare missing syscalls] *******************
skipping: [localhost]

TASK [/stigforge/roles/ol10_stig : Replace the audit rule in {{ audit_file }}] ***
skipping: [localhost]

TASK [/stigforge/roles/ol10_stig : Add the audit rule to {{ audit_file }}] *****
skipping: [localhost]

TASK [/stigforge/roles/ol10_stig : Declare list of syscalls] *******************
skipping: [localhost]

TASK [/stigforge/roles/ol10_stig : Check existence of lremovexattr in /etc/audit/rules.d/] ***
skipping: [localhost]

TASK [/stigforge/roles/ol10_stig : Reset syscalls found per file] **************
skipping: [localhost]

TASK [/stigforge/roles/ol10_stig : Declare syscalls found per file] ************
skipping: [localhost]

TASK [/stigforge/roles/ol10_stig : Declare files where syscalls were found] ****
skipping: [localhost]

TASK [/stigforge/roles/ol10_stig : Count occurrences of syscalls in paths] *****
skipping: [localhost]

TASK [/stigforge/roles/ol10_stig : Get path with most syscalls] ****************
skipping: [localhost]

TASK [/stigforge/roles/ol10_stig : No file with syscall found, set path to /etc/audit/rules.d/perm_mod.rules] ***
skipping: [localhost]

TASK [/stigforge/roles/ol10_stig : Declare found syscalls] *********************
skipping: [localhost]

TASK [/stigforge/roles/ol10_stig : Declare missing syscalls] *******************
skipping: [localhost]

TASK [/stigforge/roles/ol10_stig : Replace the audit rule in {{ audit_file }}] ***
skipping: [localhost]

TASK [/stigforge/roles/ol10_stig : Add the audit rule to {{ audit_file }}] *****
skipping: [localhost]

TASK [/stigforge/roles/ol10_stig : Declare list of syscalls] *******************
skipping: [localhost]

TASK [/stigforge/roles/ol10_stig : Check existence of lremovexattr in /etc/audit/audit.rules] ***
skipping: [localhost]

TASK [/stigforge/roles/ol10_stig : Set path to /etc/audit/audit.rules] *********
skipping: [localhost]

TASK [/stigforge/roles/ol10_stig : Declare found syscalls] *********************
skipping: [localhost]

TASK [/stigforge/roles/ol10_stig : Declare missing syscalls] *******************
skipping: [localhost]

TASK [/stigforge/roles/ol10_stig : Replace the audit rule in {{ audit_file }}] ***
skipping: [localhost]

TASK [/stigforge/roles/ol10_stig : Add the audit rule to {{ audit_file }}] *****
skipping: [localhost]

TASK [/stigforge/roles/ol10_stig : Set architecture for audit lsetxattr tasks] ***
skipping: [localhost]

TASK [/stigforge/roles/ol10_stig : Declare list of syscalls] *******************
skipping: [localhost]

TASK [/stigforge/roles/ol10_stig : Check existence of lsetxattr in /etc/audit/rules.d/] ***
skipping: [localhost]

TASK [/stigforge/roles/ol10_stig : Reset syscalls found per file] **************
skipping: [localhost]

TASK [/stigforge/roles/ol10_stig : Declare syscalls found per file] ************
skipping: [localhost]

TASK [/stigforge/roles/ol10_stig : Declare files where syscalls were found] ****
skipping: [localhost]

TASK [/stigforge/roles/ol10_stig : Count occurrences of syscalls in paths] *****
skipping: [localhost]

TASK [/stigforge/roles/ol10_stig : Get path with most syscalls] ****************
skipping: [localhost]

TASK [/stigforge/roles/ol10_stig : No file with syscall found, set path to /etc/audit/rules.d/perm_mod.rules] ***
skipping: [localhost]

TASK [/stigforge/roles/ol10_stig : Declare found syscalls] *********************
skipping: [localhost]

TASK [/stigforge/roles/ol10_stig : Declare missing syscalls] *******************
skipping: [localhost]

TASK [/stigforge/roles/ol10_stig : Replace the audit rule in {{ audit_file }}] ***
skipping: [localhost]

TASK [/stigforge/roles/ol10_stig : Add the audit rule to {{ audit_file }}] *****
skipping: [localhost]

TASK [/stigforge/roles/ol10_stig : Declare list of syscalls] *******************
skipping: [localhost]

TASK [/stigforge/roles/ol10_stig : Check existence of lsetxattr in /etc/audit/audit.rules] ***
skipping: [localhost]

TASK [/stigforge/roles/ol10_stig : Set path to /etc/audit/audit.rules] *********
skipping: [localhost]

TASK [/stigforge/roles/ol10_stig : Declare found syscalls] *********************
skipping: [localhost]

TASK [/stigforge/roles/ol10_stig : Declare missing syscalls] *******************
skipping: [localhost]

TASK [/stigforge/roles/ol10_stig : Replace the audit rule in {{ audit_file }}] ***
skipping: [localhost]

TASK [/stigforge/roles/ol10_stig : Add the audit rule to {{ audit_file }}] *****
skipping: [localhost]

TASK [/stigforge/roles/ol10_stig : Declare list of syscalls] *******************
skipping: [localhost]

TASK [/stigforge/roles/ol10_stig : Check existence of lsetxattr in /etc/audit/rules.d/] ***
skipping: [localhost]

TASK [/stigforge/roles/ol10_stig : Reset syscalls found per file] **************
skipping: [localhost]

TASK [/stigforge/roles/ol10_stig : Declare syscalls found per file] ************
skipping: [localhost]

TASK [/stigforge/roles/ol10_stig : Declare files where syscalls were found] ****
skipping: [localhost]

TASK [/stigforge/roles/ol10_stig : Count occurrences of syscalls in paths] *****
skipping: [localhost]

TASK [/stigforge/roles/ol10_stig : Get path with most syscalls] ****************
skipping: [localhost]

TASK [/stigforge/roles/ol10_stig : No file with syscall found, set path to /etc/audit/rules.d/perm_mod.rules] ***
skipping: [localhost]

TASK [/stigforge/roles/ol10_stig : Declare found syscalls] *********************
skipping: [localhost]

TASK [/stigforge/roles/ol10_stig : Declare missing syscalls] *******************
skipping: [localhost]

TASK [/stigforge/roles/ol10_stig : Replace the audit rule in {{ audit_file }}] ***
skipping: [localhost]

TASK [/stigforge/roles/ol10_stig : Add the audit rule to {{ audit_file }}] *****
skipping: [localhost]

TASK [/stigforge/roles/ol10_stig : Declare list of syscalls] *******************
skipping: [localhost]

TASK [/stigforge/roles/ol10_stig : Check existence of lsetxattr in /etc/audit/audit.rules] ***
skipping: [localhost]

TASK [/stigforge/roles/ol10_stig : Set path to /etc/audit/audit.rules] *********
skipping: [localhost]

TASK [/stigforge/roles/ol10_stig : Declare found syscalls] *********************
skipping: [localhost]

TASK [/stigforge/roles/ol10_stig : Declare missing syscalls] *******************
skipping: [localhost]

TASK [/stigforge/roles/ol10_stig : Replace the audit rule in {{ audit_file }}] ***
skipping: [localhost]

TASK [/stigforge/roles/ol10_stig : Add the audit rule to {{ audit_file }}] *****
skipping: [localhost]

TASK [/stigforge/roles/ol10_stig : Set architecture for audit removexattr tasks] ***
skipping: [localhost]

TASK [/stigforge/roles/ol10_stig : Declare list of syscalls] *******************
skipping: [localhost]

TASK [/stigforge/roles/ol10_stig : Check existence of removexattr in /etc/audit/rules.d/] ***
skipping: [localhost]

TASK [/stigforge/roles/ol10_stig : Reset syscalls found per file] **************
skipping: [localhost]

TASK [/stigforge/roles/ol10_stig : Declare syscalls found per file] ************
skipping: [localhost]

TASK [/stigforge/roles/ol10_stig : Declare files where syscalls were found] ****
skipping: [localhost]

TASK [/stigforge/roles/ol10_stig : Count occurrences of syscalls in paths] *****
skipping: [localhost]

TASK [/stigforge/roles/ol10_stig : Get path with most syscalls] ****************
skipping: [localhost]

TASK [/stigforge/roles/ol10_stig : No file with syscall found, set path to /etc/audit/rules.d/perm_mod.rules] ***
skipping: [localhost]

TASK [/stigforge/roles/ol10_stig : Declare found syscalls] *********************
skipping: [localhost]

TASK [/stigforge/roles/ol10_stig : Declare missing syscalls] *******************
skipping: [localhost]

TASK [/stigforge/roles/ol10_stig : Replace the audit rule in {{ audit_file }}] ***
skipping: [localhost]

TASK [/stigforge/roles/ol10_stig : Add the audit rule to {{ audit_file }}] *****
skipping: [localhost]

TASK [/stigforge/roles/ol10_stig : Declare list of syscalls] *******************
skipping: [localhost]

TASK [/stigforge/roles/ol10_stig : Check existence of removexattr in /etc/audit/audit.rules] ***
skipping: [localhost]

TASK [/stigforge/roles/ol10_stig : Set path to /etc/audit/audit.rules] *********
skipping: [localhost]

TASK [/stigforge/roles/ol10_stig : Declare found syscalls] *********************
skipping: [localhost]

TASK [/stigforge/roles/ol10_stig : Declare missing syscalls] *******************
skipping: [localhost]

TASK [/stigforge/roles/ol10_stig : Replace the audit rule in {{ audit_file }}] ***
skipping: [localhost]

TASK [/stigforge/roles/ol10_stig : Add the audit rule to {{ audit_file }}] *****
skipping: [localhost]

TASK [/stigforge/roles/ol10_stig : Declare list of syscalls] *******************
skipping: [localhost]

TASK [/stigforge/roles/ol10_stig : Check existence of removexattr in /etc/audit/rules.d/] ***
skipping: [localhost]

TASK [/stigforge/roles/ol10_stig : Reset syscalls found per file] **************
skipping: [localhost]

TASK [/stigforge/roles/ol10_stig : Declare syscalls found per file] ************
skipping: [localhost]

TASK [/stigforge/roles/ol10_stig : Declare files where syscalls were found] ****
skipping: [localhost]

TASK [/stigforge/roles/ol10_stig : Count occurrences of syscalls in paths] *****
skipping: [localhost]

TASK [/stigforge/roles/ol10_stig : Get path with most syscalls] ****************
skipping: [localhost]

TASK [/stigforge/roles/ol10_stig : No file with syscall found, set path to /etc/audit/rules.d/perm_mod.rules] ***
skipping: [localhost]

TASK [/stigforge/roles/ol10_stig : Declare found syscalls] *********************
skipping: [localhost]

TASK [/stigforge/roles/ol10_stig : Declare missing syscalls] *******************
skipping: [localhost]

TASK [/stigforge/roles/ol10_stig : Replace the audit rule in {{ audit_file }}] ***
skipping: [localhost]

TASK [/stigforge/roles/ol10_stig : Add the audit rule to {{ audit_file }}] *****
skipping: [localhost]

TASK [/stigforge/roles/ol10_stig : Declare list of syscalls] *******************
skipping: [localhost]

TASK [/stigforge/roles/ol10_stig : Check existence of removexattr in /etc/audit/audit.rules] ***
skipping: [localhost]

TASK [/stigforge/roles/ol10_stig : Set path to /etc/audit/audit.rules] *********
skipping: [localhost]

TASK [/stigforge/roles/ol10_stig : Declare found syscalls] *********************
skipping: [localhost]

TASK [/stigforge/roles/ol10_stig : Declare missing syscalls] *******************
skipping: [localhost]

TASK [/stigforge/roles/ol10_stig : Replace the audit rule in {{ audit_file }}] ***
skipping: [localhost]

TASK [/stigforge/roles/ol10_stig : Add the audit rule to {{ audit_file }}] *****
skipping: [localhost]

TASK [/stigforge/roles/ol10_stig : Set architecture for audit setxattr tasks] ***
skipping: [localhost]

TASK [/stigforge/roles/ol10_stig : Declare list of syscalls] *******************
skipping: [localhost]

TASK [/stigforge/roles/ol10_stig : Check existence of setxattr in /etc/audit/rules.d/] ***
skipping: [localhost]

TASK [/stigforge/roles/ol10_stig : Reset syscalls found per file] **************
skipping: [localhost]

TASK [/stigforge/roles/ol10_stig : Declare syscalls found per file] ************
skipping: [localhost]

TASK [/stigforge/roles/ol10_stig : Declare files where syscalls were found] ****
skipping: [localhost]

TASK [/stigforge/roles/ol10_stig : Count occurrences of syscalls in paths] *****
skipping: [localhost]

TASK [/stigforge/roles/ol10_stig : Get path with most syscalls] ****************
skipping: [localhost]

TASK [/stigforge/roles/ol10_stig : No file with syscall found, set path to /etc/audit/rules.d/perm_mod.rules] ***
skipping: [localhost]

TASK [/stigforge/roles/ol10_stig : Declare found syscalls] *********************
skipping: [localhost]

TASK [/stigforge/roles/ol10_stig : Declare missing syscalls] *******************
skipping: [localhost]

TASK [/stigforge/roles/ol10_stig : Replace the audit rule in {{ audit_file }}] ***
skipping: [localhost]

TASK [/stigforge/roles/ol10_stig : Add the audit rule to {{ audit_file }}] *****
skipping: [localhost]

TASK [/stigforge/roles/ol10_stig : Declare list of syscalls] *******************
skipping: [localhost]

TASK [/stigforge/roles/ol10_stig : Check existence of setxattr in /etc/audit/audit.rules] ***
skipping: [localhost]

TASK [/stigforge/roles/ol10_stig : Set path to /etc/audit/audit.rules] *********
skipping: [localhost]

TASK [/stigforge/roles/ol10_stig : Declare found syscalls] *********************
skipping: [localhost]

TASK [/stigforge/roles/ol10_stig : Declare missing syscalls] *******************
skipping: [localhost]

TASK [/stigforge/roles/ol10_stig : Replace the audit rule in {{ audit_file }}] ***
skipping: [localhost]

TASK [/stigforge/roles/ol10_stig : Add the audit rule to {{ audit_file }}] *****
skipping: [localhost]

TASK [/stigforge/roles/ol10_stig : Declare list of syscalls] *******************
skipping: [localhost]

TASK [/stigforge/roles/ol10_stig : Check existence of setxattr in /etc/audit/rules.d/] ***
skipping: [localhost]

TASK [/stigforge/roles/ol10_stig : Reset syscalls found per file] **************
skipping: [localhost]

TASK [/stigforge/roles/ol10_stig : Declare syscalls found per file] ************
skipping: [localhost]

TASK [/stigforge/roles/ol10_stig : Declare files where syscalls were found] ****
skipping: [localhost]

TASK [/stigforge/roles/ol10_stig : Count occurrences of syscalls in paths] *****
skipping: [localhost]

TASK [/stigforge/roles/ol10_stig : Get path with most syscalls] ****************
skipping: [localhost]

TASK [/stigforge/roles/ol10_stig : No file with syscall found, set path to /etc/audit/rules.d/perm_mod.rules] ***
skipping: [localhost]

TASK [/stigforge/roles/ol10_stig : Declare found syscalls] *********************
skipping: [localhost]

TASK [/stigforge/roles/ol10_stig : Declare missing syscalls] *******************
skipping: [localhost]

TASK [/stigforge/roles/ol10_stig : Replace the audit rule in {{ audit_file }}] ***
skipping: [localhost]

TASK [/stigforge/roles/ol10_stig : Add the audit rule to {{ audit_file }}] *****
skipping: [localhost]

TASK [/stigforge/roles/ol10_stig : Declare list of syscalls] *******************
skipping: [localhost]

TASK [/stigforge/roles/ol10_stig : Check existence of setxattr in /etc/audit/audit.rules] ***
skipping: [localhost]

TASK [/stigforge/roles/ol10_stig : Set path to /etc/audit/audit.rules] *********
skipping: [localhost]

TASK [/stigforge/roles/ol10_stig : Declare found syscalls] *********************
skipping: [localhost]

TASK [/stigforge/roles/ol10_stig : Declare missing syscalls] *******************
skipping: [localhost]

TASK [/stigforge/roles/ol10_stig : Replace the audit rule in {{ audit_file }}] ***
skipping: [localhost]

TASK [/stigforge/roles/ol10_stig : Add the audit rule to {{ audit_file }}] *****
skipping: [localhost]

TASK [/stigforge/roles/ol10_stig : Declare list of syscalls] *******************
skipping: [localhost]

TASK [/stigforge/roles/ol10_stig : Check existence of umount in /etc/audit/rules.d/] ***
skipping: [localhost]

TASK [/stigforge/roles/ol10_stig : Reset syscalls found per file] **************
skipping: [localhost]

TASK [/stigforge/roles/ol10_stig : Declare syscalls found per file] ************
skipping: [localhost]

TASK [/stigforge/roles/ol10_stig : Declare files where syscalls were found] ****
skipping: [localhost]

TASK [/stigforge/roles/ol10_stig : Count occurrences of syscalls in paths] *****
skipping: [localhost]

TASK [/stigforge/roles/ol10_stig : Get path with most syscalls] ****************
skipping: [localhost]

TASK [/stigforge/roles/ol10_stig : No file with syscall found, set path to /etc/audit/rules.d/perm_mod.rules] ***
skipping: [localhost]

TASK [/stigforge/roles/ol10_stig : Declare found syscalls] *********************
skipping: [localhost]

TASK [/stigforge/roles/ol10_stig : Declare missing syscalls] *******************
skipping: [localhost]

TASK [/stigforge/roles/ol10_stig : Replace the audit rule in {{ audit_file }}] ***
skipping: [localhost]

TASK [/stigforge/roles/ol10_stig : Add the audit rule to {{ audit_file }}] *****
skipping: [localhost]

TASK [/stigforge/roles/ol10_stig : Declare list of syscalls] *******************
skipping: [localhost]

TASK [/stigforge/roles/ol10_stig : Check existence of umount in /etc/audit/audit.rules] ***
skipping: [localhost]

TASK [/stigforge/roles/ol10_stig : Set path to /etc/audit/audit.rules] *********
skipping: [localhost]

TASK [/stigforge/roles/ol10_stig : Declare found syscalls] *********************
skipping: [localhost]

TASK [/stigforge/roles/ol10_stig : Declare missing syscalls] *******************
skipping: [localhost]

TASK [/stigforge/roles/ol10_stig : Replace the audit rule in {{ audit_file }}] ***
skipping: [localhost]

TASK [/stigforge/roles/ol10_stig : Add the audit rule to {{ audit_file }}] *****
skipping: [localhost]

TASK [/stigforge/roles/ol10_stig : Set architecture for audit umount2 tasks] ***
skipping: [localhost]

TASK [/stigforge/roles/ol10_stig : Declare list of syscalls] *******************
skipping: [localhost]

TASK [/stigforge/roles/ol10_stig : Check existence of umount2 in /etc/audit/rules.d/] ***
skipping: [localhost]

TASK [/stigforge/roles/ol10_stig : Reset syscalls found per file] **************
skipping: [localhost]

TASK [/stigforge/roles/ol10_stig : Declare syscalls found per file] ************
skipping: [localhost]

TASK [/stigforge/roles/ol10_stig : Declare files where syscalls were found] ****
skipping: [localhost]

TASK [/stigforge/roles/ol10_stig : Count occurrences of syscalls in paths] *****
skipping: [localhost]

TASK [/stigforge/roles/ol10_stig : Get path with most syscalls] ****************
skipping: [localhost]

TASK [/stigforge/roles/ol10_stig : No file with syscall found, set path to /etc/audit/rules.d/perm_mod.rules] ***
skipping: [localhost]

TASK [/stigforge/roles/ol10_stig : Declare found syscalls] *********************
skipping: [localhost]

TASK [/stigforge/roles/ol10_stig : Declare missing syscalls] *******************
skipping: [localhost]

TASK [/stigforge/roles/ol10_stig : Replace the audit rule in {{ audit_file }}] ***
skipping: [localhost]

TASK [/stigforge/roles/ol10_stig : Add the audit rule to {{ audit_file }}] *****
skipping: [localhost]

TASK [/stigforge/roles/ol10_stig : Declare list of syscalls] *******************
skipping: [localhost]

TASK [/stigforge/roles/ol10_stig : Check existence of umount2 in /etc/audit/audit.rules] ***
skipping: [localhost]

TASK [/stigforge/roles/ol10_stig : Set path to /etc/audit/audit.rules] *********
skipping: [localhost]

TASK [/stigforge/roles/ol10_stig : Declare found syscalls] *********************
skipping: [localhost]

TASK [/stigforge/roles/ol10_stig : Declare missing syscalls] *******************
skipping: [localhost]

TASK [/stigforge/roles/ol10_stig : Replace the audit rule in {{ audit_file }}] ***
skipping: [localhost]

TASK [/stigforge/roles/ol10_stig : Add the audit rule to {{ audit_file }}] *****
skipping: [localhost]

TASK [/stigforge/roles/ol10_stig : Declare list of syscalls] *******************
skipping: [localhost]

TASK [/stigforge/roles/ol10_stig : Check existence of umount2 in /etc/audit/rules.d/] ***
skipping: [localhost]

TASK [/stigforge/roles/ol10_stig : Reset syscalls found per file] **************
skipping: [localhost]

TASK [/stigforge/roles/ol10_stig : Declare syscalls found per file] ************
skipping: [localhost]

TASK [/stigforge/roles/ol10_stig : Declare files where syscalls were found] ****
skipping: [localhost]

TASK [/stigforge/roles/ol10_stig : Count occurrences of syscalls in paths] *****
skipping: [localhost]

TASK [/stigforge/roles/ol10_stig : Get path with most syscalls] ****************
skipping: [localhost]

TASK [/stigforge/roles/ol10_stig : No file with syscall found, set path to /etc/audit/rules.d/perm_mod.rules] ***
skipping: [localhost]

TASK [/stigforge/roles/ol10_stig : Declare found syscalls] *********************
skipping: [localhost]

TASK [/stigforge/roles/ol10_stig : Declare missing syscalls] *******************
skipping: [localhost]

TASK [/stigforge/roles/ol10_stig : Replace the audit rule in {{ audit_file }}] ***
skipping: [localhost]

TASK [/stigforge/roles/ol10_stig : Add the audit rule to {{ audit_file }}] *****
skipping: [localhost]

TASK [/stigforge/roles/ol10_stig : Declare list of syscalls] *******************
skipping: [localhost]

TASK [/stigforge/roles/ol10_stig : Check existence of umount2 in /etc/audit/audit.rules] ***
skipping: [localhost]

TASK [/stigforge/roles/ol10_stig : Set path to /etc/audit/audit.rules] *********
skipping: [localhost]

TASK [/stigforge/roles/ol10_stig : Declare found syscalls] *********************
skipping: [localhost]

TASK [/stigforge/roles/ol10_stig : Declare missing syscalls] *******************
skipping: [localhost]

TASK [/stigforge/roles/ol10_stig : Replace the audit rule in {{ audit_file }}] ***
skipping: [localhost]

TASK [/stigforge/roles/ol10_stig : Add the audit rule to {{ audit_file }}] *****
skipping: [localhost]

TASK [/stigforge/roles/ol10_stig : Declare list of syscalls] *******************
skipping: [localhost]

TASK [/stigforge/roles/ol10_stig : Check existence of  in /etc/audit/rules.d/] ***
skipping: [localhost]

TASK [/stigforge/roles/ol10_stig : Reset syscalls found per file] **************
skipping: [localhost]

TASK [/stigforge/roles/ol10_stig : Declare syscalls found per file] ************
skipping: [localhost]

TASK [/stigforge/roles/ol10_stig : Declare files where syscalls were found] ****
skipping: [localhost]

TASK [/stigforge/roles/ol10_stig : Count occurrences of syscalls in paths] *****
skipping: [localhost]

TASK [/stigforge/roles/ol10_stig : Get path with most syscalls] ****************
skipping: [localhost]

TASK [/stigforge/roles/ol10_stig : No file with syscall found, set path to /etc/audit/rules.d/privileged.rules] ***
skipping: [localhost]

TASK [/stigforge/roles/ol10_stig : Declare found syscalls] *********************
skipping: [localhost]

TASK [/stigforge/roles/ol10_stig : Declare missing syscalls] *******************
skipping: [localhost]

TASK [/stigforge/roles/ol10_stig : Replace the audit rule in {{ audit_file }}] ***
skipping: [localhost]

TASK [/stigforge/roles/ol10_stig : Add the audit rule to {{ audit_file }}] *****
skipping: [localhost]

TASK [/stigforge/roles/ol10_stig : Declare list of syscalls] *******************
skipping: [localhost]

TASK [/stigforge/roles/ol10_stig : Check existence of  in /etc/audit/audit.rules] ***
skipping: [localhost]

TASK [/stigforge/roles/ol10_stig : Set path to /etc/audit/audit.rules] *********
skipping: [localhost]

TASK [/stigforge/roles/ol10_stig : Declare found syscalls] *********************
skipping: [localhost]

TASK [/stigforge/roles/ol10_stig : Declare missing syscalls] *******************
skipping: [localhost]

TASK [/stigforge/roles/ol10_stig : Replace the audit rule in {{ audit_file }}] ***
skipping: [localhost]

TASK [/stigforge/roles/ol10_stig : Add the audit rule to {{ audit_file }}] *****
skipping: [localhost]

TASK [/stigforge/roles/ol10_stig : Declare list of syscalls] *******************
skipping: [localhost]

TASK [/stigforge/roles/ol10_stig : Check existence of  in /etc/audit/rules.d/] ***
skipping: [localhost]

TASK [/stigforge/roles/ol10_stig : Reset syscalls found per file] **************
skipping: [localhost]

TASK [/stigforge/roles/ol10_stig : Declare syscalls found per file] ************
skipping: [localhost]

TASK [/stigforge/roles/ol10_stig : Declare files where syscalls were found] ****
skipping: [localhost]

TASK [/stigforge/roles/ol10_stig : Count occurrences of syscalls in paths] *****
skipping: [localhost]

TASK [/stigforge/roles/ol10_stig : Get path with most syscalls] ****************
skipping: [localhost]

TASK [/stigforge/roles/ol10_stig : No file with syscall found, set path to /etc/audit/rules.d/privileged.rules] ***
skipping: [localhost]

TASK [/stigforge/roles/ol10_stig : Declare found syscalls] *********************
skipping: [localhost]

TASK [/stigforge/roles/ol10_stig : Declare missing syscalls] *******************
skipping: [localhost]

TASK [/stigforge/roles/ol10_stig : Replace the audit rule in {{ audit_file }}] ***
skipping: [localhost]

TASK [/stigforge/roles/ol10_stig : Add the audit rule to {{ audit_file }}] *****
skipping: [localhost]

TASK [/stigforge/roles/ol10_stig : Declare list of syscalls] *******************
skipping: [localhost]

TASK [/stigforge/roles/ol10_stig : Check existence of  in /etc/audit/audit.rules] ***
skipping: [localhost]

TASK [/stigforge/roles/ol10_stig : Set path to /etc/audit/audit.rules] *********
skipping: [localhost]

TASK [/stigforge/roles/ol10_stig : Declare found syscalls] *********************
skipping: [localhost]

TASK [/stigforge/roles/ol10_stig : Declare missing syscalls] *******************
skipping: [localhost]

TASK [/stigforge/roles/ol10_stig : Replace the audit rule in {{ audit_file }}] ***
skipping: [localhost]

TASK [/stigforge/roles/ol10_stig : Add the audit rule to {{ audit_file }}] *****
skipping: [localhost]

TASK [/stigforge/roles/ol10_stig : Declare list of syscalls] *******************
skipping: [localhost]

TASK [/stigforge/roles/ol10_stig : Check existence of  in /etc/audit/rules.d/] ***
skipping: [localhost]

TASK [/stigforge/roles/ol10_stig : Reset syscalls found per file] **************
skipping: [localhost]

TASK [/stigforge/roles/ol10_stig : Declare syscalls found per file] ************
skipping: [localhost]

TASK [/stigforge/roles/ol10_stig : Declare files where syscalls were found] ****
skipping: [localhost]

TASK [/stigforge/roles/ol10_stig : Count occurrences of syscalls in paths] *****
skipping: [localhost]

TASK [/stigforge/roles/ol10_stig : Get path with most syscalls] ****************
skipping: [localhost]

TASK [/stigforge/roles/ol10_stig : No file with syscall found, set path to /etc/audit/rules.d/privileged.rules] ***
skipping: [localhost]

TASK [/stigforge/roles/ol10_stig : Declare found syscalls] *********************
skipping: [localhost]

TASK [/stigforge/roles/ol10_stig : Declare missing syscalls] *******************
skipping: [localhost]

TASK [/stigforge/roles/ol10_stig : Replace the audit rule in {{ audit_file }}] ***
skipping: [localhost]

TASK [/stigforge/roles/ol10_stig : Add the audit rule to {{ audit_file }}] *****
skipping: [localhost]

TASK [/stigforge/roles/ol10_stig : Declare list of syscalls] *******************
skipping: [localhost]

TASK [/stigforge/roles/ol10_stig : Check existence of  in /etc/audit/audit.rules] ***
skipping: [localhost]

TASK [/stigforge/roles/ol10_stig : Set path to /etc/audit/audit.rules] *********
skipping: [localhost]

TASK [/stigforge/roles/ol10_stig : Declare found syscalls] *********************
skipping: [localhost]

TASK [/stigforge/roles/ol10_stig : Declare missing syscalls] *******************
skipping: [localhost]

TASK [/stigforge/roles/ol10_stig : Replace the audit rule in {{ audit_file }}] ***
skipping: [localhost]

TASK [/stigforge/roles/ol10_stig : Add the audit rule to {{ audit_file }}] *****
skipping: [localhost]

TASK [/stigforge/roles/ol10_stig : Declare list of syscalls] *******************
skipping: [localhost]

TASK [/stigforge/roles/ol10_stig : Check existence of  in /etc/audit/rules.d/] ***
skipping: [localhost]

TASK [/stigforge/roles/ol10_stig : Reset syscalls found per file] **************
skipping: [localhost]

TASK [/stigforge/roles/ol10_stig : Declare syscalls found per file] ************
skipping: [localhost]

TASK [/stigforge/roles/ol10_stig : Declare files where syscalls were found] ****
skipping: [localhost]

TASK [/stigforge/roles/ol10_stig : Count occurrences of syscalls in paths] *****
skipping: [localhost]

TASK [/stigforge/roles/ol10_stig : Get path with most syscalls] ****************
skipping: [localhost]

TASK [/stigforge/roles/ol10_stig : No file with syscall found, set path to /etc/audit/rules.d/privileged.rules] ***
skipping: [localhost]

TASK [/stigforge/roles/ol10_stig : Declare found syscalls] *********************
skipping: [localhost]

TASK [/stigforge/roles/ol10_stig : Declare missing syscalls] *******************
skipping: [localhost]

TASK [/stigforge/roles/ol10_stig : Replace the audit rule in {{ audit_file }}] ***
skipping: [localhost]

TASK [/stigforge/roles/ol10_stig : Add the audit rule to {{ audit_file }}] *****
skipping: [localhost]

TASK [/stigforge/roles/ol10_stig : Declare list of syscalls] *******************
skipping: [localhost]

TASK [/stigforge/roles/ol10_stig : Check existence of  in /etc/audit/audit.rules] ***
skipping: [localhost]

TASK [/stigforge/roles/ol10_stig : Set path to /etc/audit/audit.rules] *********
skipping: [localhost]

TASK [/stigforge/roles/ol10_stig : Declare found syscalls] *********************
skipping: [localhost]

TASK [/stigforge/roles/ol10_stig : Declare missing syscalls] *******************
skipping: [localhost]

TASK [/stigforge/roles/ol10_stig : Replace the audit rule in {{ audit_file }}] ***
skipping: [localhost]

TASK [/stigforge/roles/ol10_stig : Add the audit rule to {{ audit_file }}] *****
skipping: [localhost]

TASK [/stigforge/roles/ol10_stig : Declare list of syscalls] *******************
skipping: [localhost]

TASK [/stigforge/roles/ol10_stig : Check existence of  in /etc/audit/rules.d/] ***
skipping: [localhost]

TASK [/stigforge/roles/ol10_stig : Reset syscalls found per file] **************
skipping: [localhost]

TASK [/stigforge/roles/ol10_stig : Declare syscalls found per file] ************
skipping: [localhost]

TASK [/stigforge/roles/ol10_stig : Declare files where syscalls were found] ****
skipping: [localhost]

TASK [/stigforge/roles/ol10_stig : Count occurrences of syscalls in paths] *****
skipping: [localhost]

TASK [/stigforge/roles/ol10_stig : Get path with most syscalls] ****************
skipping: [localhost]

TASK [/stigforge/roles/ol10_stig : No file with syscall found, set path to /etc/audit/rules.d/privileged.rules] ***
skipping: [localhost]

TASK [/stigforge/roles/ol10_stig : Declare found syscalls] *********************
skipping: [localhost]

TASK [/stigforge/roles/ol10_stig : Declare missing syscalls] *******************
skipping: [localhost]

TASK [/stigforge/roles/ol10_stig : Replace the audit rule in {{ audit_file }}] ***
skipping: [localhost]

TASK [/stigforge/roles/ol10_stig : Add the audit rule to {{ audit_file }}] *****
skipping: [localhost]

TASK [/stigforge/roles/ol10_stig : Declare list of syscalls] *******************
skipping: [localhost]

TASK [/stigforge/roles/ol10_stig : Check existence of  in /etc/audit/audit.rules] ***
skipping: [localhost]

TASK [/stigforge/roles/ol10_stig : Set path to /etc/audit/audit.rules] *********
skipping: [localhost]

TASK [/stigforge/roles/ol10_stig : Declare found syscalls] *********************
skipping: [localhost]

TASK [/stigforge/roles/ol10_stig : Declare missing syscalls] *******************
skipping: [localhost]

TASK [/stigforge/roles/ol10_stig : Replace the audit rule in {{ audit_file }}] ***
skipping: [localhost]

TASK [/stigforge/roles/ol10_stig : Add the audit rule to {{ audit_file }}] *****
skipping: [localhost]

TASK [/stigforge/roles/ol10_stig : Declare list of syscalls] *******************
skipping: [localhost]

TASK [/stigforge/roles/ol10_stig : Check existence of  in /etc/audit/rules.d/] ***
skipping: [localhost]

TASK [/stigforge/roles/ol10_stig : Reset syscalls found per file] **************
skipping: [localhost]

TASK [/stigforge/roles/ol10_stig : Declare syscalls found per file] ************
skipping: [localhost]

TASK [/stigforge/roles/ol10_stig : Declare files where syscalls were found] ****
skipping: [localhost]

TASK [/stigforge/roles/ol10_stig : Count occurrences of syscalls in paths] *****
skipping: [localhost]

TASK [/stigforge/roles/ol10_stig : Get path with most syscalls] ****************
skipping: [localhost]

TASK [/stigforge/roles/ol10_stig : No file with syscall found, set path to /etc/audit/rules.d/privileged.rules] ***
skipping: [localhost]

TASK [/stigforge/roles/ol10_stig : Declare found syscalls] *********************
skipping: [localhost]

TASK [/stigforge/roles/ol10_stig : Declare missing syscalls] *******************
skipping: [localhost]

TASK [/stigforge/roles/ol10_stig : Replace the audit rule in {{ audit_file }}] ***
skipping: [localhost]

TASK [/stigforge/roles/ol10_stig : Add the audit rule to {{ audit_file }}] *****
skipping: [localhost]

TASK [/stigforge/roles/ol10_stig : Declare list of syscalls] *******************
skipping: [localhost]

TASK [/stigforge/roles/ol10_stig : Check existence of  in /etc/audit/audit.rules] ***
skipping: [localhost]

TASK [/stigforge/roles/ol10_stig : Set path to /etc/audit/audit.rules] *********
skipping: [localhost]

TASK [/stigforge/roles/ol10_stig : Declare found syscalls] *********************
skipping: [localhost]

TASK [/stigforge/roles/ol10_stig : Declare missing syscalls] *******************
skipping: [localhost]

TASK [/stigforge/roles/ol10_stig : Replace the audit rule in {{ audit_file }}] ***
skipping: [localhost]

TASK [/stigforge/roles/ol10_stig : Add the audit rule to {{ audit_file }}] *****
skipping: [localhost]

TASK [/stigforge/roles/ol10_stig : Set architecture for audit rename tasks] ****
skipping: [localhost]

TASK [/stigforge/roles/ol10_stig : Declare list of syscalls] *******************
skipping: [localhost]

TASK [/stigforge/roles/ol10_stig : Check existence of rename in /etc/audit/rules.d/] ***
skipping: [localhost]

TASK [/stigforge/roles/ol10_stig : Reset syscalls found per file] **************
skipping: [localhost]

TASK [/stigforge/roles/ol10_stig : Declare syscalls found per file] ************
skipping: [localhost]

TASK [/stigforge/roles/ol10_stig : Declare files where syscalls were found] ****
skipping: [localhost]

TASK [/stigforge/roles/ol10_stig : Count occurrences of syscalls in paths] *****
skipping: [localhost]

TASK [/stigforge/roles/ol10_stig : Get path with most syscalls] ****************
skipping: [localhost]

TASK [/stigforge/roles/ol10_stig : No file with syscall found, set path to /etc/audit/rules.d/delete.rules] ***
skipping: [localhost]

TASK [/stigforge/roles/ol10_stig : Declare found syscalls] *********************
skipping: [localhost]

TASK [/stigforge/roles/ol10_stig : Declare missing syscalls] *******************
skipping: [localhost]

TASK [/stigforge/roles/ol10_stig : Replace the audit rule in {{ audit_file }}] ***
skipping: [localhost]

TASK [/stigforge/roles/ol10_stig : Add the audit rule to {{ audit_file }}] *****
skipping: [localhost]

TASK [/stigforge/roles/ol10_stig : Declare list of syscalls] *******************
skipping: [localhost]

TASK [/stigforge/roles/ol10_stig : Check existence of rename in /etc/audit/audit.rules] ***
skipping: [localhost]

TASK [/stigforge/roles/ol10_stig : Set path to /etc/audit/audit.rules] *********
skipping: [localhost]

TASK [/stigforge/roles/ol10_stig : Declare found syscalls] *********************
skipping: [localhost]

TASK [/stigforge/roles/ol10_stig : Declare missing syscalls] *******************
skipping: [localhost]

TASK [/stigforge/roles/ol10_stig : Replace the audit rule in {{ audit_file }}] ***
skipping: [localhost]

TASK [/stigforge/roles/ol10_stig : Add the audit rule to {{ audit_file }}] *****
skipping: [localhost]

TASK [/stigforge/roles/ol10_stig : Declare list of syscalls] *******************
skipping: [localhost]

TASK [/stigforge/roles/ol10_stig : Check existence of rename in /etc/audit/rules.d/] ***
skipping: [localhost]

TASK [/stigforge/roles/ol10_stig : Reset syscalls found per file] **************
skipping: [localhost]

TASK [/stigforge/roles/ol10_stig : Declare syscalls found per file] ************
skipping: [localhost]

TASK [/stigforge/roles/ol10_stig : Declare files where syscalls were found] ****
skipping: [localhost]

TASK [/stigforge/roles/ol10_stig : Count occurrences of syscalls in paths] *****
skipping: [localhost]

TASK [/stigforge/roles/ol10_stig : Get path with most syscalls] ****************
skipping: [localhost]

TASK [/stigforge/roles/ol10_stig : No file with syscall found, set path to /etc/audit/rules.d/delete.rules] ***
skipping: [localhost]

TASK [/stigforge/roles/ol10_stig : Declare found syscalls] *********************
skipping: [localhost]

TASK [/stigforge/roles/ol10_stig : Declare missing syscalls] *******************
skipping: [localhost]

TASK [/stigforge/roles/ol10_stig : Replace the audit rule in {{ audit_file }}] ***
skipping: [localhost]

TASK [/stigforge/roles/ol10_stig : Add the audit rule to {{ audit_file }}] *****
skipping: [localhost]

TASK [/stigforge/roles/ol10_stig : Declare list of syscalls] *******************
skipping: [localhost]

TASK [/stigforge/roles/ol10_stig : Check existence of rename in /etc/audit/audit.rules] ***
skipping: [localhost]

TASK [/stigforge/roles/ol10_stig : Set path to /etc/audit/audit.rules] *********
skipping: [localhost]

TASK [/stigforge/roles/ol10_stig : Declare found syscalls] *********************
skipping: [localhost]

TASK [/stigforge/roles/ol10_stig : Declare missing syscalls] *******************
skipping: [localhost]

TASK [/stigforge/roles/ol10_stig : Replace the audit rule in {{ audit_file }}] ***
skipping: [localhost]

TASK [/stigforge/roles/ol10_stig : Add the audit rule to {{ audit_file }}] *****
skipping: [localhost]

TASK [/stigforge/roles/ol10_stig : Set architecture for audit renameat tasks] ***
skipping: [localhost]

TASK [/stigforge/roles/ol10_stig : Declare list of syscalls] *******************
skipping: [localhost]

TASK [/stigforge/roles/ol10_stig : Check existence of renameat in /etc/audit/rules.d/] ***
skipping: [localhost]

TASK [/stigforge/roles/ol10_stig : Reset syscalls found per file] **************
skipping: [localhost]

TASK [/stigforge/roles/ol10_stig : Declare syscalls found per file] ************
skipping: [localhost]

TASK [/stigforge/roles/ol10_stig : Declare files where syscalls were found] ****
skipping: [localhost]

TASK [/stigforge/roles/ol10_stig : Count occurrences of syscalls in paths] *****
skipping: [localhost]

TASK [/stigforge/roles/ol10_stig : Get path with most syscalls] ****************
skipping: [localhost]

TASK [/stigforge/roles/ol10_stig : No file with syscall found, set path to /etc/audit/rules.d/delete.rules] ***
skipping: [localhost]

TASK [/stigforge/roles/ol10_stig : Declare found syscalls] *********************
skipping: [localhost]

TASK [/stigforge/roles/ol10_stig : Declare missing syscalls] *******************
skipping: [localhost]

TASK [/stigforge/roles/ol10_stig : Replace the audit rule in {{ audit_file }}] ***
skipping: [localhost]

TASK [/stigforge/roles/ol10_stig : Add the audit rule to {{ audit_file }}] *****
skipping: [localhost]

TASK [/stigforge/roles/ol10_stig : Declare list of syscalls] *******************
skipping: [localhost]

TASK [/stigforge/roles/ol10_stig : Check existence of renameat in /etc/audit/audit.rules] ***
skipping: [localhost]

TASK [/stigforge/roles/ol10_stig : Set path to /etc/audit/audit.rules] *********
skipping: [localhost]

TASK [/stigforge/roles/ol10_stig : Declare found syscalls] *********************
skipping: [localhost]

TASK [/stigforge/roles/ol10_stig : Declare missing syscalls] *******************
skipping: [localhost]

TASK [/stigforge/roles/ol10_stig : Replace the audit rule in {{ audit_file }}] ***
skipping: [localhost]

TASK [/stigforge/roles/ol10_stig : Add the audit rule to {{ audit_file }}] *****
skipping: [localhost]

TASK [/stigforge/roles/ol10_stig : Declare list of syscalls] *******************
skipping: [localhost]

TASK [/stigforge/roles/ol10_stig : Check existence of renameat in /etc/audit/rules.d/] ***
skipping: [localhost]

TASK [/stigforge/roles/ol10_stig : Reset syscalls found per file] **************
skipping: [localhost]

TASK [/stigforge/roles/ol10_stig : Declare syscalls found per file] ************
skipping: [localhost]

TASK [/stigforge/roles/ol10_stig : Declare files where syscalls were found] ****
skipping: [localhost]

TASK [/stigforge/roles/ol10_stig : Count occurrences of syscalls in paths] *****
skipping: [localhost]

TASK [/stigforge/roles/ol10_stig : Get path with most syscalls] ****************
skipping: [localhost]

TASK [/stigforge/roles/ol10_stig : No file with syscall found, set path to /etc/audit/rules.d/delete.rules] ***
skipping: [localhost]

TASK [/stigforge/roles/ol10_stig : Declare found syscalls] *********************
skipping: [localhost]

TASK [/stigforge/roles/ol10_stig : Declare missing syscalls] *******************
skipping: [localhost]

TASK [/stigforge/roles/ol10_stig : Replace the audit rule in {{ audit_file }}] ***
skipping: [localhost]

TASK [/stigforge/roles/ol10_stig : Add the audit rule to {{ audit_file }}] *****
skipping: [localhost]

TASK [/stigforge/roles/ol10_stig : Declare list of syscalls] *******************
skipping: [localhost]

TASK [/stigforge/roles/ol10_stig : Check existence of renameat in /etc/audit/audit.rules] ***
skipping: [localhost]

TASK [/stigforge/roles/ol10_stig : Set path to /etc/audit/audit.rules] *********
skipping: [localhost]

TASK [/stigforge/roles/ol10_stig : Declare found syscalls] *********************
skipping: [localhost]

TASK [/stigforge/roles/ol10_stig : Declare missing syscalls] *******************
skipping: [localhost]

TASK [/stigforge/roles/ol10_stig : Replace the audit rule in {{ audit_file }}] ***
skipping: [localhost]

TASK [/stigforge/roles/ol10_stig : Add the audit rule to {{ audit_file }}] *****
skipping: [localhost]

TASK [/stigforge/roles/ol10_stig : Set architecture for audit renameat2 tasks] ***
skipping: [localhost]

TASK [/stigforge/roles/ol10_stig : Declare list of syscalls] *******************
skipping: [localhost]

TASK [/stigforge/roles/ol10_stig : Check existence of renameat2 in /etc/audit/rules.d/] ***
skipping: [localhost]

TASK [/stigforge/roles/ol10_stig : Reset syscalls found per file] **************
skipping: [localhost]

TASK [/stigforge/roles/ol10_stig : Declare syscalls found per file] ************
skipping: [localhost]

TASK [/stigforge/roles/ol10_stig : Declare files where syscalls were found] ****
skipping: [localhost]

TASK [/stigforge/roles/ol10_stig : Count occurrences of syscalls in paths] *****
skipping: [localhost]

TASK [/stigforge/roles/ol10_stig : Get path with most syscalls] ****************
skipping: [localhost]

TASK [/stigforge/roles/ol10_stig : No file with syscall found, set path to /etc/audit/rules.d/delete.rules] ***
skipping: [localhost]

TASK [/stigforge/roles/ol10_stig : Declare found syscalls] *********************
skipping: [localhost]

TASK [/stigforge/roles/ol10_stig : Declare missing syscalls] *******************
skipping: [localhost]

TASK [/stigforge/roles/ol10_stig : Replace the audit rule in {{ audit_file }}] ***
skipping: [localhost]

TASK [/stigforge/roles/ol10_stig : Add the audit rule to {{ audit_file }}] *****
skipping: [localhost]

TASK [/stigforge/roles/ol10_stig : Declare list of syscalls] *******************
skipping: [localhost]

TASK [/stigforge/roles/ol10_stig : Check existence of renameat2 in /etc/audit/audit.rules] ***
skipping: [localhost]

TASK [/stigforge/roles/ol10_stig : Set path to /etc/audit/audit.rules] *********
skipping: [localhost]

TASK [/stigforge/roles/ol10_stig : Declare found syscalls] *********************
skipping: [localhost]

TASK [/stigforge/roles/ol10_stig : Declare missing syscalls] *******************
skipping: [localhost]

TASK [/stigforge/roles/ol10_stig : Replace the audit rule in {{ audit_file }}] ***
skipping: [localhost]

TASK [/stigforge/roles/ol10_stig : Add the audit rule to {{ audit_file }}] *****
skipping: [localhost]

TASK [/stigforge/roles/ol10_stig : Declare list of syscalls] *******************
skipping: [localhost]

TASK [/stigforge/roles/ol10_stig : Check existence of renameat2 in /etc/audit/rules.d/] ***
skipping: [localhost]

TASK [/stigforge/roles/ol10_stig : Reset syscalls found per file] **************
skipping: [localhost]

TASK [/stigforge/roles/ol10_stig : Declare syscalls found per file] ************
skipping: [localhost]

TASK [/stigforge/roles/ol10_stig : Declare files where syscalls were found] ****
skipping: [localhost]

TASK [/stigforge/roles/ol10_stig : Count occurrences of syscalls in paths] *****
skipping: [localhost]

TASK [/stigforge/roles/ol10_stig : Get path with most syscalls] ****************
skipping: [localhost]

TASK [/stigforge/roles/ol10_stig : No file with syscall found, set path to /etc/audit/rules.d/delete.rules] ***
skipping: [localhost]

TASK [/stigforge/roles/ol10_stig : Declare found syscalls] *********************
skipping: [localhost]

TASK [/stigforge/roles/ol10_stig : Declare missing syscalls] *******************
skipping: [localhost]

TASK [/stigforge/roles/ol10_stig : Replace the audit rule in {{ audit_file }}] ***
skipping: [localhost]

TASK [/stigforge/roles/ol10_stig : Add the audit rule to {{ audit_file }}] *****
skipping: [localhost]

TASK [/stigforge/roles/ol10_stig : Declare list of syscalls] *******************
skipping: [localhost]

TASK [/stigforge/roles/ol10_stig : Check existence of renameat2 in /etc/audit/audit.rules] ***
skipping: [localhost]

TASK [/stigforge/roles/ol10_stig : Set path to /etc/audit/audit.rules] *********
skipping: [localhost]

TASK [/stigforge/roles/ol10_stig : Declare found syscalls] *********************
skipping: [localhost]

TASK [/stigforge/roles/ol10_stig : Declare missing syscalls] *******************
skipping: [localhost]

TASK [/stigforge/roles/ol10_stig : Replace the audit rule in {{ audit_file }}] ***
skipping: [localhost]

TASK [/stigforge/roles/ol10_stig : Add the audit rule to {{ audit_file }}] *****
skipping: [localhost]

TASK [/stigforge/roles/ol10_stig : Set architecture for audit rmdir tasks] *****
skipping: [localhost]

TASK [/stigforge/roles/ol10_stig : Declare list of syscalls] *******************
skipping: [localhost]

TASK [/stigforge/roles/ol10_stig : Check existence of rmdir in /etc/audit/rules.d/] ***
skipping: [localhost]

TASK [/stigforge/roles/ol10_stig : Reset syscalls found per file] **************
skipping: [localhost]

TASK [/stigforge/roles/ol10_stig : Declare syscalls found per file] ************
skipping: [localhost]

TASK [/stigforge/roles/ol10_stig : Declare files where syscalls were found] ****
skipping: [localhost]

TASK [/stigforge/roles/ol10_stig : Count occurrences of syscalls in paths] *****
skipping: [localhost]

TASK [/stigforge/roles/ol10_stig : Get path with most syscalls] ****************
skipping: [localhost]

TASK [/stigforge/roles/ol10_stig : No file with syscall found, set path to /etc/audit/rules.d/delete.rules] ***
skipping: [localhost]

TASK [/stigforge/roles/ol10_stig : Declare found syscalls] *********************
skipping: [localhost]

TASK [/stigforge/roles/ol10_stig : Declare missing syscalls] *******************
skipping: [localhost]

TASK [/stigforge/roles/ol10_stig : Replace the audit rule in {{ audit_file }}] ***
skipping: [localhost]

TASK [/stigforge/roles/ol10_stig : Add the audit rule to {{ audit_file }}] *****
skipping: [localhost]

TASK [/stigforge/roles/ol10_stig : Declare list of syscalls] *******************
skipping: [localhost]

TASK [/stigforge/roles/ol10_stig : Check existence of rmdir in /etc/audit/audit.rules] ***
skipping: [localhost]

TASK [/stigforge/roles/ol10_stig : Set path to /etc/audit/audit.rules] *********
skipping: [localhost]

TASK [/stigforge/roles/ol10_stig : Declare found syscalls] *********************
skipping: [localhost]

TASK [/stigforge/roles/ol10_stig : Declare missing syscalls] *******************
skipping: [localhost]

TASK [/stigforge/roles/ol10_stig : Replace the audit rule in {{ audit_file }}] ***
skipping: [localhost]

TASK [/stigforge/roles/ol10_stig : Add the audit rule to {{ audit_file }}] *****
skipping: [localhost]

TASK [/stigforge/roles/ol10_stig : Declare list of syscalls] *******************
skipping: [localhost]

TASK [/stigforge/roles/ol10_stig : Check existence of rmdir in /etc/audit/rules.d/] ***
skipping: [localhost]

TASK [/stigforge/roles/ol10_stig : Reset syscalls found per file] **************
skipping: [localhost]

TASK [/stigforge/roles/ol10_stig : Declare syscalls found per file] ************
skipping: [localhost]

TASK [/stigforge/roles/ol10_stig : Declare files where syscalls were found] ****
skipping: [localhost]

TASK [/stigforge/roles/ol10_stig : Count occurrences of syscalls in paths] *****
skipping: [localhost]

TASK [/stigforge/roles/ol10_stig : Get path with most syscalls] ****************
skipping: [localhost]

TASK [/stigforge/roles/ol10_stig : No file with syscall found, set path to /etc/audit/rules.d/delete.rules] ***
skipping: [localhost]

TASK [/stigforge/roles/ol10_stig : Declare found syscalls] *********************
skipping: [localhost]

TASK [/stigforge/roles/ol10_stig : Declare missing syscalls] *******************
skipping: [localhost]

TASK [/stigforge/roles/ol10_stig : Replace the audit rule in {{ audit_file }}] ***
skipping: [localhost]

TASK [/stigforge/roles/ol10_stig : Add the audit rule to {{ audit_file }}] *****
skipping: [localhost]

TASK [/stigforge/roles/ol10_stig : Declare list of syscalls] *******************
skipping: [localhost]

TASK [/stigforge/roles/ol10_stig : Check existence of rmdir in /etc/audit/audit.rules] ***
skipping: [localhost]

TASK [/stigforge/roles/ol10_stig : Set path to /etc/audit/audit.rules] *********
skipping: [localhost]

TASK [/stigforge/roles/ol10_stig : Declare found syscalls] *********************
skipping: [localhost]

TASK [/stigforge/roles/ol10_stig : Declare missing syscalls] *******************
skipping: [localhost]

TASK [/stigforge/roles/ol10_stig : Replace the audit rule in {{ audit_file }}] ***
skipping: [localhost]

TASK [/stigforge/roles/ol10_stig : Add the audit rule to {{ audit_file }}] *****
skipping: [localhost]

TASK [/stigforge/roles/ol10_stig : Set architecture for audit unlink tasks] ****
skipping: [localhost]

TASK [/stigforge/roles/ol10_stig : Declare list of syscalls] *******************
skipping: [localhost]

TASK [/stigforge/roles/ol10_stig : Check existence of unlink in /etc/audit/rules.d/] ***
skipping: [localhost]

TASK [/stigforge/roles/ol10_stig : Reset syscalls found per file] **************
skipping: [localhost]

TASK [/stigforge/roles/ol10_stig : Declare syscalls found per file] ************
skipping: [localhost]

TASK [/stigforge/roles/ol10_stig : Declare files where syscalls were found] ****
skipping: [localhost]

TASK [/stigforge/roles/ol10_stig : Count occurrences of syscalls in paths] *****
skipping: [localhost]

TASK [/stigforge/roles/ol10_stig : Get path with most syscalls] ****************
skipping: [localhost]

TASK [/stigforge/roles/ol10_stig : No file with syscall found, set path to /etc/audit/rules.d/delete.rules] ***
skipping: [localhost]

TASK [/stigforge/roles/ol10_stig : Declare found syscalls] *********************
skipping: [localhost]

TASK [/stigforge/roles/ol10_stig : Declare missing syscalls] *******************
skipping: [localhost]

TASK [/stigforge/roles/ol10_stig : Replace the audit rule in {{ audit_file }}] ***
skipping: [localhost]

TASK [/stigforge/roles/ol10_stig : Add the audit rule to {{ audit_file }}] *****
skipping: [localhost]

TASK [/stigforge/roles/ol10_stig : Declare list of syscalls] *******************
skipping: [localhost]

TASK [/stigforge/roles/ol10_stig : Check existence of unlink in /etc/audit/audit.rules] ***
skipping: [localhost]

TASK [/stigforge/roles/ol10_stig : Set path to /etc/audit/audit.rules] *********
skipping: [localhost]

TASK [/stigforge/roles/ol10_stig : Declare found syscalls] *********************
skipping: [localhost]

TASK [/stigforge/roles/ol10_stig : Declare missing syscalls] *******************
skipping: [localhost]

TASK [/stigforge/roles/ol10_stig : Replace the audit rule in {{ audit_file }}] ***
skipping: [localhost]

TASK [/stigforge/roles/ol10_stig : Add the audit rule to {{ audit_file }}] *****
skipping: [localhost]

TASK [/stigforge/roles/ol10_stig : Declare list of syscalls] *******************
skipping: [localhost]

TASK [/stigforge/roles/ol10_stig : Check existence of unlink in /etc/audit/rules.d/] ***
skipping: [localhost]

TASK [/stigforge/roles/ol10_stig : Reset syscalls found per file] **************
skipping: [localhost]

TASK [/stigforge/roles/ol10_stig : Declare syscalls found per file] ************
skipping: [localhost]

TASK [/stigforge/roles/ol10_stig : Declare files where syscalls were found] ****
skipping: [localhost]

TASK [/stigforge/roles/ol10_stig : Count occurrences of syscalls in paths] *****
skipping: [localhost]

TASK [/stigforge/roles/ol10_stig : Get path with most syscalls] ****************
skipping: [localhost]

TASK [/stigforge/roles/ol10_stig : No file with syscall found, set path to /etc/audit/rules.d/delete.rules] ***
skipping: [localhost]

TASK [/stigforge/roles/ol10_stig : Declare found syscalls] *********************
skipping: [localhost]

TASK [/stigforge/roles/ol10_stig : Declare missing syscalls] *******************
skipping: [localhost]

TASK [/stigforge/roles/ol10_stig : Replace the audit rule in {{ audit_file }}] ***
skipping: [localhost]

TASK [/stigforge/roles/ol10_stig : Add the audit rule to {{ audit_file }}] *****
skipping: [localhost]

TASK [/stigforge/roles/ol10_stig : Declare list of syscalls] *******************
skipping: [localhost]

TASK [/stigforge/roles/ol10_stig : Check existence of unlink in /etc/audit/audit.rules] ***
skipping: [localhost]

TASK [/stigforge/roles/ol10_stig : Set path to /etc/audit/audit.rules] *********
skipping: [localhost]

TASK [/stigforge/roles/ol10_stig : Declare found syscalls] *********************
skipping: [localhost]

TASK [/stigforge/roles/ol10_stig : Declare missing syscalls] *******************
skipping: [localhost]

TASK [/stigforge/roles/ol10_stig : Replace the audit rule in {{ audit_file }}] ***
skipping: [localhost]

TASK [/stigforge/roles/ol10_stig : Add the audit rule to {{ audit_file }}] *****
skipping: [localhost]

TASK [/stigforge/roles/ol10_stig : Set architecture for audit unlinkat tasks] ***
skipping: [localhost]

TASK [/stigforge/roles/ol10_stig : Declare list of syscalls] *******************
skipping: [localhost]

TASK [/stigforge/roles/ol10_stig : Check existence of unlinkat in /etc/audit/rules.d/] ***
skipping: [localhost]

TASK [/stigforge/roles/ol10_stig : Reset syscalls found per file] **************
skipping: [localhost]

TASK [/stigforge/roles/ol10_stig : Declare syscalls found per file] ************
skipping: [localhost]

TASK [/stigforge/roles/ol10_stig : Declare files where syscalls were found] ****
skipping: [localhost]

TASK [/stigforge/roles/ol10_stig : Count occurrences of syscalls in paths] *****
skipping: [localhost]

TASK [/stigforge/roles/ol10_stig : Get path with most syscalls] ****************
skipping: [localhost]

TASK [/stigforge/roles/ol10_stig : No file with syscall found, set path to /etc/audit/rules.d/delete.rules] ***
skipping: [localhost]

TASK [/stigforge/roles/ol10_stig : Declare found syscalls] *********************
skipping: [localhost]

TASK [/stigforge/roles/ol10_stig : Declare missing syscalls] *******************
skipping: [localhost]

TASK [/stigforge/roles/ol10_stig : Replace the audit rule in {{ audit_file }}] ***
skipping: [localhost]

TASK [/stigforge/roles/ol10_stig : Add the audit rule to {{ audit_file }}] *****
skipping: [localhost]

TASK [/stigforge/roles/ol10_stig : Declare list of syscalls] *******************
skipping: [localhost]

TASK [/stigforge/roles/ol10_stig : Check existence of unlinkat in /etc/audit/audit.rules] ***
skipping: [localhost]

TASK [/stigforge/roles/ol10_stig : Set path to /etc/audit/audit.rules] *********
skipping: [localhost]

TASK [/stigforge/roles/ol10_stig : Declare found syscalls] *********************
skipping: [localhost]

TASK [/stigforge/roles/ol10_stig : Declare missing syscalls] *******************
skipping: [localhost]

TASK [/stigforge/roles/ol10_stig : Replace the audit rule in {{ audit_file }}] ***
skipping: [localhost]

TASK [/stigforge/roles/ol10_stig : Add the audit rule to {{ audit_file }}] *****
skipping: [localhost]

TASK [/stigforge/roles/ol10_stig : Declare list of syscalls] *******************
skipping: [localhost]

TASK [/stigforge/roles/ol10_stig : Check existence of unlinkat in /etc/audit/rules.d/] ***
skipping: [localhost]

TASK [/stigforge/roles/ol10_stig : Reset syscalls found per file] **************
skipping: [localhost]

TASK [/stigforge/roles/ol10_stig : Declare syscalls found per file] ************
skipping: [localhost]

TASK [/stigforge/roles/ol10_stig : Declare files where syscalls were found] ****
skipping: [localhost]

TASK [/stigforge/roles/ol10_stig : Count occurrences of syscalls in paths] *****
skipping: [localhost]

TASK [/stigforge/roles/ol10_stig : Get path with most syscalls] ****************
skipping: [localhost]

TASK [/stigforge/roles/ol10_stig : No file with syscall found, set path to /etc/audit/rules.d/delete.rules] ***
skipping: [localhost]

TASK [/stigforge/roles/ol10_stig : Declare found syscalls] *********************
skipping: [localhost]

TASK [/stigforge/roles/ol10_stig : Declare missing syscalls] *******************
skipping: [localhost]

TASK [/stigforge/roles/ol10_stig : Replace the audit rule in {{ audit_file }}] ***
skipping: [localhost]

TASK [/stigforge/roles/ol10_stig : Add the audit rule to {{ audit_file }}] *****
skipping: [localhost]

TASK [/stigforge/roles/ol10_stig : Declare list of syscalls] *******************
skipping: [localhost]

TASK [/stigforge/roles/ol10_stig : Check existence of unlinkat in /etc/audit/audit.rules] ***
skipping: [localhost]

TASK [/stigforge/roles/ol10_stig : Set path to /etc/audit/audit.rules] *********
skipping: [localhost]

TASK [/stigforge/roles/ol10_stig : Declare found syscalls] *********************
skipping: [localhost]

TASK [/stigforge/roles/ol10_stig : Declare missing syscalls] *******************
skipping: [localhost]

TASK [/stigforge/roles/ol10_stig : Replace the audit rule in {{ audit_file }}] ***
skipping: [localhost]

TASK [/stigforge/roles/ol10_stig : Add the audit rule to {{ audit_file }}] *****
skipping: [localhost]

TASK [/stigforge/roles/ol10_stig : Set architecture for audit creat tasks] *****
skipping: [localhost]

TASK [/stigforge/roles/ol10_stig : Declare list of syscalls] *******************
skipping: [localhost]

TASK [/stigforge/roles/ol10_stig : Check existence of creat in /etc/audit/rules.d/] ***
skipping: [localhost]

TASK [/stigforge/roles/ol10_stig : Reset syscalls found per file] **************
skipping: [localhost]

TASK [/stigforge/roles/ol10_stig : Declare syscalls found per file] ************
skipping: [localhost]

TASK [/stigforge/roles/ol10_stig : Declare files where syscalls were found] ****
skipping: [localhost]

TASK [/stigforge/roles/ol10_stig : Count occurrences of syscalls in paths] *****
skipping: [localhost]

TASK [/stigforge/roles/ol10_stig : Get path with most syscalls] ****************
skipping: [localhost]

TASK [/stigforge/roles/ol10_stig : No file with syscall found, set path to /etc/audit/rules.d/access.rules] ***
skipping: [localhost]

TASK [/stigforge/roles/ol10_stig : Declare found syscalls] *********************
skipping: [localhost]

TASK [/stigforge/roles/ol10_stig : Declare missing syscalls] *******************
skipping: [localhost]

TASK [/stigforge/roles/ol10_stig : Replace the audit rule in {{ audit_file }}] ***
skipping: [localhost]

TASK [/stigforge/roles/ol10_stig : Add the audit rule to {{ audit_file }}] *****
skipping: [localhost]

TASK [/stigforge/roles/ol10_stig : Declare list of syscalls] *******************
skipping: [localhost]

TASK [/stigforge/roles/ol10_stig : Check existence of creat in /etc/audit/audit.rules] ***
skipping: [localhost]

TASK [/stigforge/roles/ol10_stig : Set path to /etc/audit/audit.rules] *********
skipping: [localhost]

TASK [/stigforge/roles/ol10_stig : Declare found syscalls] *********************
skipping: [localhost]

TASK [/stigforge/roles/ol10_stig : Declare missing syscalls] *******************
skipping: [localhost]

TASK [/stigforge/roles/ol10_stig : Replace the audit rule in {{ audit_file }}] ***
skipping: [localhost]

TASK [/stigforge/roles/ol10_stig : Add the audit rule to {{ audit_file }}] *****
skipping: [localhost]

TASK [/stigforge/roles/ol10_stig : Declare list of syscalls] *******************
skipping: [localhost]

TASK [/stigforge/roles/ol10_stig : Check existence of creat in /etc/audit/rules.d/] ***
skipping: [localhost]

TASK [/stigforge/roles/ol10_stig : Reset syscalls found per file] **************
skipping: [localhost]

TASK [/stigforge/roles/ol10_stig : Declare syscalls found per file] ************
skipping: [localhost]

TASK [/stigforge/roles/ol10_stig : Declare files where syscalls were found] ****
skipping: [localhost]

TASK [/stigforge/roles/ol10_stig : Count occurrences of syscalls in paths] *****
skipping: [localhost]

TASK [/stigforge/roles/ol10_stig : Get path with most syscalls] ****************
skipping: [localhost]

TASK [/stigforge/roles/ol10_stig : No file with syscall found, set path to /etc/audit/rules.d/access.rules] ***
skipping: [localhost]

TASK [/stigforge/roles/ol10_stig : Declare found syscalls] *********************
skipping: [localhost]

TASK [/stigforge/roles/ol10_stig : Declare missing syscalls] *******************
skipping: [localhost]

TASK [/stigforge/roles/ol10_stig : Replace the audit rule in {{ audit_file }}] ***
skipping: [localhost]

TASK [/stigforge/roles/ol10_stig : Add the audit rule to {{ audit_file }}] *****
skipping: [localhost]

TASK [/stigforge/roles/ol10_stig : Declare list of syscalls] *******************
skipping: [localhost]

TASK [/stigforge/roles/ol10_stig : Check existence of creat in /etc/audit/audit.rules] ***
skipping: [localhost]

TASK [/stigforge/roles/ol10_stig : Set path to /etc/audit/audit.rules] *********
skipping: [localhost]

TASK [/stigforge/roles/ol10_stig : Declare found syscalls] *********************
skipping: [localhost]

TASK [/stigforge/roles/ol10_stig : Declare missing syscalls] *******************
skipping: [localhost]

TASK [/stigforge/roles/ol10_stig : Replace the audit rule in {{ audit_file }}] ***
skipping: [localhost]

TASK [/stigforge/roles/ol10_stig : Add the audit rule to {{ audit_file }}] *****
skipping: [localhost]

TASK [/stigforge/roles/ol10_stig : Declare list of syscalls] *******************
skipping: [localhost]

TASK [/stigforge/roles/ol10_stig : Check existence of creat in /etc/audit/rules.d/] ***
skipping: [localhost]

TASK [/stigforge/roles/ol10_stig : Reset syscalls found per file] **************
skipping: [localhost]

TASK [/stigforge/roles/ol10_stig : Declare syscalls found per file] ************
skipping: [localhost]

TASK [/stigforge/roles/ol10_stig : Declare files where syscalls were found] ****
skipping: [localhost]

TASK [/stigforge/roles/ol10_stig : Count occurrences of syscalls in paths] *****
skipping: [localhost]

TASK [/stigforge/roles/ol10_stig : Get path with most syscalls] ****************
skipping: [localhost]

TASK [/stigforge/roles/ol10_stig : No file with syscall found, set path to /etc/audit/rules.d/access.rules] ***
skipping: [localhost]

TASK [/stigforge/roles/ol10_stig : Declare found syscalls] *********************
skipping: [localhost]

TASK [/stigforge/roles/ol10_stig : Declare missing syscalls] *******************
skipping: [localhost]

TASK [/stigforge/roles/ol10_stig : Replace the audit rule in {{ audit_file }}] ***
skipping: [localhost]

TASK [/stigforge/roles/ol10_stig : Add the audit rule to {{ audit_file }}] *****
skipping: [localhost]

TASK [/stigforge/roles/ol10_stig : Declare list of syscalls] *******************
skipping: [localhost]

TASK [/stigforge/roles/ol10_stig : Check existence of creat in /etc/audit/audit.rules] ***
skipping: [localhost]

TASK [/stigforge/roles/ol10_stig : Set path to /etc/audit/audit.rules] *********
skipping: [localhost]

TASK [/stigforge/roles/ol10_stig : Declare found syscalls] *********************
skipping: [localhost]

TASK [/stigforge/roles/ol10_stig : Declare missing syscalls] *******************
skipping: [localhost]

TASK [/stigforge/roles/ol10_stig : Replace the audit rule in {{ audit_file }}] ***
skipping: [localhost]

TASK [/stigforge/roles/ol10_stig : Add the audit rule to {{ audit_file }}] *****
skipping: [localhost]

TASK [/stigforge/roles/ol10_stig : Declare list of syscalls] *******************
skipping: [localhost]

TASK [/stigforge/roles/ol10_stig : Check existence of creat in /etc/audit/rules.d/] ***
skipping: [localhost]

TASK [/stigforge/roles/ol10_stig : Reset syscalls found per file] **************
skipping: [localhost]

TASK [/stigforge/roles/ol10_stig : Declare syscalls found per file] ************
skipping: [localhost]

TASK [/stigforge/roles/ol10_stig : Declare files where syscalls were found] ****
skipping: [localhost]

TASK [/stigforge/roles/ol10_stig : Count occurrences of syscalls in paths] *****
skipping: [localhost]

TASK [/stigforge/roles/ol10_stig : Get path with most syscalls] ****************
skipping: [localhost]

TASK [/stigforge/roles/ol10_stig : No file with syscall found, set path to /etc/audit/rules.d/access.rules] ***
skipping: [localhost]

TASK [/stigforge/roles/ol10_stig : Declare found syscalls] *********************
skipping: [localhost]

TASK [/stigforge/roles/ol10_stig : Declare missing syscalls] *******************
skipping: [localhost]

TASK [/stigforge/roles/ol10_stig : Replace the audit rule in {{ audit_file }}] ***
skipping: [localhost]

TASK [/stigforge/roles/ol10_stig : Add the audit rule to {{ audit_file }}] *****
skipping: [localhost]

TASK [/stigforge/roles/ol10_stig : Declare list of syscalls] *******************
skipping: [localhost]

TASK [/stigforge/roles/ol10_stig : Check existence of creat in /etc/audit/audit.rules] ***
skipping: [localhost]

TASK [/stigforge/roles/ol10_stig : Set path to /etc/audit/audit.rules] *********
skipping: [localhost]

TASK [/stigforge/roles/ol10_stig : Declare found syscalls] *********************
skipping: [localhost]

TASK [/stigforge/roles/ol10_stig : Declare missing syscalls] *******************
skipping: [localhost]

TASK [/stigforge/roles/ol10_stig : Replace the audit rule in {{ audit_file }}] ***
skipping: [localhost]

TASK [/stigforge/roles/ol10_stig : Add the audit rule to {{ audit_file }}] *****
skipping: [localhost]

TASK [/stigforge/roles/ol10_stig : Set architecture for audit ftruncate tasks] ***
skipping: [localhost]

TASK [/stigforge/roles/ol10_stig : Declare list of syscalls] *******************
skipping: [localhost]

TASK [/stigforge/roles/ol10_stig : Check existence of ftruncate in /etc/audit/rules.d/] ***
skipping: [localhost]

TASK [/stigforge/roles/ol10_stig : Reset syscalls found per file] **************
skipping: [localhost]

TASK [/stigforge/roles/ol10_stig : Declare syscalls found per file] ************
skipping: [localhost]

TASK [/stigforge/roles/ol10_stig : Declare files where syscalls were found] ****
skipping: [localhost]

TASK [/stigforge/roles/ol10_stig : Count occurrences of syscalls in paths] *****
skipping: [localhost]

TASK [/stigforge/roles/ol10_stig : Get path with most syscalls] ****************
skipping: [localhost]

TASK [/stigforge/roles/ol10_stig : No file with syscall found, set path to /etc/audit/rules.d/access.rules] ***
skipping: [localhost]

TASK [/stigforge/roles/ol10_stig : Declare found syscalls] *********************
skipping: [localhost]

TASK [/stigforge/roles/ol10_stig : Declare missing syscalls] *******************
skipping: [localhost]

TASK [/stigforge/roles/ol10_stig : Replace the audit rule in {{ audit_file }}] ***
skipping: [localhost]

TASK [/stigforge/roles/ol10_stig : Add the audit rule to {{ audit_file }}] *****
skipping: [localhost]

TASK [/stigforge/roles/ol10_stig : Declare list of syscalls] *******************
skipping: [localhost]

TASK [/stigforge/roles/ol10_stig : Check existence of ftruncate in /etc/audit/audit.rules] ***
skipping: [localhost]

TASK [/stigforge/roles/ol10_stig : Set path to /etc/audit/audit.rules] *********
skipping: [localhost]

TASK [/stigforge/roles/ol10_stig : Declare found syscalls] *********************
skipping: [localhost]

TASK [/stigforge/roles/ol10_stig : Declare missing syscalls] *******************
skipping: [localhost]

TASK [/stigforge/roles/ol10_stig : Replace the audit rule in {{ audit_file }}] ***
skipping: [localhost]

TASK [/stigforge/roles/ol10_stig : Add the audit rule to {{ audit_file }}] *****
skipping: [localhost]

TASK [/stigforge/roles/ol10_stig : Declare list of syscalls] *******************
skipping: [localhost]

TASK [/stigforge/roles/ol10_stig : Check existence of ftruncate in /etc/audit/rules.d/] ***
skipping: [localhost]

TASK [/stigforge/roles/ol10_stig : Reset syscalls found per file] **************
skipping: [localhost]

TASK [/stigforge/roles/ol10_stig : Declare syscalls found per file] ************
skipping: [localhost]

TASK [/stigforge/roles/ol10_stig : Declare files where syscalls were found] ****
skipping: [localhost]

TASK [/stigforge/roles/ol10_stig : Count occurrences of syscalls in paths] *****
skipping: [localhost]

TASK [/stigforge/roles/ol10_stig : Get path with most syscalls] ****************
skipping: [localhost]

TASK [/stigforge/roles/ol10_stig : No file with syscall found, set path to /etc/audit/rules.d/access.rules] ***
skipping: [localhost]

TASK [/stigforge/roles/ol10_stig : Declare found syscalls] *********************
skipping: [localhost]

TASK [/stigforge/roles/ol10_stig : Declare missing syscalls] *******************
skipping: [localhost]

TASK [/stigforge/roles/ol10_stig : Replace the audit rule in {{ audit_file }}] ***
skipping: [localhost]

TASK [/stigforge/roles/ol10_stig : Add the audit rule to {{ audit_file }}] *****
skipping: [localhost]

TASK [/stigforge/roles/ol10_stig : Declare list of syscalls] *******************
skipping: [localhost]

TASK [/stigforge/roles/ol10_stig : Check existence of ftruncate in /etc/audit/audit.rules] ***
skipping: [localhost]

TASK [/stigforge/roles/ol10_stig : Set path to /etc/audit/audit.rules] *********
skipping: [localhost]

TASK [/stigforge/roles/ol10_stig : Declare found syscalls] *********************
skipping: [localhost]

TASK [/stigforge/roles/ol10_stig : Declare missing syscalls] *******************
skipping: [localhost]

TASK [/stigforge/roles/ol10_stig : Replace the audit rule in {{ audit_file }}] ***
skipping: [localhost]

TASK [/stigforge/roles/ol10_stig : Add the audit rule to {{ audit_file }}] *****
skipping: [localhost]

TASK [/stigforge/roles/ol10_stig : Declare list of syscalls] *******************
skipping: [localhost]

TASK [/stigforge/roles/ol10_stig : Check existence of ftruncate in /etc/audit/rules.d/] ***
skipping: [localhost]

TASK [/stigforge/roles/ol10_stig : Reset syscalls found per file] **************
skipping: [localhost]

TASK [/stigforge/roles/ol10_stig : Declare syscalls found per file] ************
skipping: [localhost]

TASK [/stigforge/roles/ol10_stig : Declare files where syscalls were found] ****
skipping: [localhost]

TASK [/stigforge/roles/ol10_stig : Count occurrences of syscalls in paths] *****
skipping: [localhost]

TASK [/stigforge/roles/ol10_stig : Get path with most syscalls] ****************
skipping: [localhost]

TASK [/stigforge/roles/ol10_stig : No file with syscall found, set path to /etc/audit/rules.d/access.rules] ***
skipping: [localhost]

TASK [/stigforge/roles/ol10_stig : Declare found syscalls] *********************
skipping: [localhost]

TASK [/stigforge/roles/ol10_stig : Declare missing syscalls] *******************
skipping: [localhost]

TASK [/stigforge/roles/ol10_stig : Replace the audit rule in {{ audit_file }}] ***
skipping: [localhost]

TASK [/stigforge/roles/ol10_stig : Add the audit rule to {{ audit_file }}] *****
skipping: [localhost]

TASK [/stigforge/roles/ol10_stig : Declare list of syscalls] *******************
skipping: [localhost]

TASK [/stigforge/roles/ol10_stig : Check existence of ftruncate in /etc/audit/audit.rules] ***
skipping: [localhost]

TASK [/stigforge/roles/ol10_stig : Set path to /etc/audit/audit.rules] *********
skipping: [localhost]

TASK [/stigforge/roles/ol10_stig : Declare found syscalls] *********************
skipping: [localhost]

TASK [/stigforge/roles/ol10_stig : Declare missing syscalls] *******************
skipping: [localhost]

TASK [/stigforge/roles/ol10_stig : Replace the audit rule in {{ audit_file }}] ***
skipping: [localhost]

TASK [/stigforge/roles/ol10_stig : Add the audit rule to {{ audit_file }}] *****
skipping: [localhost]

TASK [/stigforge/roles/ol10_stig : Declare list of syscalls] *******************
skipping: [localhost]

TASK [/stigforge/roles/ol10_stig : Check existence of ftruncate in /etc/audit/rules.d/] ***
skipping: [localhost]

TASK [/stigforge/roles/ol10_stig : Reset syscalls found per file] **************
skipping: [localhost]

TASK [/stigforge/roles/ol10_stig : Declare syscalls found per file] ************
skipping: [localhost]

TASK [/stigforge/roles/ol10_stig : Declare files where syscalls were found] ****
skipping: [localhost]

TASK [/stigforge/roles/ol10_stig : Count occurrences of syscalls in paths] *****
skipping: [localhost]

TASK [/stigforge/roles/ol10_stig : Get path with most syscalls] ****************
skipping: [localhost]

TASK [/stigforge/roles/ol10_stig : No file with syscall found, set path to /etc/audit/rules.d/access.rules] ***
skipping: [localhost]

TASK [/stigforge/roles/ol10_stig : Declare found syscalls] *********************
skipping: [localhost]

TASK [/stigforge/roles/ol10_stig : Declare missing syscalls] *******************
skipping: [localhost]

TASK [/stigforge/roles/ol10_stig : Replace the audit rule in {{ audit_file }}] ***
skipping: [localhost]

TASK [/stigforge/roles/ol10_stig : Add the audit rule to {{ audit_file }}] *****
skipping: [localhost]

TASK [/stigforge/roles/ol10_stig : Declare list of syscalls] *******************
skipping: [localhost]

TASK [/stigforge/roles/ol10_stig : Check existence of ftruncate in /etc/audit/audit.rules] ***
skipping: [localhost]

TASK [/stigforge/roles/ol10_stig : Set path to /etc/audit/audit.rules] *********
skipping: [localhost]

TASK [/stigforge/roles/ol10_stig : Declare found syscalls] *********************
skipping: [localhost]

TASK [/stigforge/roles/ol10_stig : Declare missing syscalls] *******************
skipping: [localhost]

TASK [/stigforge/roles/ol10_stig : Replace the audit rule in {{ audit_file }}] ***
skipping: [localhost]

TASK [/stigforge/roles/ol10_stig : Add the audit rule to {{ audit_file }}] *****
skipping: [localhost]

TASK [/stigforge/roles/ol10_stig : Set architecture for audit open tasks] ******
skipping: [localhost]

TASK [/stigforge/roles/ol10_stig : Declare list of syscalls] *******************
skipping: [localhost]

TASK [/stigforge/roles/ol10_stig : Check existence of open in /etc/audit/rules.d/] ***
skipping: [localhost]

TASK [/stigforge/roles/ol10_stig : Reset syscalls found per file] **************
skipping: [localhost]

TASK [/stigforge/roles/ol10_stig : Declare syscalls found per file] ************
skipping: [localhost]

TASK [/stigforge/roles/ol10_stig : Declare files where syscalls were found] ****
skipping: [localhost]

TASK [/stigforge/roles/ol10_stig : Count occurrences of syscalls in paths] *****
skipping: [localhost]

TASK [/stigforge/roles/ol10_stig : Get path with most syscalls] ****************
skipping: [localhost]

TASK [/stigforge/roles/ol10_stig : No file with syscall found, set path to /etc/audit/rules.d/access.rules] ***
skipping: [localhost]

TASK [/stigforge/roles/ol10_stig : Declare found syscalls] *********************
skipping: [localhost]

TASK [/stigforge/roles/ol10_stig : Declare missing syscalls] *******************
skipping: [localhost]

TASK [/stigforge/roles/ol10_stig : Replace the audit rule in {{ audit_file }}] ***
skipping: [localhost]

TASK [/stigforge/roles/ol10_stig : Add the audit rule to {{ audit_file }}] *****
skipping: [localhost]

TASK [/stigforge/roles/ol10_stig : Declare list of syscalls] *******************
skipping: [localhost]

TASK [/stigforge/roles/ol10_stig : Check existence of open in /etc/audit/audit.rules] ***
skipping: [localhost]

TASK [/stigforge/roles/ol10_stig : Set path to /etc/audit/audit.rules] *********
skipping: [localhost]

TASK [/stigforge/roles/ol10_stig : Declare found syscalls] *********************
skipping: [localhost]

TASK [/stigforge/roles/ol10_stig : Declare missing syscalls] *******************
skipping: [localhost]

TASK [/stigforge/roles/ol10_stig : Replace the audit rule in {{ audit_file }}] ***
skipping: [localhost]

TASK [/stigforge/roles/ol10_stig : Add the audit rule to {{ audit_file }}] *****
skipping: [localhost]

TASK [/stigforge/roles/ol10_stig : Declare list of syscalls] *******************
skipping: [localhost]

TASK [/stigforge/roles/ol10_stig : Check existence of open in /etc/audit/rules.d/] ***
skipping: [localhost]

TASK [/stigforge/roles/ol10_stig : Reset syscalls found per file] **************
skipping: [localhost]

TASK [/stigforge/roles/ol10_stig : Declare syscalls found per file] ************
skipping: [localhost]

TASK [/stigforge/roles/ol10_stig : Declare files where syscalls were found] ****
skipping: [localhost]

TASK [/stigforge/roles/ol10_stig : Count occurrences of syscalls in paths] *****
skipping: [localhost]

TASK [/stigforge/roles/ol10_stig : Get path with most syscalls] ****************
skipping: [localhost]

TASK [/stigforge/roles/ol10_stig : No file with syscall found, set path to /etc/audit/rules.d/access.rules] ***
skipping: [localhost]

TASK [/stigforge/roles/ol10_stig : Declare found syscalls] *********************
skipping: [localhost]

TASK [/stigforge/roles/ol10_stig : Declare missing syscalls] *******************
skipping: [localhost]

TASK [/stigforge/roles/ol10_stig : Replace the audit rule in {{ audit_file }}] ***
skipping: [localhost]

TASK [/stigforge/roles/ol10_stig : Add the audit rule to {{ audit_file }}] *****
skipping: [localhost]

TASK [/stigforge/roles/ol10_stig : Declare list of syscalls] *******************
skipping: [localhost]

TASK [/stigforge/roles/ol10_stig : Check existence of open in /etc/audit/audit.rules] ***
skipping: [localhost]

TASK [/stigforge/roles/ol10_stig : Set path to /etc/audit/audit.rules] *********
skipping: [localhost]

TASK [/stigforge/roles/ol10_stig : Declare found syscalls] *********************
skipping: [localhost]

TASK [/stigforge/roles/ol10_stig : Declare missing syscalls] *******************
skipping: [localhost]

TASK [/stigforge/roles/ol10_stig : Replace the audit rule in {{ audit_file }}] ***
skipping: [localhost]

TASK [/stigforge/roles/ol10_stig : Add the audit rule to {{ audit_file }}] *****
skipping: [localhost]

TASK [/stigforge/roles/ol10_stig : Declare list of syscalls] *******************
skipping: [localhost]

TASK [/stigforge/roles/ol10_stig : Check existence of open in /etc/audit/rules.d/] ***
skipping: [localhost]

TASK [/stigforge/roles/ol10_stig : Reset syscalls found per file] **************
skipping: [localhost]

TASK [/stigforge/roles/ol10_stig : Declare syscalls found per file] ************
skipping: [localhost]

TASK [/stigforge/roles/ol10_stig : Declare files where syscalls were found] ****
skipping: [localhost]

TASK [/stigforge/roles/ol10_stig : Count occurrences of syscalls in paths] *****
skipping: [localhost]

TASK [/stigforge/roles/ol10_stig : Get path with most syscalls] ****************
skipping: [localhost]

TASK [/stigforge/roles/ol10_stig : No file with syscall found, set path to /etc/audit/rules.d/access.rules] ***
skipping: [localhost]

TASK [/stigforge/roles/ol10_stig : Declare found syscalls] *********************
skipping: [localhost]

TASK [/stigforge/roles/ol10_stig : Declare missing syscalls] *******************
skipping: [localhost]

TASK [/stigforge/roles/ol10_stig : Replace the audit rule in {{ audit_file }}] ***
skipping: [localhost]

TASK [/stigforge/roles/ol10_stig : Add the audit rule to {{ audit_file }}] *****
skipping: [localhost]

TASK [/stigforge/roles/ol10_stig : Declare list of syscalls] *******************
skipping: [localhost]

TASK [/stigforge/roles/ol10_stig : Check existence of open in /etc/audit/audit.rules] ***
skipping: [localhost]

TASK [/stigforge/roles/ol10_stig : Set path to /etc/audit/audit.rules] *********
skipping: [localhost]

TASK [/stigforge/roles/ol10_stig : Declare found syscalls] *********************
skipping: [localhost]

TASK [/stigforge/roles/ol10_stig : Declare missing syscalls] *******************
skipping: [localhost]

TASK [/stigforge/roles/ol10_stig : Replace the audit rule in {{ audit_file }}] ***
skipping: [localhost]

TASK [/stigforge/roles/ol10_stig : Add the audit rule to {{ audit_file }}] *****
skipping: [localhost]

TASK [/stigforge/roles/ol10_stig : Declare list of syscalls] *******************
skipping: [localhost]

TASK [/stigforge/roles/ol10_stig : Check existence of open in /etc/audit/rules.d/] ***
skipping: [localhost]

TASK [/stigforge/roles/ol10_stig : Reset syscalls found per file] **************
skipping: [localhost]

TASK [/stigforge/roles/ol10_stig : Declare syscalls found per file] ************
skipping: [localhost]

TASK [/stigforge/roles/ol10_stig : Declare files where syscalls were found] ****
skipping: [localhost]

TASK [/stigforge/roles/ol10_stig : Count occurrences of syscalls in paths] *****
skipping: [localhost]

TASK [/stigforge/roles/ol10_stig : Get path with most syscalls] ****************
skipping: [localhost]

TASK [/stigforge/roles/ol10_stig : No file with syscall found, set path to /etc/audit/rules.d/access.rules] ***
skipping: [localhost]

TASK [/stigforge/roles/ol10_stig : Declare found syscalls] *********************
skipping: [localhost]

TASK [/stigforge/roles/ol10_stig : Declare missing syscalls] *******************
skipping: [localhost]

TASK [/stigforge/roles/ol10_stig : Replace the audit rule in {{ audit_file }}] ***
skipping: [localhost]

TASK [/stigforge/roles/ol10_stig : Add the audit rule to {{ audit_file }}] *****
skipping: [localhost]

TASK [/stigforge/roles/ol10_stig : Declare list of syscalls] *******************
skipping: [localhost]

TASK [/stigforge/roles/ol10_stig : Check existence of open in /etc/audit/audit.rules] ***
skipping: [localhost]

TASK [/stigforge/roles/ol10_stig : Set path to /etc/audit/audit.rules] *********
skipping: [localhost]

TASK [/stigforge/roles/ol10_stig : Declare found syscalls] *********************
skipping: [localhost]

TASK [/stigforge/roles/ol10_stig : Declare missing syscalls] *******************
skipping: [localhost]

TASK [/stigforge/roles/ol10_stig : Replace the audit rule in {{ audit_file }}] ***
skipping: [localhost]

TASK [/stigforge/roles/ol10_stig : Add the audit rule to {{ audit_file }}] *****
skipping: [localhost]

TASK [/stigforge/roles/ol10_stig : Set architecture for audit open_by_handle_at tasks] ***
skipping: [localhost]

TASK [/stigforge/roles/ol10_stig : Declare list of syscalls] *******************
skipping: [localhost]

TASK [/stigforge/roles/ol10_stig : Check existence of open_by_handle_at in /etc/audit/rules.d/] ***
skipping: [localhost]

TASK [/stigforge/roles/ol10_stig : Reset syscalls found per file] **************
skipping: [localhost]

TASK [/stigforge/roles/ol10_stig : Declare syscalls found per file] ************
skipping: [localhost]

TASK [/stigforge/roles/ol10_stig : Declare files where syscalls were found] ****
skipping: [localhost]

TASK [/stigforge/roles/ol10_stig : Count occurrences of syscalls in paths] *****
skipping: [localhost]

TASK [/stigforge/roles/ol10_stig : Get path with most syscalls] ****************
skipping: [localhost]

TASK [/stigforge/roles/ol10_stig : No file with syscall found, set path to /etc/audit/rules.d/access.rules] ***
skipping: [localhost]

TASK [/stigforge/roles/ol10_stig : Declare found syscalls] *********************
skipping: [localhost]

TASK [/stigforge/roles/ol10_stig : Declare missing syscalls] *******************
skipping: [localhost]

TASK [/stigforge/roles/ol10_stig : Replace the audit rule in {{ audit_file }}] ***
skipping: [localhost]

TASK [/stigforge/roles/ol10_stig : Add the audit rule to {{ audit_file }}] *****
skipping: [localhost]

TASK [/stigforge/roles/ol10_stig : Declare list of syscalls] *******************
skipping: [localhost]

TASK [/stigforge/roles/ol10_stig : Check existence of open_by_handle_at in /etc/audit/audit.rules] ***
skipping: [localhost]

TASK [/stigforge/roles/ol10_stig : Set path to /etc/audit/audit.rules] *********
skipping: [localhost]

TASK [/stigforge/roles/ol10_stig : Declare found syscalls] *********************
skipping: [localhost]

TASK [/stigforge/roles/ol10_stig : Declare missing syscalls] *******************
skipping: [localhost]

TASK [/stigforge/roles/ol10_stig : Replace the audit rule in {{ audit_file }}] ***
skipping: [localhost]

TASK [/stigforge/roles/ol10_stig : Add the audit rule to {{ audit_file }}] *****
skipping: [localhost]

TASK [/stigforge/roles/ol10_stig : Declare list of syscalls] *******************
skipping: [localhost]

TASK [/stigforge/roles/ol10_stig : Check existence of open_by_handle_at in /etc/audit/rules.d/] ***
skipping: [localhost]

TASK [/stigforge/roles/ol10_stig : Reset syscalls found per file] **************
skipping: [localhost]

TASK [/stigforge/roles/ol10_stig : Declare syscalls found per file] ************
skipping: [localhost]

TASK [/stigforge/roles/ol10_stig : Declare files where syscalls were found] ****
skipping: [localhost]

TASK [/stigforge/roles/ol10_stig : Count occurrences of syscalls in paths] *****
skipping: [localhost]

TASK [/stigforge/roles/ol10_stig : Get path with most syscalls] ****************
skipping: [localhost]

TASK [/stigforge/roles/ol10_stig : No file with syscall found, set path to /etc/audit/rules.d/access.rules] ***
skipping: [localhost]

TASK [/stigforge/roles/ol10_stig : Declare found syscalls] *********************
skipping: [localhost]

TASK [/stigforge/roles/ol10_stig : Declare missing syscalls] *******************
skipping: [localhost]

TASK [/stigforge/roles/ol10_stig : Replace the audit rule in {{ audit_file }}] ***
skipping: [localhost]

TASK [/stigforge/roles/ol10_stig : Add the audit rule to {{ audit_file }}] *****
skipping: [localhost]

TASK [/stigforge/roles/ol10_stig : Declare list of syscalls] *******************
skipping: [localhost]

TASK [/stigforge/roles/ol10_stig : Check existence of open_by_handle_at in /etc/audit/audit.rules] ***
skipping: [localhost]

TASK [/stigforge/roles/ol10_stig : Set path to /etc/audit/audit.rules] *********
skipping: [localhost]

TASK [/stigforge/roles/ol10_stig : Declare found syscalls] *********************
skipping: [localhost]

TASK [/stigforge/roles/ol10_stig : Declare missing syscalls] *******************
skipping: [localhost]

TASK [/stigforge/roles/ol10_stig : Replace the audit rule in {{ audit_file }}] ***
skipping: [localhost]

TASK [/stigforge/roles/ol10_stig : Add the audit rule to {{ audit_file }}] *****
skipping: [localhost]

TASK [/stigforge/roles/ol10_stig : Declare list of syscalls] *******************
skipping: [localhost]

TASK [/stigforge/roles/ol10_stig : Check existence of open_by_handle_at in /etc/audit/rules.d/] ***
skipping: [localhost]

TASK [/stigforge/roles/ol10_stig : Reset syscalls found per file] **************
skipping: [localhost]

TASK [/stigforge/roles/ol10_stig : Declare syscalls found per file] ************
skipping: [localhost]

TASK [/stigforge/roles/ol10_stig : Declare files where syscalls were found] ****
skipping: [localhost]

TASK [/stigforge/roles/ol10_stig : Count occurrences of syscalls in paths] *****
skipping: [localhost]

TASK [/stigforge/roles/ol10_stig : Get path with most syscalls] ****************
skipping: [localhost]

TASK [/stigforge/roles/ol10_stig : No file with syscall found, set path to /etc/audit/rules.d/access.rules] ***
skipping: [localhost]

TASK [/stigforge/roles/ol10_stig : Declare found syscalls] *********************
skipping: [localhost]

TASK [/stigforge/roles/ol10_stig : Declare missing syscalls] *******************
skipping: [localhost]

TASK [/stigforge/roles/ol10_stig : Replace the audit rule in {{ audit_file }}] ***
skipping: [localhost]

TASK [/stigforge/roles/ol10_stig : Add the audit rule to {{ audit_file }}] *****
skipping: [localhost]

TASK [/stigforge/roles/ol10_stig : Declare list of syscalls] *******************
skipping: [localhost]

TASK [/stigforge/roles/ol10_stig : Check existence of open_by_handle_at in /etc/audit/audit.rules] ***
skipping: [localhost]

TASK [/stigforge/roles/ol10_stig : Set path to /etc/audit/audit.rules] *********
skipping: [localhost]

TASK [/stigforge/roles/ol10_stig : Declare found syscalls] *********************
skipping: [localhost]

TASK [/stigforge/roles/ol10_stig : Declare missing syscalls] *******************
skipping: [localhost]

TASK [/stigforge/roles/ol10_stig : Replace the audit rule in {{ audit_file }}] ***
skipping: [localhost]

TASK [/stigforge/roles/ol10_stig : Add the audit rule to {{ audit_file }}] *****
skipping: [localhost]

TASK [/stigforge/roles/ol10_stig : Declare list of syscalls] *******************
skipping: [localhost]

TASK [/stigforge/roles/ol10_stig : Check existence of open_by_handle_at in /etc/audit/rules.d/] ***
skipping: [localhost]

TASK [/stigforge/roles/ol10_stig : Reset syscalls found per file] **************
skipping: [localhost]

TASK [/stigforge/roles/ol10_stig : Declare syscalls found per file] ************
skipping: [localhost]

TASK [/stigforge/roles/ol10_stig : Declare files where syscalls were found] ****
skipping: [localhost]

TASK [/stigforge/roles/ol10_stig : Count occurrences of syscalls in paths] *****
skipping: [localhost]

TASK [/stigforge/roles/ol10_stig : Get path with most syscalls] ****************
skipping: [localhost]

TASK [/stigforge/roles/ol10_stig : No file with syscall found, set path to /etc/audit/rules.d/access.rules] ***
skipping: [localhost]

TASK [/stigforge/roles/ol10_stig : Declare found syscalls] *********************
skipping: [localhost]

TASK [/stigforge/roles/ol10_stig : Declare missing syscalls] *******************
skipping: [localhost]

TASK [/stigforge/roles/ol10_stig : Replace the audit rule in {{ audit_file }}] ***
skipping: [localhost]

TASK [/stigforge/roles/ol10_stig : Add the audit rule to {{ audit_file }}] *****
skipping: [localhost]

TASK [/stigforge/roles/ol10_stig : Declare list of syscalls] *******************
skipping: [localhost]

TASK [/stigforge/roles/ol10_stig : Check existence of open_by_handle_at in /etc/audit/audit.rules] ***
skipping: [localhost]

TASK [/stigforge/roles/ol10_stig : Set path to /etc/audit/audit.rules] *********
skipping: [localhost]

TASK [/stigforge/roles/ol10_stig : Declare found syscalls] *********************
skipping: [localhost]

TASK [/stigforge/roles/ol10_stig : Declare missing syscalls] *******************
skipping: [localhost]

TASK [/stigforge/roles/ol10_stig : Replace the audit rule in {{ audit_file }}] ***
skipping: [localhost]

TASK [/stigforge/roles/ol10_stig : Add the audit rule to {{ audit_file }}] *****
skipping: [localhost]

TASK [/stigforge/roles/ol10_stig : Set architecture for audit openat tasks] ****
skipping: [localhost]

TASK [/stigforge/roles/ol10_stig : Declare list of syscalls] *******************
skipping: [localhost]

TASK [/stigforge/roles/ol10_stig : Check existence of openat in /etc/audit/rules.d/] ***
skipping: [localhost]

TASK [/stigforge/roles/ol10_stig : Reset syscalls found per file] **************
skipping: [localhost]

TASK [/stigforge/roles/ol10_stig : Declare syscalls found per file] ************
skipping: [localhost]

TASK [/stigforge/roles/ol10_stig : Declare files where syscalls were found] ****
skipping: [localhost]

TASK [/stigforge/roles/ol10_stig : Count occurrences of syscalls in paths] *****
skipping: [localhost]

TASK [/stigforge/roles/ol10_stig : Get path with most syscalls] ****************
skipping: [localhost]

TASK [/stigforge/roles/ol10_stig : No file with syscall found, set path to /etc/audit/rules.d/access.rules] ***
skipping: [localhost]

TASK [/stigforge/roles/ol10_stig : Declare found syscalls] *********************
skipping: [localhost]

TASK [/stigforge/roles/ol10_stig : Declare missing syscalls] *******************
skipping: [localhost]

TASK [/stigforge/roles/ol10_stig : Replace the audit rule in {{ audit_file }}] ***
skipping: [localhost]

TASK [/stigforge/roles/ol10_stig : Add the audit rule to {{ audit_file }}] *****
skipping: [localhost]

TASK [/stigforge/roles/ol10_stig : Declare list of syscalls] *******************
skipping: [localhost]

TASK [/stigforge/roles/ol10_stig : Check existence of openat in /etc/audit/audit.rules] ***
skipping: [localhost]

TASK [/stigforge/roles/ol10_stig : Set path to /etc/audit/audit.rules] *********
skipping: [localhost]

TASK [/stigforge/roles/ol10_stig : Declare found syscalls] *********************
skipping: [localhost]

TASK [/stigforge/roles/ol10_stig : Declare missing syscalls] *******************
skipping: [localhost]

TASK [/stigforge/roles/ol10_stig : Replace the audit rule in {{ audit_file }}] ***
skipping: [localhost]

TASK [/stigforge/roles/ol10_stig : Add the audit rule to {{ audit_file }}] *****
skipping: [localhost]

TASK [/stigforge/roles/ol10_stig : Declare list of syscalls] *******************
skipping: [localhost]

TASK [/stigforge/roles/ol10_stig : Check existence of openat in /etc/audit/rules.d/] ***
skipping: [localhost]

TASK [/stigforge/roles/ol10_stig : Reset syscalls found per file] **************
skipping: [localhost]

TASK [/stigforge/roles/ol10_stig : Declare syscalls found per file] ************
skipping: [localhost]

TASK [/stigforge/roles/ol10_stig : Declare files where syscalls were found] ****
skipping: [localhost]

TASK [/stigforge/roles/ol10_stig : Count occurrences of syscalls in paths] *****
skipping: [localhost]

TASK [/stigforge/roles/ol10_stig : Get path with most syscalls] ****************
skipping: [localhost]

TASK [/stigforge/roles/ol10_stig : No file with syscall found, set path to /etc/audit/rules.d/access.rules] ***
skipping: [localhost]

TASK [/stigforge/roles/ol10_stig : Declare found syscalls] *********************
skipping: [localhost]

TASK [/stigforge/roles/ol10_stig : Declare missing syscalls] *******************
skipping: [localhost]

TASK [/stigforge/roles/ol10_stig : Replace the audit rule in {{ audit_file }}] ***
skipping: [localhost]

TASK [/stigforge/roles/ol10_stig : Add the audit rule to {{ audit_file }}] *****
skipping: [localhost]

TASK [/stigforge/roles/ol10_stig : Declare list of syscalls] *******************
skipping: [localhost]

TASK [/stigforge/roles/ol10_stig : Check existence of openat in /etc/audit/audit.rules] ***
skipping: [localhost]

TASK [/stigforge/roles/ol10_stig : Set path to /etc/audit/audit.rules] *********
skipping: [localhost]

TASK [/stigforge/roles/ol10_stig : Declare found syscalls] *********************
skipping: [localhost]

TASK [/stigforge/roles/ol10_stig : Declare missing syscalls] *******************
skipping: [localhost]

TASK [/stigforge/roles/ol10_stig : Replace the audit rule in {{ audit_file }}] ***
skipping: [localhost]

TASK [/stigforge/roles/ol10_stig : Add the audit rule to {{ audit_file }}] *****
skipping: [localhost]

TASK [/stigforge/roles/ol10_stig : Declare list of syscalls] *******************
skipping: [localhost]

TASK [/stigforge/roles/ol10_stig : Check existence of openat in /etc/audit/rules.d/] ***
skipping: [localhost]

TASK [/stigforge/roles/ol10_stig : Reset syscalls found per file] **************
skipping: [localhost]

TASK [/stigforge/roles/ol10_stig : Declare syscalls found per file] ************
skipping: [localhost]

TASK [/stigforge/roles/ol10_stig : Declare files where syscalls were found] ****
skipping: [localhost]

TASK [/stigforge/roles/ol10_stig : Count occurrences of syscalls in paths] *****
skipping: [localhost]

TASK [/stigforge/roles/ol10_stig : Get path with most syscalls] ****************
skipping: [localhost]

TASK [/stigforge/roles/ol10_stig : No file with syscall found, set path to /etc/audit/rules.d/access.rules] ***
skipping: [localhost]

TASK [/stigforge/roles/ol10_stig : Declare found syscalls] *********************
skipping: [localhost]

TASK [/stigforge/roles/ol10_stig : Declare missing syscalls] *******************
skipping: [localhost]

TASK [/stigforge/roles/ol10_stig : Replace the audit rule in {{ audit_file }}] ***
skipping: [localhost]

TASK [/stigforge/roles/ol10_stig : Add the audit rule to {{ audit_file }}] *****
skipping: [localhost]

TASK [/stigforge/roles/ol10_stig : Declare list of syscalls] *******************
skipping: [localhost]

TASK [/stigforge/roles/ol10_stig : Check existence of openat in /etc/audit/audit.rules] ***
skipping: [localhost]

TASK [/stigforge/roles/ol10_stig : Set path to /etc/audit/audit.rules] *********
skipping: [localhost]

TASK [/stigforge/roles/ol10_stig : Declare found syscalls] *********************
skipping: [localhost]

TASK [/stigforge/roles/ol10_stig : Declare missing syscalls] *******************
skipping: [localhost]

TASK [/stigforge/roles/ol10_stig : Replace the audit rule in {{ audit_file }}] ***
skipping: [localhost]

TASK [/stigforge/roles/ol10_stig : Add the audit rule to {{ audit_file }}] *****
skipping: [localhost]

TASK [/stigforge/roles/ol10_stig : Declare list of syscalls] *******************
skipping: [localhost]

TASK [/stigforge/roles/ol10_stig : Check existence of openat in /etc/audit/rules.d/] ***
skipping: [localhost]

TASK [/stigforge/roles/ol10_stig : Reset syscalls found per file] **************
skipping: [localhost]

TASK [/stigforge/roles/ol10_stig : Declare syscalls found per file] ************
skipping: [localhost]

TASK [/stigforge/roles/ol10_stig : Declare files where syscalls were found] ****
skipping: [localhost]

TASK [/stigforge/roles/ol10_stig : Count occurrences of syscalls in paths] *****
skipping: [localhost]

TASK [/stigforge/roles/ol10_stig : Get path with most syscalls] ****************
skipping: [localhost]

TASK [/stigforge/roles/ol10_stig : No file with syscall found, set path to /etc/audit/rules.d/access.rules] ***
skipping: [localhost]

TASK [/stigforge/roles/ol10_stig : Declare found syscalls] *********************
skipping: [localhost]

TASK [/stigforge/roles/ol10_stig : Declare missing syscalls] *******************
skipping: [localhost]

TASK [/stigforge/roles/ol10_stig : Replace the audit rule in {{ audit_file }}] ***
skipping: [localhost]

TASK [/stigforge/roles/ol10_stig : Add the audit rule to {{ audit_file }}] *****
skipping: [localhost]

TASK [/stigforge/roles/ol10_stig : Declare list of syscalls] *******************
skipping: [localhost]

TASK [/stigforge/roles/ol10_stig : Check existence of openat in /etc/audit/audit.rules] ***
skipping: [localhost]

TASK [/stigforge/roles/ol10_stig : Set path to /etc/audit/audit.rules] *********
skipping: [localhost]

TASK [/stigforge/roles/ol10_stig : Declare found syscalls] *********************
skipping: [localhost]

TASK [/stigforge/roles/ol10_stig : Declare missing syscalls] *******************
skipping: [localhost]

TASK [/stigforge/roles/ol10_stig : Replace the audit rule in {{ audit_file }}] ***
skipping: [localhost]

TASK [/stigforge/roles/ol10_stig : Add the audit rule to {{ audit_file }}] *****
skipping: [localhost]

TASK [/stigforge/roles/ol10_stig : Set architecture for audit rename tasks] ****
skipping: [localhost]

TASK [/stigforge/roles/ol10_stig : Declare list of syscalls] *******************
skipping: [localhost]

TASK [/stigforge/roles/ol10_stig : Check existence of rename in /etc/audit/rules.d/] ***
skipping: [localhost]

TASK [/stigforge/roles/ol10_stig : Reset syscalls found per file] **************
skipping: [localhost]

TASK [/stigforge/roles/ol10_stig : Declare syscalls found per file] ************
skipping: [localhost]

TASK [/stigforge/roles/ol10_stig : Declare files where syscalls were found] ****
skipping: [localhost]

TASK [/stigforge/roles/ol10_stig : Count occurrences of syscalls in paths] *****
skipping: [localhost]

TASK [/stigforge/roles/ol10_stig : Get path with most syscalls] ****************
skipping: [localhost]

TASK [/stigforge/roles/ol10_stig : No file with syscall found, set path to /etc/audit/rules.d/access.rules] ***
skipping: [localhost]

TASK [/stigforge/roles/ol10_stig : Declare found syscalls] *********************
skipping: [localhost]

TASK [/stigforge/roles/ol10_stig : Declare missing syscalls] *******************
skipping: [localhost]

TASK [/stigforge/roles/ol10_stig : Replace the audit rule in {{ audit_file }}] ***
skipping: [localhost]

TASK [/stigforge/roles/ol10_stig : Add the audit rule to {{ audit_file }}] *****
skipping: [localhost]

TASK [/stigforge/roles/ol10_stig : Declare list of syscalls] *******************
skipping: [localhost]

TASK [/stigforge/roles/ol10_stig : Check existence of rename in /etc/audit/audit.rules] ***
skipping: [localhost]

TASK [/stigforge/roles/ol10_stig : Set path to /etc/audit/audit.rules] *********
skipping: [localhost]

TASK [/stigforge/roles/ol10_stig : Declare found syscalls] *********************
skipping: [localhost]

TASK [/stigforge/roles/ol10_stig : Declare missing syscalls] *******************
skipping: [localhost]

TASK [/stigforge/roles/ol10_stig : Replace the audit rule in {{ audit_file }}] ***
skipping: [localhost]

TASK [/stigforge/roles/ol10_stig : Add the audit rule to {{ audit_file }}] *****
skipping: [localhost]

TASK [/stigforge/roles/ol10_stig : Declare list of syscalls] *******************
skipping: [localhost]

TASK [/stigforge/roles/ol10_stig : Check existence of rename in /etc/audit/rules.d/] ***
skipping: [localhost]

TASK [/stigforge/roles/ol10_stig : Reset syscalls found per file] **************
skipping: [localhost]

TASK [/stigforge/roles/ol10_stig : Declare syscalls found per file] ************
skipping: [localhost]

TASK [/stigforge/roles/ol10_stig : Declare files where syscalls were found] ****
skipping: [localhost]

TASK [/stigforge/roles/ol10_stig : Count occurrences of syscalls in paths] *****
skipping: [localhost]

TASK [/stigforge/roles/ol10_stig : Get path with most syscalls] ****************
skipping: [localhost]

TASK [/stigforge/roles/ol10_stig : No file with syscall found, set path to /etc/audit/rules.d/access.rules] ***
skipping: [localhost]

TASK [/stigforge/roles/ol10_stig : Declare found syscalls] *********************
skipping: [localhost]

TASK [/stigforge/roles/ol10_stig : Declare missing syscalls] *******************
skipping: [localhost]

TASK [/stigforge/roles/ol10_stig : Replace the audit rule in {{ audit_file }}] ***
skipping: [localhost]

TASK [/stigforge/roles/ol10_stig : Add the audit rule to {{ audit_file }}] *****
skipping: [localhost]

TASK [/stigforge/roles/ol10_stig : Declare list of syscalls] *******************
skipping: [localhost]

TASK [/stigforge/roles/ol10_stig : Check existence of rename in /etc/audit/audit.rules] ***
skipping: [localhost]

TASK [/stigforge/roles/ol10_stig : Set path to /etc/audit/audit.rules] *********
skipping: [localhost]

TASK [/stigforge/roles/ol10_stig : Declare found syscalls] *********************
skipping: [localhost]

TASK [/stigforge/roles/ol10_stig : Declare missing syscalls] *******************
skipping: [localhost]

TASK [/stigforge/roles/ol10_stig : Replace the audit rule in {{ audit_file }}] ***
skipping: [localhost]

TASK [/stigforge/roles/ol10_stig : Add the audit rule to {{ audit_file }}] *****
skipping: [localhost]

TASK [/stigforge/roles/ol10_stig : Declare list of syscalls] *******************
skipping: [localhost]

TASK [/stigforge/roles/ol10_stig : Check existence of rename in /etc/audit/rules.d/] ***
skipping: [localhost]

TASK [/stigforge/roles/ol10_stig : Reset syscalls found per file] **************
skipping: [localhost]

TASK [/stigforge/roles/ol10_stig : Declare syscalls found per file] ************
skipping: [localhost]

TASK [/stigforge/roles/ol10_stig : Declare files where syscalls were found] ****
skipping: [localhost]

TASK [/stigforge/roles/ol10_stig : Count occurrences of syscalls in paths] *****
skipping: [localhost]

TASK [/stigforge/roles/ol10_stig : Get path with most syscalls] ****************
skipping: [localhost]

TASK [/stigforge/roles/ol10_stig : No file with syscall found, set path to /etc/audit/rules.d/access.rules] ***
skipping: [localhost]

TASK [/stigforge/roles/ol10_stig : Declare found syscalls] *********************
skipping: [localhost]

TASK [/stigforge/roles/ol10_stig : Declare missing syscalls] *******************
skipping: [localhost]

TASK [/stigforge/roles/ol10_stig : Replace the audit rule in {{ audit_file }}] ***
skipping: [localhost]

TASK [/stigforge/roles/ol10_stig : Add the audit rule to {{ audit_file }}] *****
skipping: [localhost]

TASK [/stigforge/roles/ol10_stig : Declare list of syscalls] *******************
skipping: [localhost]

TASK [/stigforge/roles/ol10_stig : Check existence of rename in /etc/audit/audit.rules] ***
skipping: [localhost]

TASK [/stigforge/roles/ol10_stig : Set path to /etc/audit/audit.rules] *********
skipping: [localhost]

TASK [/stigforge/roles/ol10_stig : Declare found syscalls] *********************
skipping: [localhost]

TASK [/stigforge/roles/ol10_stig : Declare missing syscalls] *******************
skipping: [localhost]

TASK [/stigforge/roles/ol10_stig : Replace the audit rule in {{ audit_file }}] ***
skipping: [localhost]

TASK [/stigforge/roles/ol10_stig : Add the audit rule to {{ audit_file }}] *****
skipping: [localhost]

TASK [/stigforge/roles/ol10_stig : Declare list of syscalls] *******************
skipping: [localhost]

TASK [/stigforge/roles/ol10_stig : Check existence of rename in /etc/audit/rules.d/] ***
skipping: [localhost]

TASK [/stigforge/roles/ol10_stig : Reset syscalls found per file] **************
skipping: [localhost]

TASK [/stigforge/roles/ol10_stig : Declare syscalls found per file] ************
skipping: [localhost]

TASK [/stigforge/roles/ol10_stig : Declare files where syscalls were found] ****
skipping: [localhost]

TASK [/stigforge/roles/ol10_stig : Count occurrences of syscalls in paths] *****
skipping: [localhost]

TASK [/stigforge/roles/ol10_stig : Get path with most syscalls] ****************
skipping: [localhost]

TASK [/stigforge/roles/ol10_stig : No file with syscall found, set path to /etc/audit/rules.d/access.rules] ***
skipping: [localhost]

TASK [/stigforge/roles/ol10_stig : Declare found syscalls] *********************
skipping: [localhost]

TASK [/stigforge/roles/ol10_stig : Declare missing syscalls] *******************
skipping: [localhost]

TASK [/stigforge/roles/ol10_stig : Replace the audit rule in {{ audit_file }}] ***
skipping: [localhost]

TASK [/stigforge/roles/ol10_stig : Add the audit rule to {{ audit_file }}] *****
skipping: [localhost]

TASK [/stigforge/roles/ol10_stig : Declare list of syscalls] *******************
skipping: [localhost]

TASK [/stigforge/roles/ol10_stig : Check existence of rename in /etc/audit/audit.rules] ***
skipping: [localhost]

TASK [/stigforge/roles/ol10_stig : Set path to /etc/audit/audit.rules] *********
skipping: [localhost]

TASK [/stigforge/roles/ol10_stig : Declare found syscalls] *********************
skipping: [localhost]

TASK [/stigforge/roles/ol10_stig : Declare missing syscalls] *******************
skipping: [localhost]

TASK [/stigforge/roles/ol10_stig : Replace the audit rule in {{ audit_file }}] ***
skipping: [localhost]

TASK [/stigforge/roles/ol10_stig : Add the audit rule to {{ audit_file }}] *****
skipping: [localhost]

TASK [/stigforge/roles/ol10_stig : Set architecture for audit renameat tasks] ***
skipping: [localhost]

TASK [/stigforge/roles/ol10_stig : Declare list of syscalls] *******************
skipping: [localhost]

TASK [/stigforge/roles/ol10_stig : Check existence of renameat in /etc/audit/rules.d/] ***
skipping: [localhost]

TASK [/stigforge/roles/ol10_stig : Reset syscalls found per file] **************
skipping: [localhost]

TASK [/stigforge/roles/ol10_stig : Declare syscalls found per file] ************
skipping: [localhost]

TASK [/stigforge/roles/ol10_stig : Declare files where syscalls were found] ****
skipping: [localhost]

TASK [/stigforge/roles/ol10_stig : Count occurrences of syscalls in paths] *****
skipping: [localhost]

TASK [/stigforge/roles/ol10_stig : Get path with most syscalls] ****************
skipping: [localhost]

TASK [/stigforge/roles/ol10_stig : No file with syscall found, set path to /etc/audit/rules.d/access.rules] ***
skipping: [localhost]

TASK [/stigforge/roles/ol10_stig : Declare found syscalls] *********************
skipping: [localhost]

TASK [/stigforge/roles/ol10_stig : Declare missing syscalls] *******************
skipping: [localhost]

TASK [/stigforge/roles/ol10_stig : Replace the audit rule in {{ audit_file }}] ***
skipping: [localhost]

TASK [/stigforge/roles/ol10_stig : Add the audit rule to {{ audit_file }}] *****
skipping: [localhost]

TASK [/stigforge/roles/ol10_stig : Declare list of syscalls] *******************
skipping: [localhost]

TASK [/stigforge/roles/ol10_stig : Check existence of renameat in /etc/audit/audit.rules] ***
skipping: [localhost]

TASK [/stigforge/roles/ol10_stig : Set path to /etc/audit/audit.rules] *********
skipping: [localhost]

TASK [/stigforge/roles/ol10_stig : Declare found syscalls] *********************
skipping: [localhost]

TASK [/stigforge/roles/ol10_stig : Declare missing syscalls] *******************
skipping: [localhost]

TASK [/stigforge/roles/ol10_stig : Replace the audit rule in {{ audit_file }}] ***
skipping: [localhost]

TASK [/stigforge/roles/ol10_stig : Add the audit rule to {{ audit_file }}] *****
skipping: [localhost]

TASK [/stigforge/roles/ol10_stig : Declare list of syscalls] *******************
skipping: [localhost]

TASK [/stigforge/roles/ol10_stig : Check existence of renameat in /etc/audit/rules.d/] ***
skipping: [localhost]

TASK [/stigforge/roles/ol10_stig : Reset syscalls found per file] **************
skipping: [localhost]

TASK [/stigforge/roles/ol10_stig : Declare syscalls found per file] ************
skipping: [localhost]

TASK [/stigforge/roles/ol10_stig : Declare files where syscalls were found] ****
skipping: [localhost]

TASK [/stigforge/roles/ol10_stig : Count occurrences of syscalls in paths] *****
skipping: [localhost]

TASK [/stigforge/roles/ol10_stig : Get path with most syscalls] ****************
skipping: [localhost]

TASK [/stigforge/roles/ol10_stig : No file with syscall found, set path to /etc/audit/rules.d/access.rules] ***
skipping: [localhost]

TASK [/stigforge/roles/ol10_stig : Declare found syscalls] *********************
skipping: [localhost]

TASK [/stigforge/roles/ol10_stig : Declare missing syscalls] *******************
skipping: [localhost]

TASK [/stigforge/roles/ol10_stig : Replace the audit rule in {{ audit_file }}] ***
skipping: [localhost]

TASK [/stigforge/roles/ol10_stig : Add the audit rule to {{ audit_file }}] *****
skipping: [localhost]

TASK [/stigforge/roles/ol10_stig : Declare list of syscalls] *******************
skipping: [localhost]

TASK [/stigforge/roles/ol10_stig : Check existence of renameat in /etc/audit/audit.rules] ***
skipping: [localhost]

TASK [/stigforge/roles/ol10_stig : Set path to /etc/audit/audit.rules] *********
skipping: [localhost]

TASK [/stigforge/roles/ol10_stig : Declare found syscalls] *********************
skipping: [localhost]

TASK [/stigforge/roles/ol10_stig : Declare missing syscalls] *******************
skipping: [localhost]

TASK [/stigforge/roles/ol10_stig : Replace the audit rule in {{ audit_file }}] ***
skipping: [localhost]

TASK [/stigforge/roles/ol10_stig : Add the audit rule to {{ audit_file }}] *****
skipping: [localhost]

TASK [/stigforge/roles/ol10_stig : Declare list of syscalls] *******************
skipping: [localhost]

TASK [/stigforge/roles/ol10_stig : Check existence of renameat in /etc/audit/rules.d/] ***
skipping: [localhost]

TASK [/stigforge/roles/ol10_stig : Reset syscalls found per file] **************
skipping: [localhost]

TASK [/stigforge/roles/ol10_stig : Declare syscalls found per file] ************
skipping: [localhost]

TASK [/stigforge/roles/ol10_stig : Declare files where syscalls were found] ****
skipping: [localhost]

TASK [/stigforge/roles/ol10_stig : Count occurrences of syscalls in paths] *****
skipping: [localhost]

TASK [/stigforge/roles/ol10_stig : Get path with most syscalls] ****************
skipping: [localhost]

TASK [/stigforge/roles/ol10_stig : No file with syscall found, set path to /etc/audit/rules.d/access.rules] ***
skipping: [localhost]

TASK [/stigforge/roles/ol10_stig : Declare found syscalls] *********************
skipping: [localhost]

TASK [/stigforge/roles/ol10_stig : Declare missing syscalls] *******************
skipping: [localhost]

TASK [/stigforge/roles/ol10_stig : Replace the audit rule in {{ audit_file }}] ***
skipping: [localhost]

TASK [/stigforge/roles/ol10_stig : Add the audit rule to {{ audit_file }}] *****
skipping: [localhost]

TASK [/stigforge/roles/ol10_stig : Declare list of syscalls] *******************
skipping: [localhost]

TASK [/stigforge/roles/ol10_stig : Check existence of renameat in /etc/audit/audit.rules] ***
skipping: [localhost]

TASK [/stigforge/roles/ol10_stig : Set path to /etc/audit/audit.rules] *********
skipping: [localhost]

TASK [/stigforge/roles/ol10_stig : Declare found syscalls] *********************
skipping: [localhost]

TASK [/stigforge/roles/ol10_stig : Declare missing syscalls] *******************
skipping: [localhost]

TASK [/stigforge/roles/ol10_stig : Replace the audit rule in {{ audit_file }}] ***
skipping: [localhost]

TASK [/stigforge/roles/ol10_stig : Add the audit rule to {{ audit_file }}] *****
skipping: [localhost]

TASK [/stigforge/roles/ol10_stig : Declare list of syscalls] *******************
skipping: [localhost]

TASK [/stigforge/roles/ol10_stig : Check existence of renameat in /etc/audit/rules.d/] ***
skipping: [localhost]

TASK [/stigforge/roles/ol10_stig : Reset syscalls found per file] **************
skipping: [localhost]

TASK [/stigforge/roles/ol10_stig : Declare syscalls found per file] ************
skipping: [localhost]

TASK [/stigforge/roles/ol10_stig : Declare files where syscalls were found] ****
skipping: [localhost]

TASK [/stigforge/roles/ol10_stig : Count occurrences of syscalls in paths] *****
skipping: [localhost]

TASK [/stigforge/roles/ol10_stig : Get path with most syscalls] ****************
skipping: [localhost]

TASK [/stigforge/roles/ol10_stig : No file with syscall found, set path to /etc/audit/rules.d/access.rules] ***
skipping: [localhost]

TASK [/stigforge/roles/ol10_stig : Declare found syscalls] *********************
skipping: [localhost]

TASK [/stigforge/roles/ol10_stig : Declare missing syscalls] *******************
skipping: [localhost]

TASK [/stigforge/roles/ol10_stig : Replace the audit rule in {{ audit_file }}] ***
skipping: [localhost]

TASK [/stigforge/roles/ol10_stig : Add the audit rule to {{ audit_file }}] *****
skipping: [localhost]

TASK [/stigforge/roles/ol10_stig : Declare list of syscalls] *******************
skipping: [localhost]

TASK [/stigforge/roles/ol10_stig : Check existence of renameat in /etc/audit/audit.rules] ***
skipping: [localhost]

TASK [/stigforge/roles/ol10_stig : Set path to /etc/audit/audit.rules] *********
skipping: [localhost]

TASK [/stigforge/roles/ol10_stig : Declare found syscalls] *********************
skipping: [localhost]

TASK [/stigforge/roles/ol10_stig : Declare missing syscalls] *******************
skipping: [localhost]

TASK [/stigforge/roles/ol10_stig : Replace the audit rule in {{ audit_file }}] ***
skipping: [localhost]

TASK [/stigforge/roles/ol10_stig : Add the audit rule to {{ audit_file }}] *****
skipping: [localhost]

TASK [/stigforge/roles/ol10_stig : Set architecture for audit truncate tasks] ***
skipping: [localhost]

TASK [/stigforge/roles/ol10_stig : Declare list of syscalls] *******************
skipping: [localhost]

TASK [/stigforge/roles/ol10_stig : Check existence of truncate in /etc/audit/rules.d/] ***
skipping: [localhost]

TASK [/stigforge/roles/ol10_stig : Reset syscalls found per file] **************
skipping: [localhost]

TASK [/stigforge/roles/ol10_stig : Declare syscalls found per file] ************
skipping: [localhost]

TASK [/stigforge/roles/ol10_stig : Declare files where syscalls were found] ****
skipping: [localhost]

TASK [/stigforge/roles/ol10_stig : Count occurrences of syscalls in paths] *****
skipping: [localhost]

TASK [/stigforge/roles/ol10_stig : Get path with most syscalls] ****************
skipping: [localhost]

TASK [/stigforge/roles/ol10_stig : No file with syscall found, set path to /etc/audit/rules.d/access.rules] ***
skipping: [localhost]

TASK [/stigforge/roles/ol10_stig : Declare found syscalls] *********************
skipping: [localhost]

TASK [/stigforge/roles/ol10_stig : Declare missing syscalls] *******************
skipping: [localhost]

TASK [/stigforge/roles/ol10_stig : Replace the audit rule in {{ audit_file }}] ***
skipping: [localhost]

TASK [/stigforge/roles/ol10_stig : Add the audit rule to {{ audit_file }}] *****
skipping: [localhost]

TASK [/stigforge/roles/ol10_stig : Declare list of syscalls] *******************
skipping: [localhost]

TASK [/stigforge/roles/ol10_stig : Check existence of truncate in /etc/audit/audit.rules] ***
skipping: [localhost]

TASK [/stigforge/roles/ol10_stig : Set path to /etc/audit/audit.rules] *********
skipping: [localhost]

TASK [/stigforge/roles/ol10_stig : Declare found syscalls] *********************
skipping: [localhost]

TASK [/stigforge/roles/ol10_stig : Declare missing syscalls] *******************
skipping: [localhost]

TASK [/stigforge/roles/ol10_stig : Replace the audit rule in {{ audit_file }}] ***
skipping: [localhost]

TASK [/stigforge/roles/ol10_stig : Add the audit rule to {{ audit_file }}] *****
skipping: [localhost]

TASK [/stigforge/roles/ol10_stig : Declare list of syscalls] *******************
skipping: [localhost]

TASK [/stigforge/roles/ol10_stig : Check existence of truncate in /etc/audit/rules.d/] ***
skipping: [localhost]

TASK [/stigforge/roles/ol10_stig : Reset syscalls found per file] **************
skipping: [localhost]

TASK [/stigforge/roles/ol10_stig : Declare syscalls found per file] ************
skipping: [localhost]

TASK [/stigforge/roles/ol10_stig : Declare files where syscalls were found] ****
skipping: [localhost]

TASK [/stigforge/roles/ol10_stig : Count occurrences of syscalls in paths] *****
skipping: [localhost]

TASK [/stigforge/roles/ol10_stig : Get path with most syscalls] ****************
skipping: [localhost]

TASK [/stigforge/roles/ol10_stig : No file with syscall found, set path to /etc/audit/rules.d/access.rules] ***
skipping: [localhost]

TASK [/stigforge/roles/ol10_stig : Declare found syscalls] *********************
skipping: [localhost]

TASK [/stigforge/roles/ol10_stig : Declare missing syscalls] *******************
skipping: [localhost]

TASK [/stigforge/roles/ol10_stig : Replace the audit rule in {{ audit_file }}] ***
skipping: [localhost]

TASK [/stigforge/roles/ol10_stig : Add the audit rule to {{ audit_file }}] *****
skipping: [localhost]

TASK [/stigforge/roles/ol10_stig : Declare list of syscalls] *******************
skipping: [localhost]

TASK [/stigforge/roles/ol10_stig : Check existence of truncate in /etc/audit/audit.rules] ***
skipping: [localhost]

TASK [/stigforge/roles/ol10_stig : Set path to /etc/audit/audit.rules] *********
skipping: [localhost]

TASK [/stigforge/roles/ol10_stig : Declare found syscalls] *********************
skipping: [localhost]

TASK [/stigforge/roles/ol10_stig : Declare missing syscalls] *******************
skipping: [localhost]

TASK [/stigforge/roles/ol10_stig : Replace the audit rule in {{ audit_file }}] ***
skipping: [localhost]

TASK [/stigforge/roles/ol10_stig : Add the audit rule to {{ audit_file }}] *****
skipping: [localhost]

TASK [/stigforge/roles/ol10_stig : Declare list of syscalls] *******************
skipping: [localhost]

TASK [/stigforge/roles/ol10_stig : Check existence of truncate in /etc/audit/rules.d/] ***
skipping: [localhost]

TASK [/stigforge/roles/ol10_stig : Reset syscalls found per file] **************
skipping: [localhost]

TASK [/stigforge/roles/ol10_stig : Declare syscalls found per file] ************
skipping: [localhost]

TASK [/stigforge/roles/ol10_stig : Declare files where syscalls were found] ****
skipping: [localhost]

TASK [/stigforge/roles/ol10_stig : Count occurrences of syscalls in paths] *****
skipping: [localhost]

TASK [/stigforge/roles/ol10_stig : Get path with most syscalls] ****************
skipping: [localhost]

TASK [/stigforge/roles/ol10_stig : No file with syscall found, set path to /etc/audit/rules.d/access.rules] ***
skipping: [localhost]

TASK [/stigforge/roles/ol10_stig : Declare found syscalls] *********************
skipping: [localhost]

TASK [/stigforge/roles/ol10_stig : Declare missing syscalls] *******************
skipping: [localhost]

TASK [/stigforge/roles/ol10_stig : Replace the audit rule in {{ audit_file }}] ***
skipping: [localhost]

TASK [/stigforge/roles/ol10_stig : Add the audit rule to {{ audit_file }}] *****
skipping: [localhost]

TASK [/stigforge/roles/ol10_stig : Declare list of syscalls] *******************
skipping: [localhost]

TASK [/stigforge/roles/ol10_stig : Check existence of truncate in /etc/audit/audit.rules] ***
skipping: [localhost]

TASK [/stigforge/roles/ol10_stig : Set path to /etc/audit/audit.rules] *********
skipping: [localhost]

TASK [/stigforge/roles/ol10_stig : Declare found syscalls] *********************
skipping: [localhost]

TASK [/stigforge/roles/ol10_stig : Declare missing syscalls] *******************
skipping: [localhost]

TASK [/stigforge/roles/ol10_stig : Replace the audit rule in {{ audit_file }}] ***
skipping: [localhost]

TASK [/stigforge/roles/ol10_stig : Add the audit rule to {{ audit_file }}] *****
skipping: [localhost]

TASK [/stigforge/roles/ol10_stig : Declare list of syscalls] *******************
skipping: [localhost]

TASK [/stigforge/roles/ol10_stig : Check existence of truncate in /etc/audit/rules.d/] ***
skipping: [localhost]

TASK [/stigforge/roles/ol10_stig : Reset syscalls found per file] **************
skipping: [localhost]

TASK [/stigforge/roles/ol10_stig : Declare syscalls found per file] ************
skipping: [localhost]

TASK [/stigforge/roles/ol10_stig : Declare files where syscalls were found] ****
skipping: [localhost]

TASK [/stigforge/roles/ol10_stig : Count occurrences of syscalls in paths] *****
skipping: [localhost]

TASK [/stigforge/roles/ol10_stig : Get path with most syscalls] ****************
skipping: [localhost]

TASK [/stigforge/roles/ol10_stig : No file with syscall found, set path to /etc/audit/rules.d/access.rules] ***
skipping: [localhost]

TASK [/stigforge/roles/ol10_stig : Declare found syscalls] *********************
skipping: [localhost]

TASK [/stigforge/roles/ol10_stig : Declare missing syscalls] *******************
skipping: [localhost]

TASK [/stigforge/roles/ol10_stig : Replace the audit rule in {{ audit_file }}] ***
skipping: [localhost]

TASK [/stigforge/roles/ol10_stig : Add the audit rule to {{ audit_file }}] *****
skipping: [localhost]

TASK [/stigforge/roles/ol10_stig : Declare list of syscalls] *******************
skipping: [localhost]

TASK [/stigforge/roles/ol10_stig : Check existence of truncate in /etc/audit/audit.rules] ***
skipping: [localhost]

TASK [/stigforge/roles/ol10_stig : Set path to /etc/audit/audit.rules] *********
skipping: [localhost]

TASK [/stigforge/roles/ol10_stig : Declare found syscalls] *********************
skipping: [localhost]

TASK [/stigforge/roles/ol10_stig : Declare missing syscalls] *******************
skipping: [localhost]

TASK [/stigforge/roles/ol10_stig : Replace the audit rule in {{ audit_file }}] ***
skipping: [localhost]

TASK [/stigforge/roles/ol10_stig : Add the audit rule to {{ audit_file }}] *****
skipping: [localhost]

TASK [/stigforge/roles/ol10_stig : Set architecture for audit unlink tasks] ****
skipping: [localhost]

TASK [/stigforge/roles/ol10_stig : Declare list of syscalls] *******************
skipping: [localhost]

TASK [/stigforge/roles/ol10_stig : Check existence of unlink in /etc/audit/rules.d/] ***
skipping: [localhost]

TASK [/stigforge/roles/ol10_stig : Reset syscalls found per file] **************
skipping: [localhost]

TASK [/stigforge/roles/ol10_stig : Declare syscalls found per file] ************
skipping: [localhost]

TASK [/stigforge/roles/ol10_stig : Declare files where syscalls were found] ****
skipping: [localhost]

TASK [/stigforge/roles/ol10_stig : Count occurrences of syscalls in paths] *****
skipping: [localhost]

TASK [/stigforge/roles/ol10_stig : Get path with most syscalls] ****************
skipping: [localhost]

TASK [/stigforge/roles/ol10_stig : No file with syscall found, set path to /etc/audit/rules.d/access.rules] ***
skipping: [localhost]

TASK [/stigforge/roles/ol10_stig : Declare found syscalls] *********************
skipping: [localhost]

TASK [/stigforge/roles/ol10_stig : Declare missing syscalls] *******************
skipping: [localhost]

TASK [/stigforge/roles/ol10_stig : Replace the audit rule in {{ audit_file }}] ***
skipping: [localhost]

TASK [/stigforge/roles/ol10_stig : Add the audit rule to {{ audit_file }}] *****
skipping: [localhost]

TASK [/stigforge/roles/ol10_stig : Declare list of syscalls] *******************
skipping: [localhost]

TASK [/stigforge/roles/ol10_stig : Check existence of unlink in /etc/audit/audit.rules] ***
skipping: [localhost]

TASK [/stigforge/roles/ol10_stig : Set path to /etc/audit/audit.rules] *********
skipping: [localhost]

TASK [/stigforge/roles/ol10_stig : Declare found syscalls] *********************
skipping: [localhost]

TASK [/stigforge/roles/ol10_stig : Declare missing syscalls] *******************
skipping: [localhost]

TASK [/stigforge/roles/ol10_stig : Replace the audit rule in {{ audit_file }}] ***
skipping: [localhost]

TASK [/stigforge/roles/ol10_stig : Add the audit rule to {{ audit_file }}] *****
skipping: [localhost]

TASK [/stigforge/roles/ol10_stig : Declare list of syscalls] *******************
skipping: [localhost]

TASK [/stigforge/roles/ol10_stig : Check existence of unlink in /etc/audit/rules.d/] ***
skipping: [localhost]

TASK [/stigforge/roles/ol10_stig : Reset syscalls found per file] **************
skipping: [localhost]

TASK [/stigforge/roles/ol10_stig : Declare syscalls found per file] ************
skipping: [localhost]

TASK [/stigforge/roles/ol10_stig : Declare files where syscalls were found] ****
skipping: [localhost]

TASK [/stigforge/roles/ol10_stig : Count occurrences of syscalls in paths] *****
skipping: [localhost]

TASK [/stigforge/roles/ol10_stig : Get path with most syscalls] ****************
skipping: [localhost]

TASK [/stigforge/roles/ol10_stig : No file with syscall found, set path to /etc/audit/rules.d/access.rules] ***
skipping: [localhost]

TASK [/stigforge/roles/ol10_stig : Declare found syscalls] *********************
skipping: [localhost]

TASK [/stigforge/roles/ol10_stig : Declare missing syscalls] *******************
skipping: [localhost]

TASK [/stigforge/roles/ol10_stig : Replace the audit rule in {{ audit_file }}] ***
skipping: [localhost]

TASK [/stigforge/roles/ol10_stig : Add the audit rule to {{ audit_file }}] *****
skipping: [localhost]

TASK [/stigforge/roles/ol10_stig : Declare list of syscalls] *******************
skipping: [localhost]

TASK [/stigforge/roles/ol10_stig : Check existence of unlink in /etc/audit/audit.rules] ***
skipping: [localhost]

TASK [/stigforge/roles/ol10_stig : Set path to /etc/audit/audit.rules] *********
skipping: [localhost]

TASK [/stigforge/roles/ol10_stig : Declare found syscalls] *********************
skipping: [localhost]

TASK [/stigforge/roles/ol10_stig : Declare missing syscalls] *******************
skipping: [localhost]

TASK [/stigforge/roles/ol10_stig : Replace the audit rule in {{ audit_file }}] ***
skipping: [localhost]

TASK [/stigforge/roles/ol10_stig : Add the audit rule to {{ audit_file }}] *****
skipping: [localhost]

TASK [/stigforge/roles/ol10_stig : Declare list of syscalls] *******************
skipping: [localhost]

TASK [/stigforge/roles/ol10_stig : Check existence of unlink in /etc/audit/rules.d/] ***
skipping: [localhost]

TASK [/stigforge/roles/ol10_stig : Reset syscalls found per file] **************
skipping: [localhost]

TASK [/stigforge/roles/ol10_stig : Declare syscalls found per file] ************
skipping: [localhost]

TASK [/stigforge/roles/ol10_stig : Declare files where syscalls were found] ****
skipping: [localhost]

TASK [/stigforge/roles/ol10_stig : Count occurrences of syscalls in paths] *****
skipping: [localhost]

TASK [/stigforge/roles/ol10_stig : Get path with most syscalls] ****************
skipping: [localhost]

TASK [/stigforge/roles/ol10_stig : No file with syscall found, set path to /etc/audit/rules.d/access.rules] ***
skipping: [localhost]

TASK [/stigforge/roles/ol10_stig : Declare found syscalls] *********************
skipping: [localhost]

TASK [/stigforge/roles/ol10_stig : Declare missing syscalls] *******************
skipping: [localhost]

TASK [/stigforge/roles/ol10_stig : Replace the audit rule in {{ audit_file }}] ***
skipping: [localhost]

TASK [/stigforge/roles/ol10_stig : Add the audit rule to {{ audit_file }}] *****
skipping: [localhost]

TASK [/stigforge/roles/ol10_stig : Declare list of syscalls] *******************
skipping: [localhost]

TASK [/stigforge/roles/ol10_stig : Check existence of unlink in /etc/audit/audit.rules] ***
skipping: [localhost]

TASK [/stigforge/roles/ol10_stig : Set path to /etc/audit/audit.rules] *********
skipping: [localhost]

TASK [/stigforge/roles/ol10_stig : Declare found syscalls] *********************
skipping: [localhost]

TASK [/stigforge/roles/ol10_stig : Declare missing syscalls] *******************
skipping: [localhost]

TASK [/stigforge/roles/ol10_stig : Replace the audit rule in {{ audit_file }}] ***
skipping: [localhost]

TASK [/stigforge/roles/ol10_stig : Add the audit rule to {{ audit_file }}] *****
skipping: [localhost]

TASK [/stigforge/roles/ol10_stig : Declare list of syscalls] *******************
skipping: [localhost]

TASK [/stigforge/roles/ol10_stig : Check existence of unlink in /etc/audit/rules.d/] ***
skipping: [localhost]

TASK [/stigforge/roles/ol10_stig : Reset syscalls found per file] **************
skipping: [localhost]

TASK [/stigforge/roles/ol10_stig : Declare syscalls found per file] ************
skipping: [localhost]

TASK [/stigforge/roles/ol10_stig : Declare files where syscalls were found] ****
skipping: [localhost]

TASK [/stigforge/roles/ol10_stig : Count occurrences of syscalls in paths] *****
skipping: [localhost]

TASK [/stigforge/roles/ol10_stig : Get path with most syscalls] ****************
skipping: [localhost]

TASK [/stigforge/roles/ol10_stig : No file with syscall found, set path to /etc/audit/rules.d/access.rules] ***
skipping: [localhost]

TASK [/stigforge/roles/ol10_stig : Declare found syscalls] *********************
skipping: [localhost]

TASK [/stigforge/roles/ol10_stig : Declare missing syscalls] *******************
skipping: [localhost]

TASK [/stigforge/roles/ol10_stig : Replace the audit rule in {{ audit_file }}] ***
skipping: [localhost]

TASK [/stigforge/roles/ol10_stig : Add the audit rule to {{ audit_file }}] *****
skipping: [localhost]

TASK [/stigforge/roles/ol10_stig : Declare list of syscalls] *******************
skipping: [localhost]

TASK [/stigforge/roles/ol10_stig : Check existence of unlink in /etc/audit/audit.rules] ***
skipping: [localhost]

TASK [/stigforge/roles/ol10_stig : Set path to /etc/audit/audit.rules] *********
skipping: [localhost]

TASK [/stigforge/roles/ol10_stig : Declare found syscalls] *********************
skipping: [localhost]

TASK [/stigforge/roles/ol10_stig : Declare missing syscalls] *******************
skipping: [localhost]

TASK [/stigforge/roles/ol10_stig : Replace the audit rule in {{ audit_file }}] ***
skipping: [localhost]

TASK [/stigforge/roles/ol10_stig : Add the audit rule to {{ audit_file }}] *****
skipping: [localhost]

TASK [/stigforge/roles/ol10_stig : Set architecture for audit unlinkat tasks] ***
skipping: [localhost]

TASK [/stigforge/roles/ol10_stig : Declare list of syscalls] *******************
skipping: [localhost]

TASK [/stigforge/roles/ol10_stig : Check existence of unlinkat in /etc/audit/rules.d/] ***
skipping: [localhost]

TASK [/stigforge/roles/ol10_stig : Reset syscalls found per file] **************
skipping: [localhost]

TASK [/stigforge/roles/ol10_stig : Declare syscalls found per file] ************
skipping: [localhost]

TASK [/stigforge/roles/ol10_stig : Declare files where syscalls were found] ****
skipping: [localhost]

TASK [/stigforge/roles/ol10_stig : Count occurrences of syscalls in paths] *****
skipping: [localhost]

TASK [/stigforge/roles/ol10_stig : Get path with most syscalls] ****************
skipping: [localhost]

TASK [/stigforge/roles/ol10_stig : No file with syscall found, set path to /etc/audit/rules.d/access.rules] ***
skipping: [localhost]

TASK [/stigforge/roles/ol10_stig : Declare found syscalls] *********************
skipping: [localhost]

TASK [/stigforge/roles/ol10_stig : Declare missing syscalls] *******************
skipping: [localhost]

TASK [/stigforge/roles/ol10_stig : Replace the audit rule in {{ audit_file }}] ***
skipping: [localhost]

TASK [/stigforge/roles/ol10_stig : Add the audit rule to {{ audit_file }}] *****
skipping: [localhost]

TASK [/stigforge/roles/ol10_stig : Declare list of syscalls] *******************
skipping: [localhost]

TASK [/stigforge/roles/ol10_stig : Check existence of unlinkat in /etc/audit/audit.rules] ***
skipping: [localhost]

TASK [/stigforge/roles/ol10_stig : Set path to /etc/audit/audit.rules] *********
skipping: [localhost]

TASK [/stigforge/roles/ol10_stig : Declare found syscalls] *********************
skipping: [localhost]

TASK [/stigforge/roles/ol10_stig : Declare missing syscalls] *******************
skipping: [localhost]

TASK [/stigforge/roles/ol10_stig : Replace the audit rule in {{ audit_file }}] ***
skipping: [localhost]

TASK [/stigforge/roles/ol10_stig : Add the audit rule to {{ audit_file }}] *****
skipping: [localhost]

TASK [/stigforge/roles/ol10_stig : Declare list of syscalls] *******************
skipping: [localhost]

TASK [/stigforge/roles/ol10_stig : Check existence of unlinkat in /etc/audit/rules.d/] ***
skipping: [localhost]

TASK [/stigforge/roles/ol10_stig : Reset syscalls found per file] **************
skipping: [localhost]

TASK [/stigforge/roles/ol10_stig : Declare syscalls found per file] ************
skipping: [localhost]

TASK [/stigforge/roles/ol10_stig : Declare files where syscalls were found] ****
skipping: [localhost]

TASK [/stigforge/roles/ol10_stig : Count occurrences of syscalls in paths] *****
skipping: [localhost]

TASK [/stigforge/roles/ol10_stig : Get path with most syscalls] ****************
skipping: [localhost]

TASK [/stigforge/roles/ol10_stig : No file with syscall found, set path to /etc/audit/rules.d/access.rules] ***
skipping: [localhost]

TASK [/stigforge/roles/ol10_stig : Declare found syscalls] *********************
skipping: [localhost]

TASK [/stigforge/roles/ol10_stig : Declare missing syscalls] *******************
skipping: [localhost]

TASK [/stigforge/roles/ol10_stig : Replace the audit rule in {{ audit_file }}] ***
skipping: [localhost]

TASK [/stigforge/roles/ol10_stig : Add the audit rule to {{ audit_file }}] *****
skipping: [localhost]

TASK [/stigforge/roles/ol10_stig : Declare list of syscalls] *******************
skipping: [localhost]

TASK [/stigforge/roles/ol10_stig : Check existence of unlinkat in /etc/audit/audit.rules] ***
skipping: [localhost]

TASK [/stigforge/roles/ol10_stig : Set path to /etc/audit/audit.rules] *********
skipping: [localhost]

TASK [/stigforge/roles/ol10_stig : Declare found syscalls] *********************
skipping: [localhost]

TASK [/stigforge/roles/ol10_stig : Declare missing syscalls] *******************
skipping: [localhost]

TASK [/stigforge/roles/ol10_stig : Replace the audit rule in {{ audit_file }}] ***
skipping: [localhost]

TASK [/stigforge/roles/ol10_stig : Add the audit rule to {{ audit_file }}] *****
skipping: [localhost]

TASK [/stigforge/roles/ol10_stig : Declare list of syscalls] *******************
skipping: [localhost]

TASK [/stigforge/roles/ol10_stig : Check existence of unlinkat in /etc/audit/rules.d/] ***
skipping: [localhost]

TASK [/stigforge/roles/ol10_stig : Reset syscalls found per file] **************
skipping: [localhost]

TASK [/stigforge/roles/ol10_stig : Declare syscalls found per file] ************
skipping: [localhost]

TASK [/stigforge/roles/ol10_stig : Declare files where syscalls were found] ****
skipping: [localhost]

TASK [/stigforge/roles/ol10_stig : Count occurrences of syscalls in paths] *****
skipping: [localhost]

TASK [/stigforge/roles/ol10_stig : Get path with most syscalls] ****************
skipping: [localhost]

TASK [/stigforge/roles/ol10_stig : No file with syscall found, set path to /etc/audit/rules.d/access.rules] ***
skipping: [localhost]

TASK [/stigforge/roles/ol10_stig : Declare found syscalls] *********************
skipping: [localhost]

TASK [/stigforge/roles/ol10_stig : Declare missing syscalls] *******************
skipping: [localhost]

TASK [/stigforge/roles/ol10_stig : Replace the audit rule in {{ audit_file }}] ***
skipping: [localhost]

TASK [/stigforge/roles/ol10_stig : Add the audit rule to {{ audit_file }}] *****
skipping: [localhost]

TASK [/stigforge/roles/ol10_stig : Declare list of syscalls] *******************
skipping: [localhost]

TASK [/stigforge/roles/ol10_stig : Check existence of unlinkat in /etc/audit/audit.rules] ***
skipping: [localhost]

TASK [/stigforge/roles/ol10_stig : Set path to /etc/audit/audit.rules] *********
skipping: [localhost]

TASK [/stigforge/roles/ol10_stig : Declare found syscalls] *********************
skipping: [localhost]

TASK [/stigforge/roles/ol10_stig : Declare missing syscalls] *******************
skipping: [localhost]

TASK [/stigforge/roles/ol10_stig : Replace the audit rule in {{ audit_file }}] ***
skipping: [localhost]

TASK [/stigforge/roles/ol10_stig : Add the audit rule to {{ audit_file }}] *****
skipping: [localhost]

TASK [/stigforge/roles/ol10_stig : Declare list of syscalls] *******************
skipping: [localhost]

TASK [/stigforge/roles/ol10_stig : Check existence of unlinkat in /etc/audit/rules.d/] ***
skipping: [localhost]

TASK [/stigforge/roles/ol10_stig : Reset syscalls found per file] **************
skipping: [localhost]

TASK [/stigforge/roles/ol10_stig : Declare syscalls found per file] ************
skipping: [localhost]

TASK [/stigforge/roles/ol10_stig : Declare files where syscalls were found] ****
skipping: [localhost]

TASK [/stigforge/roles/ol10_stig : Count occurrences of syscalls in paths] *****
skipping: [localhost]

TASK [/stigforge/roles/ol10_stig : Get path with most syscalls] ****************
skipping: [localhost]

TASK [/stigforge/roles/ol10_stig : No file with syscall found, set path to /etc/audit/rules.d/access.rules] ***
skipping: [localhost]

TASK [/stigforge/roles/ol10_stig : Declare found syscalls] *********************
skipping: [localhost]

TASK [/stigforge/roles/ol10_stig : Declare missing syscalls] *******************
skipping: [localhost]

TASK [/stigforge/roles/ol10_stig : Replace the audit rule in {{ audit_file }}] ***
skipping: [localhost]

TASK [/stigforge/roles/ol10_stig : Add the audit rule to {{ audit_file }}] *****
skipping: [localhost]

TASK [/stigforge/roles/ol10_stig : Declare list of syscalls] *******************
skipping: [localhost]

TASK [/stigforge/roles/ol10_stig : Check existence of unlinkat in /etc/audit/audit.rules] ***
skipping: [localhost]

TASK [/stigforge/roles/ol10_stig : Set path to /etc/audit/audit.rules] *********
skipping: [localhost]

TASK [/stigforge/roles/ol10_stig : Declare found syscalls] *********************
skipping: [localhost]

TASK [/stigforge/roles/ol10_stig : Declare missing syscalls] *******************
skipping: [localhost]

TASK [/stigforge/roles/ol10_stig : Replace the audit rule in {{ audit_file }}] ***
skipping: [localhost]

TASK [/stigforge/roles/ol10_stig : Add the audit rule to {{ audit_file }}] *****
skipping: [localhost]

TASK [/stigforge/roles/ol10_stig : Set architecture for audit delete_module tasks] ***
skipping: [localhost]

TASK [/stigforge/roles/ol10_stig : Declare list of syscalls] *******************
skipping: [localhost]

TASK [/stigforge/roles/ol10_stig : Check existence of delete_module in /etc/audit/rules.d/] ***
skipping: [localhost]

TASK [/stigforge/roles/ol10_stig : Reset syscalls found per file] **************
skipping: [localhost]

TASK [/stigforge/roles/ol10_stig : Declare syscalls found per file] ************
skipping: [localhost]

TASK [/stigforge/roles/ol10_stig : Declare files where syscalls were found] ****
skipping: [localhost]

TASK [/stigforge/roles/ol10_stig : Count occurrences of syscalls in paths] *****
skipping: [localhost]

TASK [/stigforge/roles/ol10_stig : Get path with most syscalls] ****************
skipping: [localhost]

TASK [/stigforge/roles/ol10_stig : No file with syscall found, set path to /etc/audit/rules.d/module-change.rules] ***
skipping: [localhost]

TASK [/stigforge/roles/ol10_stig : Declare found syscalls] *********************
skipping: [localhost]

TASK [/stigforge/roles/ol10_stig : Declare missing syscalls] *******************
skipping: [localhost]

TASK [/stigforge/roles/ol10_stig : Replace the audit rule in {{ audit_file }}] ***
skipping: [localhost]

TASK [/stigforge/roles/ol10_stig : Add the audit rule to {{ audit_file }}] *****
skipping: [localhost]

TASK [/stigforge/roles/ol10_stig : Declare list of syscalls] *******************
skipping: [localhost]

TASK [/stigforge/roles/ol10_stig : Check existence of delete_module in /etc/audit/audit.rules] ***
skipping: [localhost]

TASK [/stigforge/roles/ol10_stig : Set path to /etc/audit/audit.rules] *********
skipping: [localhost]

TASK [/stigforge/roles/ol10_stig : Declare found syscalls] *********************
skipping: [localhost]

TASK [/stigforge/roles/ol10_stig : Declare missing syscalls] *******************
skipping: [localhost]

TASK [/stigforge/roles/ol10_stig : Replace the audit rule in {{ audit_file }}] ***
skipping: [localhost]

TASK [/stigforge/roles/ol10_stig : Add the audit rule to {{ audit_file }}] *****
skipping: [localhost]

TASK [/stigforge/roles/ol10_stig : Declare list of syscalls] *******************
skipping: [localhost]

TASK [/stigforge/roles/ol10_stig : Check existence of delete_module in /etc/audit/rules.d/] ***
skipping: [localhost]

TASK [/stigforge/roles/ol10_stig : Reset syscalls found per file] **************
skipping: [localhost]

TASK [/stigforge/roles/ol10_stig : Declare syscalls found per file] ************
skipping: [localhost]

TASK [/stigforge/roles/ol10_stig : Declare files where syscalls were found] ****
skipping: [localhost]

TASK [/stigforge/roles/ol10_stig : Count occurrences of syscalls in paths] *****
skipping: [localhost]

TASK [/stigforge/roles/ol10_stig : Get path with most syscalls] ****************
skipping: [localhost]

TASK [/stigforge/roles/ol10_stig : No file with syscall found, set path to /etc/audit/rules.d/module-change.rules] ***
skipping: [localhost]

TASK [/stigforge/roles/ol10_stig : Declare found syscalls] *********************
skipping: [localhost]

TASK [/stigforge/roles/ol10_stig : Declare missing syscalls] *******************
skipping: [localhost]

TASK [/stigforge/roles/ol10_stig : Replace the audit rule in {{ audit_file }}] ***
skipping: [localhost]

TASK [/stigforge/roles/ol10_stig : Add the audit rule to {{ audit_file }}] *****
skipping: [localhost]

TASK [/stigforge/roles/ol10_stig : Declare list of syscalls] *******************
skipping: [localhost]

TASK [/stigforge/roles/ol10_stig : Check existence of delete_module in /etc/audit/audit.rules] ***
skipping: [localhost]

TASK [/stigforge/roles/ol10_stig : Set path to /etc/audit/audit.rules] *********
skipping: [localhost]

TASK [/stigforge/roles/ol10_stig : Declare found syscalls] *********************
skipping: [localhost]

TASK [/stigforge/roles/ol10_stig : Declare missing syscalls] *******************
skipping: [localhost]

TASK [/stigforge/roles/ol10_stig : Replace the audit rule in {{ audit_file }}] ***
skipping: [localhost]

TASK [/stigforge/roles/ol10_stig : Add the audit rule to {{ audit_file }}] *****
skipping: [localhost]

TASK [/stigforge/roles/ol10_stig : Set architecture for audit finit_module tasks] ***
skipping: [localhost]

TASK [/stigforge/roles/ol10_stig : Declare list of syscalls] *******************
skipping: [localhost]

TASK [/stigforge/roles/ol10_stig : Check existence of finit_module in /etc/audit/rules.d/] ***
skipping: [localhost]

TASK [/stigforge/roles/ol10_stig : Reset syscalls found per file] **************
skipping: [localhost]

TASK [/stigforge/roles/ol10_stig : Declare syscalls found per file] ************
skipping: [localhost]

TASK [/stigforge/roles/ol10_stig : Declare files where syscalls were found] ****
skipping: [localhost]

TASK [/stigforge/roles/ol10_stig : Count occurrences of syscalls in paths] *****
skipping: [localhost]

TASK [/stigforge/roles/ol10_stig : Get path with most syscalls] ****************
skipping: [localhost]

TASK [/stigforge/roles/ol10_stig : No file with syscall found, set path to /etc/audit/rules.d/module-change.rules] ***
skipping: [localhost]

TASK [/stigforge/roles/ol10_stig : Declare found syscalls] *********************
skipping: [localhost]

TASK [/stigforge/roles/ol10_stig : Declare missing syscalls] *******************
skipping: [localhost]

TASK [/stigforge/roles/ol10_stig : Replace the audit rule in {{ audit_file }}] ***
skipping: [localhost]

TASK [/stigforge/roles/ol10_stig : Add the audit rule to {{ audit_file }}] *****
skipping: [localhost]

TASK [/stigforge/roles/ol10_stig : Declare list of syscalls] *******************
skipping: [localhost]

TASK [/stigforge/roles/ol10_stig : Check existence of finit_module in /etc/audit/audit.rules] ***
skipping: [localhost]

TASK [/stigforge/roles/ol10_stig : Set path to /etc/audit/audit.rules] *********
skipping: [localhost]

TASK [/stigforge/roles/ol10_stig : Declare found syscalls] *********************
skipping: [localhost]

TASK [/stigforge/roles/ol10_stig : Declare missing syscalls] *******************
skipping: [localhost]

TASK [/stigforge/roles/ol10_stig : Replace the audit rule in {{ audit_file }}] ***
skipping: [localhost]

TASK [/stigforge/roles/ol10_stig : Add the audit rule to {{ audit_file }}] *****
skipping: [localhost]

TASK [/stigforge/roles/ol10_stig : Declare list of syscalls] *******************
skipping: [localhost]

TASK [/stigforge/roles/ol10_stig : Check existence of finit_module in /etc/audit/rules.d/] ***
skipping: [localhost]

TASK [/stigforge/roles/ol10_stig : Reset syscalls found per file] **************
skipping: [localhost]

TASK [/stigforge/roles/ol10_stig : Declare syscalls found per file] ************
skipping: [localhost]

TASK [/stigforge/roles/ol10_stig : Declare files where syscalls were found] ****
skipping: [localhost]

TASK [/stigforge/roles/ol10_stig : Count occurrences of syscalls in paths] *****
skipping: [localhost]

TASK [/stigforge/roles/ol10_stig : Get path with most syscalls] ****************
skipping: [localhost]

TASK [/stigforge/roles/ol10_stig : No file with syscall found, set path to /etc/audit/rules.d/module-change.rules] ***
skipping: [localhost]

TASK [/stigforge/roles/ol10_stig : Declare found syscalls] *********************
skipping: [localhost]

TASK [/stigforge/roles/ol10_stig : Declare missing syscalls] *******************
skipping: [localhost]

TASK [/stigforge/roles/ol10_stig : Replace the audit rule in {{ audit_file }}] ***
skipping: [localhost]

TASK [/stigforge/roles/ol10_stig : Add the audit rule to {{ audit_file }}] *****
skipping: [localhost]

TASK [/stigforge/roles/ol10_stig : Declare list of syscalls] *******************
skipping: [localhost]

TASK [/stigforge/roles/ol10_stig : Check existence of finit_module in /etc/audit/audit.rules] ***
skipping: [localhost]

TASK [/stigforge/roles/ol10_stig : Set path to /etc/audit/audit.rules] *********
skipping: [localhost]

TASK [/stigforge/roles/ol10_stig : Declare found syscalls] *********************
skipping: [localhost]

TASK [/stigforge/roles/ol10_stig : Declare missing syscalls] *******************
skipping: [localhost]

TASK [/stigforge/roles/ol10_stig : Replace the audit rule in {{ audit_file }}] ***
skipping: [localhost]

TASK [/stigforge/roles/ol10_stig : Add the audit rule to {{ audit_file }}] *****
skipping: [localhost]

TASK [/stigforge/roles/ol10_stig : Set architecture for audit init_module tasks] ***
skipping: [localhost]

TASK [/stigforge/roles/ol10_stig : Declare list of syscalls] *******************
skipping: [localhost]

TASK [/stigforge/roles/ol10_stig : Check existence of init_module in /etc/audit/rules.d/] ***
skipping: [localhost]

TASK [/stigforge/roles/ol10_stig : Reset syscalls found per file] **************
skipping: [localhost]

TASK [/stigforge/roles/ol10_stig : Declare syscalls found per file] ************
skipping: [localhost]

TASK [/stigforge/roles/ol10_stig : Declare files where syscalls were found] ****
skipping: [localhost]

TASK [/stigforge/roles/ol10_stig : Count occurrences of syscalls in paths] *****
skipping: [localhost]

TASK [/stigforge/roles/ol10_stig : Get path with most syscalls] ****************
skipping: [localhost]

TASK [/stigforge/roles/ol10_stig : No file with syscall found, set path to /etc/audit/rules.d/module-change.rules] ***
skipping: [localhost]

TASK [/stigforge/roles/ol10_stig : Declare found syscalls] *********************
skipping: [localhost]

TASK [/stigforge/roles/ol10_stig : Declare missing syscalls] *******************
skipping: [localhost]

TASK [/stigforge/roles/ol10_stig : Replace the audit rule in {{ audit_file }}] ***
skipping: [localhost]

TASK [/stigforge/roles/ol10_stig : Add the audit rule to {{ audit_file }}] *****
skipping: [localhost]

TASK [/stigforge/roles/ol10_stig : Declare list of syscalls] *******************
skipping: [localhost]

TASK [/stigforge/roles/ol10_stig : Check existence of init_module in /etc/audit/audit.rules] ***
skipping: [localhost]

TASK [/stigforge/roles/ol10_stig : Set path to /etc/audit/audit.rules] *********
skipping: [localhost]

TASK [/stigforge/roles/ol10_stig : Declare found syscalls] *********************
skipping: [localhost]

TASK [/stigforge/roles/ol10_stig : Declare missing syscalls] *******************
skipping: [localhost]

TASK [/stigforge/roles/ol10_stig : Replace the audit rule in {{ audit_file }}] ***
skipping: [localhost]

TASK [/stigforge/roles/ol10_stig : Add the audit rule to {{ audit_file }}] *****
skipping: [localhost]

TASK [/stigforge/roles/ol10_stig : Declare list of syscalls] *******************
skipping: [localhost]

TASK [/stigforge/roles/ol10_stig : Check existence of init_module in /etc/audit/rules.d/] ***
skipping: [localhost]

TASK [/stigforge/roles/ol10_stig : Reset syscalls found per file] **************
skipping: [localhost]

TASK [/stigforge/roles/ol10_stig : Declare syscalls found per file] ************
skipping: [localhost]

TASK [/stigforge/roles/ol10_stig : Declare files where syscalls were found] ****
skipping: [localhost]

TASK [/stigforge/roles/ol10_stig : Count occurrences of syscalls in paths] *****
skipping: [localhost]

TASK [/stigforge/roles/ol10_stig : Get path with most syscalls] ****************
skipping: [localhost]

TASK [/stigforge/roles/ol10_stig : No file with syscall found, set path to /etc/audit/rules.d/module-change.rules] ***
skipping: [localhost]

TASK [/stigforge/roles/ol10_stig : Declare found syscalls] *********************
skipping: [localhost]

TASK [/stigforge/roles/ol10_stig : Declare missing syscalls] *******************
skipping: [localhost]

TASK [/stigforge/roles/ol10_stig : Replace the audit rule in {{ audit_file }}] ***
skipping: [localhost]

TASK [/stigforge/roles/ol10_stig : Add the audit rule to {{ audit_file }}] *****
skipping: [localhost]

TASK [/stigforge/roles/ol10_stig : Declare list of syscalls] *******************
skipping: [localhost]

TASK [/stigforge/roles/ol10_stig : Check existence of init_module in /etc/audit/audit.rules] ***
skipping: [localhost]

TASK [/stigforge/roles/ol10_stig : Set path to /etc/audit/audit.rules] *********
skipping: [localhost]

TASK [/stigforge/roles/ol10_stig : Declare found syscalls] *********************
skipping: [localhost]

TASK [/stigforge/roles/ol10_stig : Declare missing syscalls] *******************
skipping: [localhost]

TASK [/stigforge/roles/ol10_stig : Replace the audit rule in {{ audit_file }}] ***
skipping: [localhost]

TASK [/stigforge/roles/ol10_stig : Add the audit rule to {{ audit_file }}] *****
skipping: [localhost]

TASK [/stigforge/roles/ol10_stig : Record Attempts to Alter Logon and Logout Events - faillock - Check if watch rule for /var/log/faillock already exists in /etc/audit/rules.d/] ***
skipping: [localhost]

TASK [/stigforge/roles/ol10_stig : Record Attempts to Alter Logon and Logout Events - faillock - Search /etc/audit/rules.d for other rules with specified key logins] ***
skipping: [localhost]

TASK [/stigforge/roles/ol10_stig : Record Attempts to Alter Logon and Logout Events - faillock - Use /etc/audit/rules.d/logins.rules as the recipient for the rule] ***
skipping: [localhost]

TASK [/stigforge/roles/ol10_stig : Record Attempts to Alter Logon and Logout Events - faillock - Use matched file as the recipient for the rule] ***
skipping: [localhost]

TASK [/stigforge/roles/ol10_stig : Record Attempts to Alter Logon and Logout Events - faillock - Add watch rule for /var/log/faillock in /etc/audit/rules.d/] ***
skipping: [localhost]

TASK [/stigforge/roles/ol10_stig : Record Attempts to Alter Logon and Logout Events - faillock - Check if watch rule for /var/log/faillock already exists in /etc/audit/audit.rules] ***
skipping: [localhost]

TASK [/stigforge/roles/ol10_stig : Record Attempts to Alter Logon and Logout Events - faillock - Add watch rule for /var/log/faillock in /etc/audit/audit.rules] ***
skipping: [localhost]

TASK [/stigforge/roles/ol10_stig : Record Attempts to Alter Logon and Logout Events - lastlog - Check if watch rule for /var/log/lastlog already exists in /etc/audit/rules.d/] ***
skipping: [localhost]

TASK [/stigforge/roles/ol10_stig : Record Attempts to Alter Logon and Logout Events - lastlog - Search /etc/audit/rules.d for other rules with specified key logins] ***
skipping: [localhost]

TASK [/stigforge/roles/ol10_stig : Record Attempts to Alter Logon and Logout Events - lastlog - Use /etc/audit/rules.d/logins.rules as the recipient for the rule] ***
skipping: [localhost]

TASK [/stigforge/roles/ol10_stig : Record Attempts to Alter Logon and Logout Events - lastlog - Use matched file as the recipient for the rule] ***
skipping: [localhost]

TASK [/stigforge/roles/ol10_stig : Record Attempts to Alter Logon and Logout Events - lastlog - Add watch rule for /var/log/lastlog in /etc/audit/rules.d/] ***
skipping: [localhost]

TASK [/stigforge/roles/ol10_stig : Record Attempts to Alter Logon and Logout Events - lastlog - Check if watch rule for /var/log/lastlog already exists in /etc/audit/audit.rules] ***
skipping: [localhost]

TASK [/stigforge/roles/ol10_stig : Record Attempts to Alter Logon and Logout Events - lastlog - Add watch rule for /var/log/lastlog in /etc/audit/audit.rules] ***
skipping: [localhost]

TASK [/stigforge/roles/ol10_stig : Record Attempts to Alter Logon and Logout Events - tallylog - Check if watch rule for /var/log/tallylog already exists in /etc/audit/rules.d/] ***
skipping: [localhost]

TASK [/stigforge/roles/ol10_stig : Record Attempts to Alter Logon and Logout Events - tallylog - Search /etc/audit/rules.d for other rules with specified key logins] ***
skipping: [localhost]

TASK [/stigforge/roles/ol10_stig : Record Attempts to Alter Logon and Logout Events - tallylog - Use /etc/audit/rules.d/logins.rules as the recipient for the rule] ***
skipping: [localhost]

TASK [/stigforge/roles/ol10_stig : Record Attempts to Alter Logon and Logout Events - tallylog - Use matched file as the recipient for the rule] ***
skipping: [localhost]

TASK [/stigforge/roles/ol10_stig : Record Attempts to Alter Logon and Logout Events - tallylog - Add watch rule for /var/log/tallylog in /etc/audit/rules.d/] ***
skipping: [localhost]

TASK [/stigforge/roles/ol10_stig : Record Attempts to Alter Logon and Logout Events - tallylog - Check if watch rule for /var/log/tallylog already exists in /etc/audit/audit.rules] ***
skipping: [localhost]

TASK [/stigforge/roles/ol10_stig : Record Attempts to Alter Logon and Logout Events - tallylog - Add watch rule for /var/log/tallylog in /etc/audit/audit.rules] ***
skipping: [localhost]

TASK [/stigforge/roles/ol10_stig : Declare list of syscalls] *******************
skipping: [localhost]

TASK [/stigforge/roles/ol10_stig : Check existence of  in /etc/audit/rules.d/] ***
skipping: [localhost]

TASK [/stigforge/roles/ol10_stig : Reset syscalls found per file] **************
skipping: [localhost]

TASK [/stigforge/roles/ol10_stig : Declare syscalls found per file] ************
skipping: [localhost]

TASK [/stigforge/roles/ol10_stig : Declare files where syscalls were found] ****
skipping: [localhost]

TASK [/stigforge/roles/ol10_stig : Count occurrences of syscalls in paths] *****
skipping: [localhost]

TASK [/stigforge/roles/ol10_stig : Get path with most syscalls] ****************
skipping: [localhost]

TASK [/stigforge/roles/ol10_stig : No file with syscall found, set path to /etc/audit/rules.d/privileged.rules] ***
skipping: [localhost]

TASK [/stigforge/roles/ol10_stig : Declare found syscalls] *********************
skipping: [localhost]

TASK [/stigforge/roles/ol10_stig : Declare missing syscalls] *******************
skipping: [localhost]

TASK [/stigforge/roles/ol10_stig : Replace the audit rule in {{ audit_file }}] ***
skipping: [localhost]

TASK [/stigforge/roles/ol10_stig : Add the audit rule to {{ audit_file }}] *****
skipping: [localhost]

TASK [/stigforge/roles/ol10_stig : Declare list of syscalls] *******************
skipping: [localhost]

TASK [/stigforge/roles/ol10_stig : Check existence of  in /etc/audit/audit.rules] ***
skipping: [localhost]

TASK [/stigforge/roles/ol10_stig : Set path to /etc/audit/audit.rules] *********
skipping: [localhost]

TASK [/stigforge/roles/ol10_stig : Declare found syscalls] *********************
skipping: [localhost]

TASK [/stigforge/roles/ol10_stig : Declare missing syscalls] *******************
skipping: [localhost]

TASK [/stigforge/roles/ol10_stig : Replace the audit rule in {{ audit_file }}] ***
skipping: [localhost]

TASK [/stigforge/roles/ol10_stig : Add the audit rule to {{ audit_file }}] *****
skipping: [localhost]

TASK [/stigforge/roles/ol10_stig : Declare list of syscalls] *******************
skipping: [localhost]

TASK [/stigforge/roles/ol10_stig : Check existence of  in /etc/audit/rules.d/] ***
skipping: [localhost]

TASK [/stigforge/roles/ol10_stig : Reset syscalls found per file] **************
skipping: [localhost]

TASK [/stigforge/roles/ol10_stig : Declare syscalls found per file] ************
skipping: [localhost]

TASK [/stigforge/roles/ol10_stig : Declare files where syscalls were found] ****
skipping: [localhost]

TASK [/stigforge/roles/ol10_stig : Count occurrences of syscalls in paths] *****
skipping: [localhost]

TASK [/stigforge/roles/ol10_stig : Get path with most syscalls] ****************
skipping: [localhost]

TASK [/stigforge/roles/ol10_stig : No file with syscall found, set path to /etc/audit/rules.d/privileged.rules] ***
skipping: [localhost]

TASK [/stigforge/roles/ol10_stig : Declare found syscalls] *********************
skipping: [localhost]

TASK [/stigforge/roles/ol10_stig : Declare missing syscalls] *******************
skipping: [localhost]

TASK [/stigforge/roles/ol10_stig : Replace the audit rule in {{ audit_file }}] ***
skipping: [localhost]

TASK [/stigforge/roles/ol10_stig : Add the audit rule to {{ audit_file }}] *****
skipping: [localhost]

TASK [/stigforge/roles/ol10_stig : Declare list of syscalls] *******************
skipping: [localhost]

TASK [/stigforge/roles/ol10_stig : Check existence of  in /etc/audit/audit.rules] ***
skipping: [localhost]

TASK [/stigforge/roles/ol10_stig : Set path to /etc/audit/audit.rules] *********
skipping: [localhost]

TASK [/stigforge/roles/ol10_stig : Declare found syscalls] *********************
skipping: [localhost]

TASK [/stigforge/roles/ol10_stig : Declare missing syscalls] *******************
skipping: [localhost]

TASK [/stigforge/roles/ol10_stig : Replace the audit rule in {{ audit_file }}] ***
skipping: [localhost]

TASK [/stigforge/roles/ol10_stig : Add the audit rule to {{ audit_file }}] *****
skipping: [localhost]

TASK [/stigforge/roles/ol10_stig : Declare list of syscalls] *******************
skipping: [localhost]

TASK [/stigforge/roles/ol10_stig : Check existence of  in /etc/audit/rules.d/] ***
skipping: [localhost]

TASK [/stigforge/roles/ol10_stig : Reset syscalls found per file] **************
skipping: [localhost]

TASK [/stigforge/roles/ol10_stig : Declare syscalls found per file] ************
skipping: [localhost]

TASK [/stigforge/roles/ol10_stig : Declare files where syscalls were found] ****
skipping: [localhost]

TASK [/stigforge/roles/ol10_stig : Count occurrences of syscalls in paths] *****
skipping: [localhost]

TASK [/stigforge/roles/ol10_stig : Get path with most syscalls] ****************
skipping: [localhost]

TASK [/stigforge/roles/ol10_stig : No file with syscall found, set path to /etc/audit/rules.d/privileged.rules] ***
skipping: [localhost]

TASK [/stigforge/roles/ol10_stig : Declare found syscalls] *********************
skipping: [localhost]

TASK [/stigforge/roles/ol10_stig : Declare missing syscalls] *******************
skipping: [localhost]

TASK [/stigforge/roles/ol10_stig : Replace the audit rule in {{ audit_file }}] ***
skipping: [localhost]

TASK [/stigforge/roles/ol10_stig : Add the audit rule to {{ audit_file }}] *****
skipping: [localhost]

TASK [/stigforge/roles/ol10_stig : Declare list of syscalls] *******************
skipping: [localhost]

TASK [/stigforge/roles/ol10_stig : Check existence of  in /etc/audit/audit.rules] ***
skipping: [localhost]

TASK [/stigforge/roles/ol10_stig : Set path to /etc/audit/audit.rules] *********
skipping: [localhost]

TASK [/stigforge/roles/ol10_stig : Declare found syscalls] *********************
skipping: [localhost]

TASK [/stigforge/roles/ol10_stig : Declare missing syscalls] *******************
skipping: [localhost]

TASK [/stigforge/roles/ol10_stig : Replace the audit rule in {{ audit_file }}] ***
skipping: [localhost]

TASK [/stigforge/roles/ol10_stig : Add the audit rule to {{ audit_file }}] *****
skipping: [localhost]

TASK [/stigforge/roles/ol10_stig : Declare list of syscalls] *******************
skipping: [localhost]

TASK [/stigforge/roles/ol10_stig : Check existence of  in /etc/audit/rules.d/] ***
skipping: [localhost]

TASK [/stigforge/roles/ol10_stig : Reset syscalls found per file] **************
skipping: [localhost]

TASK [/stigforge/roles/ol10_stig : Declare syscalls found per file] ************
skipping: [localhost]

TASK [/stigforge/roles/ol10_stig : Declare files where syscalls were found] ****
skipping: [localhost]

TASK [/stigforge/roles/ol10_stig : Count occurrences of syscalls in paths] *****
skipping: [localhost]

TASK [/stigforge/roles/ol10_stig : Get path with most syscalls] ****************
skipping: [localhost]

TASK [/stigforge/roles/ol10_stig : No file with syscall found, set path to /etc/audit/rules.d/privileged.rules] ***
skipping: [localhost]

TASK [/stigforge/roles/ol10_stig : Declare found syscalls] *********************
skipping: [localhost]

TASK [/stigforge/roles/ol10_stig : Declare missing syscalls] *******************
skipping: [localhost]

TASK [/stigforge/roles/ol10_stig : Replace the audit rule in {{ audit_file }}] ***
skipping: [localhost]

TASK [/stigforge/roles/ol10_stig : Add the audit rule to {{ audit_file }}] *****
skipping: [localhost]

TASK [/stigforge/roles/ol10_stig : Declare list of syscalls] *******************
skipping: [localhost]

TASK [/stigforge/roles/ol10_stig : Check existence of  in /etc/audit/audit.rules] ***
skipping: [localhost]

TASK [/stigforge/roles/ol10_stig : Set path to /etc/audit/audit.rules] *********
skipping: [localhost]

TASK [/stigforge/roles/ol10_stig : Declare found syscalls] *********************
skipping: [localhost]

TASK [/stigforge/roles/ol10_stig : Declare missing syscalls] *******************
skipping: [localhost]

TASK [/stigforge/roles/ol10_stig : Replace the audit rule in {{ audit_file }}] ***
skipping: [localhost]

TASK [/stigforge/roles/ol10_stig : Add the audit rule to {{ audit_file }}] *****
skipping: [localhost]

TASK [/stigforge/roles/ol10_stig : Declare list of syscalls] *******************
skipping: [localhost]

TASK [/stigforge/roles/ol10_stig : Check existence of  in /etc/audit/rules.d/] ***
skipping: [localhost]

TASK [/stigforge/roles/ol10_stig : Reset syscalls found per file] **************
skipping: [localhost]

TASK [/stigforge/roles/ol10_stig : Declare syscalls found per file] ************
skipping: [localhost]

TASK [/stigforge/roles/ol10_stig : Declare files where syscalls were found] ****
skipping: [localhost]

TASK [/stigforge/roles/ol10_stig : Count occurrences of syscalls in paths] *****
skipping: [localhost]

TASK [/stigforge/roles/ol10_stig : Get path with most syscalls] ****************
skipping: [localhost]

TASK [/stigforge/roles/ol10_stig : No file with syscall found, set path to /etc/audit/rules.d/privileged.rules] ***
skipping: [localhost]

TASK [/stigforge/roles/ol10_stig : Declare found syscalls] *********************
skipping: [localhost]

TASK [/stigforge/roles/ol10_stig : Declare missing syscalls] *******************
skipping: [localhost]

TASK [/stigforge/roles/ol10_stig : Replace the audit rule in {{ audit_file }}] ***
skipping: [localhost]

TASK [/stigforge/roles/ol10_stig : Add the audit rule to {{ audit_file }}] *****
skipping: [localhost]

TASK [/stigforge/roles/ol10_stig : Declare list of syscalls] *******************
skipping: [localhost]

TASK [/stigforge/roles/ol10_stig : Check existence of  in /etc/audit/audit.rules] ***
skipping: [localhost]

TASK [/stigforge/roles/ol10_stig : Set path to /etc/audit/audit.rules] *********
skipping: [localhost]

TASK [/stigforge/roles/ol10_stig : Declare found syscalls] *********************
skipping: [localhost]

TASK [/stigforge/roles/ol10_stig : Declare missing syscalls] *******************
skipping: [localhost]

TASK [/stigforge/roles/ol10_stig : Replace the audit rule in {{ audit_file }}] ***
skipping: [localhost]

TASK [/stigforge/roles/ol10_stig : Add the audit rule to {{ audit_file }}] *****
skipping: [localhost]

TASK [/stigforge/roles/ol10_stig : Declare list of syscalls] *******************
skipping: [localhost]

TASK [/stigforge/roles/ol10_stig : Check existence of  in /etc/audit/rules.d/] ***
skipping: [localhost]

TASK [/stigforge/roles/ol10_stig : Reset syscalls found per file] **************
skipping: [localhost]

TASK [/stigforge/roles/ol10_stig : Declare syscalls found per file] ************
skipping: [localhost]

TASK [/stigforge/roles/ol10_stig : Declare files where syscalls were found] ****
skipping: [localhost]

TASK [/stigforge/roles/ol10_stig : Count occurrences of syscalls in paths] *****
skipping: [localhost]

TASK [/stigforge/roles/ol10_stig : Get path with most syscalls] ****************
skipping: [localhost]

TASK [/stigforge/roles/ol10_stig : No file with syscall found, set path to /etc/audit/rules.d/privileged.rules] ***
skipping: [localhost]

TASK [/stigforge/roles/ol10_stig : Declare found syscalls] *********************
skipping: [localhost]

TASK [/stigforge/roles/ol10_stig : Declare missing syscalls] *******************
skipping: [localhost]

TASK [/stigforge/roles/ol10_stig : Replace the audit rule in {{ audit_file }}] ***
skipping: [localhost]

TASK [/stigforge/roles/ol10_stig : Add the audit rule to {{ audit_file }}] *****
skipping: [localhost]

TASK [/stigforge/roles/ol10_stig : Declare list of syscalls] *******************
skipping: [localhost]

TASK [/stigforge/roles/ol10_stig : Check existence of  in /etc/audit/audit.rules] ***
skipping: [localhost]

TASK [/stigforge/roles/ol10_stig : Set path to /etc/audit/audit.rules] *********
skipping: [localhost]

TASK [/stigforge/roles/ol10_stig : Declare found syscalls] *********************
skipping: [localhost]

TASK [/stigforge/roles/ol10_stig : Declare missing syscalls] *******************
skipping: [localhost]

TASK [/stigforge/roles/ol10_stig : Replace the audit rule in {{ audit_file }}] ***
skipping: [localhost]

TASK [/stigforge/roles/ol10_stig : Add the audit rule to {{ audit_file }}] *****
skipping: [localhost]

TASK [/stigforge/roles/ol10_stig : Declare list of syscalls] *******************
skipping: [localhost]

TASK [/stigforge/roles/ol10_stig : Check existence of  in /etc/audit/rules.d/] ***
skipping: [localhost]

TASK [/stigforge/roles/ol10_stig : Reset syscalls found per file] **************
skipping: [localhost]

TASK [/stigforge/roles/ol10_stig : Declare syscalls found per file] ************
skipping: [localhost]

TASK [/stigforge/roles/ol10_stig : Declare files where syscalls were found] ****
skipping: [localhost]

TASK [/stigforge/roles/ol10_stig : Count occurrences of syscalls in paths] *****
skipping: [localhost]

TASK [/stigforge/roles/ol10_stig : Get path with most syscalls] ****************
skipping: [localhost]

TASK [/stigforge/roles/ol10_stig : No file with syscall found, set path to /etc/audit/rules.d/privileged.rules] ***
skipping: [localhost]

TASK [/stigforge/roles/ol10_stig : Declare found syscalls] *********************
skipping: [localhost]

TASK [/stigforge/roles/ol10_stig : Declare missing syscalls] *******************
skipping: [localhost]

TASK [/stigforge/roles/ol10_stig : Replace the audit rule in {{ audit_file }}] ***
skipping: [localhost]

TASK [/stigforge/roles/ol10_stig : Add the audit rule to {{ audit_file }}] *****
skipping: [localhost]

TASK [/stigforge/roles/ol10_stig : Declare list of syscalls] *******************
skipping: [localhost]

TASK [/stigforge/roles/ol10_stig : Check existence of  in /etc/audit/audit.rules] ***
skipping: [localhost]

TASK [/stigforge/roles/ol10_stig : Set path to /etc/audit/audit.rules] *********
skipping: [localhost]

TASK [/stigforge/roles/ol10_stig : Declare found syscalls] *********************
skipping: [localhost]

TASK [/stigforge/roles/ol10_stig : Declare missing syscalls] *******************
skipping: [localhost]

TASK [/stigforge/roles/ol10_stig : Replace the audit rule in {{ audit_file }}] ***
skipping: [localhost]

TASK [/stigforge/roles/ol10_stig : Add the audit rule to {{ audit_file }}] *****
skipping: [localhost]

TASK [/stigforge/roles/ol10_stig : Declare list of syscalls] *******************
skipping: [localhost]

TASK [/stigforge/roles/ol10_stig : Check existence of  in /etc/audit/rules.d/] ***
skipping: [localhost]

TASK [/stigforge/roles/ol10_stig : Reset syscalls found per file] **************
skipping: [localhost]

TASK [/stigforge/roles/ol10_stig : Declare syscalls found per file] ************
skipping: [localhost]

TASK [/stigforge/roles/ol10_stig : Declare files where syscalls were found] ****
skipping: [localhost]

TASK [/stigforge/roles/ol10_stig : Count occurrences of syscalls in paths] *****
skipping: [localhost]

TASK [/stigforge/roles/ol10_stig : Get path with most syscalls] ****************
skipping: [localhost]

TASK [/stigforge/roles/ol10_stig : No file with syscall found, set path to /etc/audit/rules.d/privileged.rules] ***
skipping: [localhost]

TASK [/stigforge/roles/ol10_stig : Declare found syscalls] *********************
skipping: [localhost]

TASK [/stigforge/roles/ol10_stig : Declare missing syscalls] *******************
skipping: [localhost]

TASK [/stigforge/roles/ol10_stig : Replace the audit rule in {{ audit_file }}] ***
skipping: [localhost]

TASK [/stigforge/roles/ol10_stig : Add the audit rule to {{ audit_file }}] *****
skipping: [localhost]

TASK [/stigforge/roles/ol10_stig : Declare list of syscalls] *******************
skipping: [localhost]

TASK [/stigforge/roles/ol10_stig : Check existence of  in /etc/audit/audit.rules] ***
skipping: [localhost]

TASK [/stigforge/roles/ol10_stig : Set path to /etc/audit/audit.rules] *********
skipping: [localhost]

TASK [/stigforge/roles/ol10_stig : Declare found syscalls] *********************
skipping: [localhost]

TASK [/stigforge/roles/ol10_stig : Declare missing syscalls] *******************
skipping: [localhost]

TASK [/stigforge/roles/ol10_stig : Replace the audit rule in {{ audit_file }}] ***
skipping: [localhost]

TASK [/stigforge/roles/ol10_stig : Add the audit rule to {{ audit_file }}] *****
skipping: [localhost]

TASK [/stigforge/roles/ol10_stig : Declare list of syscalls] *******************
skipping: [localhost]

TASK [/stigforge/roles/ol10_stig : Check existence of  in /etc/audit/rules.d/] ***
skipping: [localhost]

TASK [/stigforge/roles/ol10_stig : Reset syscalls found per file] **************
skipping: [localhost]

TASK [/stigforge/roles/ol10_stig : Declare syscalls found per file] ************
skipping: [localhost]

TASK [/stigforge/roles/ol10_stig : Declare files where syscalls were found] ****
skipping: [localhost]

TASK [/stigforge/roles/ol10_stig : Count occurrences of syscalls in paths] *****
skipping: [localhost]

TASK [/stigforge/roles/ol10_stig : Get path with most syscalls] ****************
skipping: [localhost]

TASK [/stigforge/roles/ol10_stig : No file with syscall found, set path to /etc/audit/rules.d/privileged.rules] ***
skipping: [localhost]

TASK [/stigforge/roles/ol10_stig : Declare found syscalls] *********************
skipping: [localhost]

TASK [/stigforge/roles/ol10_stig : Declare missing syscalls] *******************
skipping: [localhost]

TASK [/stigforge/roles/ol10_stig : Replace the audit rule in {{ audit_file }}] ***
skipping: [localhost]

TASK [/stigforge/roles/ol10_stig : Add the audit rule to {{ audit_file }}] *****
skipping: [localhost]

TASK [/stigforge/roles/ol10_stig : Declare list of syscalls] *******************
skipping: [localhost]

TASK [/stigforge/roles/ol10_stig : Check existence of  in /etc/audit/audit.rules] ***
skipping: [localhost]

TASK [/stigforge/roles/ol10_stig : Set path to /etc/audit/audit.rules] *********
skipping: [localhost]

TASK [/stigforge/roles/ol10_stig : Declare found syscalls] *********************
skipping: [localhost]

TASK [/stigforge/roles/ol10_stig : Declare missing syscalls] *******************
skipping: [localhost]

TASK [/stigforge/roles/ol10_stig : Replace the audit rule in {{ audit_file }}] ***
skipping: [localhost]

TASK [/stigforge/roles/ol10_stig : Add the audit rule to {{ audit_file }}] *****
skipping: [localhost]

TASK [/stigforge/roles/ol10_stig : Ensure auditd Collects Information on the Use of Privileged Commands - modprobe - Check if watch rule for /sbin/modprobe already exists in /etc/audit/rules.d/] ***
skipping: [localhost]

TASK [/stigforge/roles/ol10_stig : Ensure auditd Collects Information on the Use of Privileged Commands - modprobe - Search /etc/audit/rules.d for other rules with specified key modules] ***
skipping: [localhost]

TASK [/stigforge/roles/ol10_stig : Ensure auditd Collects Information on the Use of Privileged Commands - modprobe - Use /etc/audit/rules.d/modules.rules as the recipient for the rule] ***
skipping: [localhost]

TASK [/stigforge/roles/ol10_stig : Ensure auditd Collects Information on the Use of Privileged Commands - modprobe - Use matched file as the recipient for the rule] ***
skipping: [localhost]

TASK [/stigforge/roles/ol10_stig : Ensure auditd Collects Information on the Use of Privileged Commands - modprobe - Add watch rule for /sbin/modprobe in /etc/audit/rules.d/] ***
skipping: [localhost]

TASK [/stigforge/roles/ol10_stig : Ensure auditd Collects Information on the Use of Privileged Commands - modprobe - Check if watch rule for /sbin/modprobe already exists in /etc/audit/audit.rules] ***
skipping: [localhost]

TASK [/stigforge/roles/ol10_stig : Ensure auditd Collects Information on the Use of Privileged Commands - modprobe - Add watch rule for /sbin/modprobe in /etc/audit/audit.rules] ***
skipping: [localhost]

TASK [/stigforge/roles/ol10_stig : Declare list of syscalls] *******************
skipping: [localhost]

TASK [/stigforge/roles/ol10_stig : Check existence of  in /etc/audit/rules.d/] ***
skipping: [localhost]

TASK [/stigforge/roles/ol10_stig : Reset syscalls found per file] **************
skipping: [localhost]

TASK [/stigforge/roles/ol10_stig : Declare syscalls found per file] ************
skipping: [localhost]

TASK [/stigforge/roles/ol10_stig : Declare files where syscalls were found] ****
skipping: [localhost]

TASK [/stigforge/roles/ol10_stig : Count occurrences of syscalls in paths] *****
skipping: [localhost]

TASK [/stigforge/roles/ol10_stig : Get path with most syscalls] ****************
skipping: [localhost]

TASK [/stigforge/roles/ol10_stig : No file with syscall found, set path to /etc/audit/rules.d/privileged.rules] ***
skipping: [localhost]

TASK [/stigforge/roles/ol10_stig : Declare found syscalls] *********************
skipping: [localhost]

TASK [/stigforge/roles/ol10_stig : Declare missing syscalls] *******************
skipping: [localhost]

TASK [/stigforge/roles/ol10_stig : Replace the audit rule in {{ audit_file }}] ***
skipping: [localhost]

TASK [/stigforge/roles/ol10_stig : Add the audit rule to {{ audit_file }}] *****
skipping: [localhost]

TASK [/stigforge/roles/ol10_stig : Declare list of syscalls] *******************
skipping: [localhost]

TASK [/stigforge/roles/ol10_stig : Check existence of  in /etc/audit/audit.rules] ***
skipping: [localhost]

TASK [/stigforge/roles/ol10_stig : Set path to /etc/audit/audit.rules] *********
skipping: [localhost]

TASK [/stigforge/roles/ol10_stig : Declare found syscalls] *********************
skipping: [localhost]

TASK [/stigforge/roles/ol10_stig : Declare missing syscalls] *******************
skipping: [localhost]

TASK [/stigforge/roles/ol10_stig : Replace the audit rule in {{ audit_file }}] ***
skipping: [localhost]

TASK [/stigforge/roles/ol10_stig : Add the audit rule to {{ audit_file }}] *****
skipping: [localhost]

TASK [/stigforge/roles/ol10_stig : Declare list of syscalls] *******************
skipping: [localhost]

TASK [/stigforge/roles/ol10_stig : Check existence of  in /etc/audit/rules.d/] ***
skipping: [localhost]

TASK [/stigforge/roles/ol10_stig : Reset syscalls found per file] **************
skipping: [localhost]

TASK [/stigforge/roles/ol10_stig : Declare syscalls found per file] ************
skipping: [localhost]

TASK [/stigforge/roles/ol10_stig : Declare files where syscalls were found] ****
skipping: [localhost]

TASK [/stigforge/roles/ol10_stig : Count occurrences of syscalls in paths] *****
skipping: [localhost]

TASK [/stigforge/roles/ol10_stig : Get path with most syscalls] ****************
skipping: [localhost]

TASK [/stigforge/roles/ol10_stig : No file with syscall found, set path to /etc/audit/rules.d/privileged.rules] ***
skipping: [localhost]

TASK [/stigforge/roles/ol10_stig : Declare found syscalls] *********************
skipping: [localhost]

TASK [/stigforge/roles/ol10_stig : Declare missing syscalls] *******************
skipping: [localhost]

TASK [/stigforge/roles/ol10_stig : Replace the audit rule in {{ audit_file }}] ***
skipping: [localhost]

TASK [/stigforge/roles/ol10_stig : Add the audit rule to {{ audit_file }}] *****
skipping: [localhost]

TASK [/stigforge/roles/ol10_stig : Declare list of syscalls] *******************
skipping: [localhost]

TASK [/stigforge/roles/ol10_stig : Check existence of  in /etc/audit/audit.rules] ***
skipping: [localhost]

TASK [/stigforge/roles/ol10_stig : Set path to /etc/audit/audit.rules] *********
skipping: [localhost]

TASK [/stigforge/roles/ol10_stig : Declare found syscalls] *********************
skipping: [localhost]

TASK [/stigforge/roles/ol10_stig : Declare missing syscalls] *******************
skipping: [localhost]

TASK [/stigforge/roles/ol10_stig : Replace the audit rule in {{ audit_file }}] ***
skipping: [localhost]

TASK [/stigforge/roles/ol10_stig : Add the audit rule to {{ audit_file }}] *****
skipping: [localhost]

TASK [/stigforge/roles/ol10_stig : Declare list of syscalls] *******************
skipping: [localhost]

TASK [/stigforge/roles/ol10_stig : Check existence of  in /etc/audit/rules.d/] ***
skipping: [localhost]

TASK [/stigforge/roles/ol10_stig : Reset syscalls found per file] **************
skipping: [localhost]

TASK [/stigforge/roles/ol10_stig : Declare syscalls found per file] ************
skipping: [localhost]

TASK [/stigforge/roles/ol10_stig : Declare files where syscalls were found] ****
skipping: [localhost]

TASK [/stigforge/roles/ol10_stig : Count occurrences of syscalls in paths] *****
skipping: [localhost]

TASK [/stigforge/roles/ol10_stig : Get path with most syscalls] ****************
skipping: [localhost]

TASK [/stigforge/roles/ol10_stig : No file with syscall found, set path to /etc/audit/rules.d/privileged.rules] ***
skipping: [localhost]

TASK [/stigforge/roles/ol10_stig : Declare found syscalls] *********************
skipping: [localhost]

TASK [/stigforge/roles/ol10_stig : Declare missing syscalls] *******************
skipping: [localhost]

TASK [/stigforge/roles/ol10_stig : Replace the audit rule in {{ audit_file }}] ***
skipping: [localhost]

TASK [/stigforge/roles/ol10_stig : Add the audit rule to {{ audit_file }}] *****
skipping: [localhost]

TASK [/stigforge/roles/ol10_stig : Declare list of syscalls] *******************
skipping: [localhost]

TASK [/stigforge/roles/ol10_stig : Check existence of  in /etc/audit/audit.rules] ***
skipping: [localhost]

TASK [/stigforge/roles/ol10_stig : Set path to /etc/audit/audit.rules] *********
skipping: [localhost]

TASK [/stigforge/roles/ol10_stig : Declare found syscalls] *********************
skipping: [localhost]

TASK [/stigforge/roles/ol10_stig : Declare missing syscalls] *******************
skipping: [localhost]

TASK [/stigforge/roles/ol10_stig : Replace the audit rule in {{ audit_file }}] ***
skipping: [localhost]

TASK [/stigforge/roles/ol10_stig : Add the audit rule to {{ audit_file }}] *****
skipping: [localhost]

TASK [/stigforge/roles/ol10_stig : Declare list of syscalls] *******************
skipping: [localhost]

TASK [/stigforge/roles/ol10_stig : Check existence of  in /etc/audit/rules.d/] ***
skipping: [localhost]

TASK [/stigforge/roles/ol10_stig : Reset syscalls found per file] **************
skipping: [localhost]

TASK [/stigforge/roles/ol10_stig : Declare syscalls found per file] ************
skipping: [localhost]

TASK [/stigforge/roles/ol10_stig : Declare files where syscalls were found] ****
skipping: [localhost]

TASK [/stigforge/roles/ol10_stig : Count occurrences of syscalls in paths] *****
skipping: [localhost]

TASK [/stigforge/roles/ol10_stig : Get path with most syscalls] ****************
skipping: [localhost]

TASK [/stigforge/roles/ol10_stig : No file with syscall found, set path to /etc/audit/rules.d/privileged.rules] ***
skipping: [localhost]

TASK [/stigforge/roles/ol10_stig : Declare found syscalls] *********************
skipping: [localhost]

TASK [/stigforge/roles/ol10_stig : Declare missing syscalls] *******************
skipping: [localhost]

TASK [/stigforge/roles/ol10_stig : Replace the audit rule in {{ audit_file }}] ***
skipping: [localhost]

TASK [/stigforge/roles/ol10_stig : Add the audit rule to {{ audit_file }}] *****
skipping: [localhost]

TASK [/stigforge/roles/ol10_stig : Declare list of syscalls] *******************
skipping: [localhost]

TASK [/stigforge/roles/ol10_stig : Check existence of  in /etc/audit/audit.rules] ***
skipping: [localhost]

TASK [/stigforge/roles/ol10_stig : Set path to /etc/audit/audit.rules] *********
skipping: [localhost]

TASK [/stigforge/roles/ol10_stig : Declare found syscalls] *********************
skipping: [localhost]

TASK [/stigforge/roles/ol10_stig : Declare missing syscalls] *******************
skipping: [localhost]

TASK [/stigforge/roles/ol10_stig : Replace the audit rule in {{ audit_file }}] ***
skipping: [localhost]

TASK [/stigforge/roles/ol10_stig : Add the audit rule to {{ audit_file }}] *****
skipping: [localhost]

TASK [/stigforge/roles/ol10_stig : Declare list of syscalls] *******************
skipping: [localhost]

TASK [/stigforge/roles/ol10_stig : Check existence of  in /etc/audit/rules.d/] ***
skipping: [localhost]

TASK [/stigforge/roles/ol10_stig : Reset syscalls found per file] **************
skipping: [localhost]

TASK [/stigforge/roles/ol10_stig : Declare syscalls found per file] ************
skipping: [localhost]

TASK [/stigforge/roles/ol10_stig : Declare files where syscalls were found] ****
skipping: [localhost]

TASK [/stigforge/roles/ol10_stig : Count occurrences of syscalls in paths] *****
skipping: [localhost]

TASK [/stigforge/roles/ol10_stig : Get path with most syscalls] ****************
skipping: [localhost]

TASK [/stigforge/roles/ol10_stig : No file with syscall found, set path to /etc/audit/rules.d/privileged.rules] ***
skipping: [localhost]

TASK [/stigforge/roles/ol10_stig : Declare found syscalls] *********************
skipping: [localhost]

TASK [/stigforge/roles/ol10_stig : Declare missing syscalls] *******************
skipping: [localhost]

TASK [/stigforge/roles/ol10_stig : Replace the audit rule in {{ audit_file }}] ***
skipping: [localhost]

TASK [/stigforge/roles/ol10_stig : Add the audit rule to {{ audit_file }}] *****
skipping: [localhost]

TASK [/stigforge/roles/ol10_stig : Declare list of syscalls] *******************
skipping: [localhost]

TASK [/stigforge/roles/ol10_stig : Check existence of  in /etc/audit/audit.rules] ***
skipping: [localhost]

TASK [/stigforge/roles/ol10_stig : Set path to /etc/audit/audit.rules] *********
skipping: [localhost]

TASK [/stigforge/roles/ol10_stig : Declare found syscalls] *********************
skipping: [localhost]

TASK [/stigforge/roles/ol10_stig : Declare missing syscalls] *******************
skipping: [localhost]

TASK [/stigforge/roles/ol10_stig : Replace the audit rule in {{ audit_file }}] ***
skipping: [localhost]

TASK [/stigforge/roles/ol10_stig : Add the audit rule to {{ audit_file }}] *****
skipping: [localhost]

TASK [/stigforge/roles/ol10_stig : Declare list of syscalls] *******************
skipping: [localhost]

TASK [/stigforge/roles/ol10_stig : Check existence of  in /etc/audit/rules.d/] ***
skipping: [localhost]

TASK [/stigforge/roles/ol10_stig : Reset syscalls found per file] **************
skipping: [localhost]

TASK [/stigforge/roles/ol10_stig : Declare syscalls found per file] ************
skipping: [localhost]

TASK [/stigforge/roles/ol10_stig : Declare files where syscalls were found] ****
skipping: [localhost]

TASK [/stigforge/roles/ol10_stig : Count occurrences of syscalls in paths] *****
skipping: [localhost]

TASK [/stigforge/roles/ol10_stig : Get path with most syscalls] ****************
skipping: [localhost]

TASK [/stigforge/roles/ol10_stig : No file with syscall found, set path to /etc/audit/rules.d/privileged.rules] ***
skipping: [localhost]

TASK [/stigforge/roles/ol10_stig : Declare found syscalls] *********************
skipping: [localhost]

TASK [/stigforge/roles/ol10_stig : Declare missing syscalls] *******************
skipping: [localhost]

TASK [/stigforge/roles/ol10_stig : Replace the audit rule in {{ audit_file }}] ***
skipping: [localhost]

TASK [/stigforge/roles/ol10_stig : Add the audit rule to {{ audit_file }}] *****
skipping: [localhost]

TASK [/stigforge/roles/ol10_stig : Declare list of syscalls] *******************
skipping: [localhost]

TASK [/stigforge/roles/ol10_stig : Check existence of  in /etc/audit/audit.rules] ***
skipping: [localhost]

TASK [/stigforge/roles/ol10_stig : Set path to /etc/audit/audit.rules] *********
skipping: [localhost]

TASK [/stigforge/roles/ol10_stig : Declare found syscalls] *********************
skipping: [localhost]

TASK [/stigforge/roles/ol10_stig : Declare missing syscalls] *******************
skipping: [localhost]

TASK [/stigforge/roles/ol10_stig : Replace the audit rule in {{ audit_file }}] ***
skipping: [localhost]

TASK [/stigforge/roles/ol10_stig : Add the audit rule to {{ audit_file }}] *****
skipping: [localhost]

TASK [/stigforge/roles/ol10_stig : Declare list of syscalls] *******************
skipping: [localhost]

TASK [/stigforge/roles/ol10_stig : Check existence of  in /etc/audit/rules.d/] ***
skipping: [localhost]

TASK [/stigforge/roles/ol10_stig : Reset syscalls found per file] **************
skipping: [localhost]

TASK [/stigforge/roles/ol10_stig : Declare syscalls found per file] ************
skipping: [localhost]

TASK [/stigforge/roles/ol10_stig : Declare files where syscalls were found] ****
skipping: [localhost]

TASK [/stigforge/roles/ol10_stig : Count occurrences of syscalls in paths] *****
skipping: [localhost]

TASK [/stigforge/roles/ol10_stig : Get path with most syscalls] ****************
skipping: [localhost]

TASK [/stigforge/roles/ol10_stig : No file with syscall found, set path to /etc/audit/rules.d/privileged.rules] ***
skipping: [localhost]

TASK [/stigforge/roles/ol10_stig : Declare found syscalls] *********************
skipping: [localhost]

TASK [/stigforge/roles/ol10_stig : Declare missing syscalls] *******************
skipping: [localhost]

TASK [/stigforge/roles/ol10_stig : Replace the audit rule in {{ audit_file }}] ***
skipping: [localhost]

TASK [/stigforge/roles/ol10_stig : Add the audit rule to {{ audit_file }}] *****
skipping: [localhost]

TASK [/stigforge/roles/ol10_stig : Declare list of syscalls] *******************
skipping: [localhost]

TASK [/stigforge/roles/ol10_stig : Check existence of  in /etc/audit/audit.rules] ***
skipping: [localhost]

TASK [/stigforge/roles/ol10_stig : Set path to /etc/audit/audit.rules] *********
skipping: [localhost]

TASK [/stigforge/roles/ol10_stig : Declare found syscalls] *********************
skipping: [localhost]

TASK [/stigforge/roles/ol10_stig : Declare missing syscalls] *******************
skipping: [localhost]

TASK [/stigforge/roles/ol10_stig : Replace the audit rule in {{ audit_file }}] ***
skipping: [localhost]

TASK [/stigforge/roles/ol10_stig : Add the audit rule to {{ audit_file }}] *****
skipping: [localhost]

TASK [/stigforge/roles/ol10_stig : Ensure auditd Collects Information on the Use of Privileged Commands - rmmod - Check if watch rule for /sbin/rmmod already exists in /etc/audit/rules.d/] ***
skipping: [localhost]

TASK [/stigforge/roles/ol10_stig : Ensure auditd Collects Information on the Use of Privileged Commands - rmmod - Search /etc/audit/rules.d for other rules with specified key modules] ***
skipping: [localhost]

TASK [/stigforge/roles/ol10_stig : Ensure auditd Collects Information on the Use of Privileged Commands - rmmod - Use /etc/audit/rules.d/modules.rules as the recipient for the rule] ***
skipping: [localhost]

TASK [/stigforge/roles/ol10_stig : Ensure auditd Collects Information on the Use of Privileged Commands - rmmod - Use matched file as the recipient for the rule] ***
skipping: [localhost]

TASK [/stigforge/roles/ol10_stig : Ensure auditd Collects Information on the Use of Privileged Commands - rmmod - Add watch rule for /sbin/rmmod in /etc/audit/rules.d/] ***
skipping: [localhost]

TASK [/stigforge/roles/ol10_stig : Ensure auditd Collects Information on the Use of Privileged Commands - rmmod - Check if watch rule for /sbin/rmmod already exists in /etc/audit/audit.rules] ***
skipping: [localhost]

TASK [/stigforge/roles/ol10_stig : Ensure auditd Collects Information on the Use of Privileged Commands - rmmod - Add watch rule for /sbin/rmmod in /etc/audit/audit.rules] ***
skipping: [localhost]

TASK [/stigforge/roles/ol10_stig : Declare list of syscalls] *******************
skipping: [localhost]

TASK [/stigforge/roles/ol10_stig : Check existence of  in /etc/audit/rules.d/] ***
skipping: [localhost]

TASK [/stigforge/roles/ol10_stig : Reset syscalls found per file] **************
skipping: [localhost]

TASK [/stigforge/roles/ol10_stig : Declare syscalls found per file] ************
skipping: [localhost]

TASK [/stigforge/roles/ol10_stig : Declare files where syscalls were found] ****
skipping: [localhost]

TASK [/stigforge/roles/ol10_stig : Count occurrences of syscalls in paths] *****
skipping: [localhost]

TASK [/stigforge/roles/ol10_stig : Get path with most syscalls] ****************
skipping: [localhost]

TASK [/stigforge/roles/ol10_stig : No file with syscall found, set path to /etc/audit/rules.d/privileged.rules] ***
skipping: [localhost]

TASK [/stigforge/roles/ol10_stig : Declare found syscalls] *********************
skipping: [localhost]

TASK [/stigforge/roles/ol10_stig : Declare missing syscalls] *******************
skipping: [localhost]

TASK [/stigforge/roles/ol10_stig : Replace the audit rule in {{ audit_file }}] ***
skipping: [localhost]

TASK [/stigforge/roles/ol10_stig : Add the audit rule to {{ audit_file }}] *****
skipping: [localhost]

TASK [/stigforge/roles/ol10_stig : Declare list of syscalls] *******************
skipping: [localhost]

TASK [/stigforge/roles/ol10_stig : Check existence of  in /etc/audit/audit.rules] ***
skipping: [localhost]

TASK [/stigforge/roles/ol10_stig : Set path to /etc/audit/audit.rules] *********
skipping: [localhost]

TASK [/stigforge/roles/ol10_stig : Declare found syscalls] *********************
skipping: [localhost]

TASK [/stigforge/roles/ol10_stig : Declare missing syscalls] *******************
skipping: [localhost]

TASK [/stigforge/roles/ol10_stig : Replace the audit rule in {{ audit_file }}] ***
skipping: [localhost]

TASK [/stigforge/roles/ol10_stig : Add the audit rule to {{ audit_file }}] *****
skipping: [localhost]

TASK [/stigforge/roles/ol10_stig : Declare list of syscalls] *******************
skipping: [localhost]

TASK [/stigforge/roles/ol10_stig : Check existence of  in /etc/audit/rules.d/] ***
skipping: [localhost]

TASK [/stigforge/roles/ol10_stig : Reset syscalls found per file] **************
skipping: [localhost]

TASK [/stigforge/roles/ol10_stig : Declare syscalls found per file] ************
skipping: [localhost]

TASK [/stigforge/roles/ol10_stig : Declare files where syscalls were found] ****
skipping: [localhost]

TASK [/stigforge/roles/ol10_stig : Count occurrences of syscalls in paths] *****
skipping: [localhost]

TASK [/stigforge/roles/ol10_stig : Get path with most syscalls] ****************
skipping: [localhost]

TASK [/stigforge/roles/ol10_stig : No file with syscall found, set path to /etc/audit/rules.d/privileged.rules] ***
skipping: [localhost]

TASK [/stigforge/roles/ol10_stig : Declare found syscalls] *********************
skipping: [localhost]

TASK [/stigforge/roles/ol10_stig : Declare missing syscalls] *******************
skipping: [localhost]

TASK [/stigforge/roles/ol10_stig : Replace the audit rule in {{ audit_file }}] ***
skipping: [localhost]

TASK [/stigforge/roles/ol10_stig : Add the audit rule to {{ audit_file }}] *****
skipping: [localhost]

TASK [/stigforge/roles/ol10_stig : Declare list of syscalls] *******************
skipping: [localhost]

TASK [/stigforge/roles/ol10_stig : Check existence of  in /etc/audit/audit.rules] ***
skipping: [localhost]

TASK [/stigforge/roles/ol10_stig : Set path to /etc/audit/audit.rules] *********
skipping: [localhost]

TASK [/stigforge/roles/ol10_stig : Declare found syscalls] *********************
skipping: [localhost]

TASK [/stigforge/roles/ol10_stig : Declare missing syscalls] *******************
skipping: [localhost]

TASK [/stigforge/roles/ol10_stig : Replace the audit rule in {{ audit_file }}] ***
skipping: [localhost]

TASK [/stigforge/roles/ol10_stig : Add the audit rule to {{ audit_file }}] *****
skipping: [localhost]

TASK [/stigforge/roles/ol10_stig : Declare list of syscalls] *******************
skipping: [localhost]

TASK [/stigforge/roles/ol10_stig : Check existence of  in /etc/audit/rules.d/] ***
skipping: [localhost]

TASK [/stigforge/roles/ol10_stig : Reset syscalls found per file] **************
skipping: [localhost]

TASK [/stigforge/roles/ol10_stig : Declare syscalls found per file] ************
skipping: [localhost]

TASK [/stigforge/roles/ol10_stig : Declare files where syscalls were found] ****
skipping: [localhost]

TASK [/stigforge/roles/ol10_stig : Count occurrences of syscalls in paths] *****
skipping: [localhost]

TASK [/stigforge/roles/ol10_stig : Get path with most syscalls] ****************
skipping: [localhost]

TASK [/stigforge/roles/ol10_stig : No file with syscall found, set path to /etc/audit/rules.d/privileged.rules] ***
skipping: [localhost]

TASK [/stigforge/roles/ol10_stig : Declare found syscalls] *********************
skipping: [localhost]

TASK [/stigforge/roles/ol10_stig : Declare missing syscalls] *******************
skipping: [localhost]

TASK [/stigforge/roles/ol10_stig : Replace the audit rule in {{ audit_file }}] ***
skipping: [localhost]

TASK [/stigforge/roles/ol10_stig : Add the audit rule to {{ audit_file }}] *****
skipping: [localhost]

TASK [/stigforge/roles/ol10_stig : Declare list of syscalls] *******************
skipping: [localhost]

TASK [/stigforge/roles/ol10_stig : Check existence of  in /etc/audit/audit.rules] ***
skipping: [localhost]

TASK [/stigforge/roles/ol10_stig : Set path to /etc/audit/audit.rules] *********
skipping: [localhost]

TASK [/stigforge/roles/ol10_stig : Declare found syscalls] *********************
skipping: [localhost]

TASK [/stigforge/roles/ol10_stig : Declare missing syscalls] *******************
skipping: [localhost]

TASK [/stigforge/roles/ol10_stig : Replace the audit rule in {{ audit_file }}] ***
skipping: [localhost]

TASK [/stigforge/roles/ol10_stig : Add the audit rule to {{ audit_file }}] *****
skipping: [localhost]

TASK [/stigforge/roles/ol10_stig : Declare list of syscalls] *******************
skipping: [localhost]

TASK [/stigforge/roles/ol10_stig : Check existence of  in /etc/audit/rules.d/] ***
skipping: [localhost]

TASK [/stigforge/roles/ol10_stig : Reset syscalls found per file] **************
skipping: [localhost]

TASK [/stigforge/roles/ol10_stig : Declare syscalls found per file] ************
skipping: [localhost]

TASK [/stigforge/roles/ol10_stig : Declare files where syscalls were found] ****
skipping: [localhost]

TASK [/stigforge/roles/ol10_stig : Count occurrences of syscalls in paths] *****
skipping: [localhost]

TASK [/stigforge/roles/ol10_stig : Get path with most syscalls] ****************
skipping: [localhost]

TASK [/stigforge/roles/ol10_stig : No file with syscall found, set path to /etc/audit/rules.d/privileged.rules] ***
skipping: [localhost]

TASK [/stigforge/roles/ol10_stig : Declare found syscalls] *********************
skipping: [localhost]

TASK [/stigforge/roles/ol10_stig : Declare missing syscalls] *******************
skipping: [localhost]

TASK [/stigforge/roles/ol10_stig : Replace the audit rule in {{ audit_file }}] ***
skipping: [localhost]

TASK [/stigforge/roles/ol10_stig : Add the audit rule to {{ audit_file }}] *****
skipping: [localhost]

TASK [/stigforge/roles/ol10_stig : Declare list of syscalls] *******************
skipping: [localhost]

TASK [/stigforge/roles/ol10_stig : Check existence of  in /etc/audit/audit.rules] ***
skipping: [localhost]

TASK [/stigforge/roles/ol10_stig : Set path to /etc/audit/audit.rules] *********
skipping: [localhost]

TASK [/stigforge/roles/ol10_stig : Declare found syscalls] *********************
skipping: [localhost]

TASK [/stigforge/roles/ol10_stig : Declare missing syscalls] *******************
skipping: [localhost]

TASK [/stigforge/roles/ol10_stig : Replace the audit rule in {{ audit_file }}] ***
skipping: [localhost]

TASK [/stigforge/roles/ol10_stig : Add the audit rule to {{ audit_file }}] *****
skipping: [localhost]

TASK [/stigforge/roles/ol10_stig : Declare list of syscalls] *******************
skipping: [localhost]

TASK [/stigforge/roles/ol10_stig : Check existence of  in /etc/audit/rules.d/] ***
skipping: [localhost]

TASK [/stigforge/roles/ol10_stig : Reset syscalls found per file] **************
skipping: [localhost]

TASK [/stigforge/roles/ol10_stig : Declare syscalls found per file] ************
skipping: [localhost]

TASK [/stigforge/roles/ol10_stig : Declare files where syscalls were found] ****
skipping: [localhost]

TASK [/stigforge/roles/ol10_stig : Count occurrences of syscalls in paths] *****
skipping: [localhost]

TASK [/stigforge/roles/ol10_stig : Get path with most syscalls] ****************
skipping: [localhost]

TASK [/stigforge/roles/ol10_stig : No file with syscall found, set path to /etc/audit/rules.d/privileged.rules] ***
skipping: [localhost]

TASK [/stigforge/roles/ol10_stig : Declare found syscalls] *********************
skipping: [localhost]

TASK [/stigforge/roles/ol10_stig : Declare missing syscalls] *******************
skipping: [localhost]

TASK [/stigforge/roles/ol10_stig : Replace the audit rule in {{ audit_file }}] ***
skipping: [localhost]

TASK [/stigforge/roles/ol10_stig : Add the audit rule to {{ audit_file }}] *****
skipping: [localhost]

TASK [/stigforge/roles/ol10_stig : Declare list of syscalls] *******************
skipping: [localhost]

TASK [/stigforge/roles/ol10_stig : Check existence of  in /etc/audit/audit.rules] ***
skipping: [localhost]

TASK [/stigforge/roles/ol10_stig : Set path to /etc/audit/audit.rules] *********
skipping: [localhost]

TASK [/stigforge/roles/ol10_stig : Declare found syscalls] *********************
skipping: [localhost]

TASK [/stigforge/roles/ol10_stig : Declare missing syscalls] *******************
skipping: [localhost]

TASK [/stigforge/roles/ol10_stig : Replace the audit rule in {{ audit_file }}] ***
skipping: [localhost]

TASK [/stigforge/roles/ol10_stig : Add the audit rule to {{ audit_file }}] *****
skipping: [localhost]

TASK [/stigforge/roles/ol10_stig : Declare list of syscalls] *******************
skipping: [localhost]

TASK [/stigforge/roles/ol10_stig : Check existence of  in /etc/audit/rules.d/] ***
skipping: [localhost]

TASK [/stigforge/roles/ol10_stig : Reset syscalls found per file] **************
skipping: [localhost]

TASK [/stigforge/roles/ol10_stig : Declare syscalls found per file] ************
skipping: [localhost]

TASK [/stigforge/roles/ol10_stig : Declare files where syscalls were found] ****
skipping: [localhost]

TASK [/stigforge/roles/ol10_stig : Count occurrences of syscalls in paths] *****
skipping: [localhost]

TASK [/stigforge/roles/ol10_stig : Get path with most syscalls] ****************
skipping: [localhost]

TASK [/stigforge/roles/ol10_stig : No file with syscall found, set path to /etc/audit/rules.d/privileged.rules] ***
skipping: [localhost]

TASK [/stigforge/roles/ol10_stig : Declare found syscalls] *********************
skipping: [localhost]

TASK [/stigforge/roles/ol10_stig : Declare missing syscalls] *******************
skipping: [localhost]

TASK [/stigforge/roles/ol10_stig : Replace the audit rule in {{ audit_file }}] ***
skipping: [localhost]

TASK [/stigforge/roles/ol10_stig : Add the audit rule to {{ audit_file }}] *****
skipping: [localhost]

TASK [/stigforge/roles/ol10_stig : Declare list of syscalls] *******************
skipping: [localhost]

TASK [/stigforge/roles/ol10_stig : Check existence of  in /etc/audit/audit.rules] ***
skipping: [localhost]

TASK [/stigforge/roles/ol10_stig : Set path to /etc/audit/audit.rules] *********
skipping: [localhost]

TASK [/stigforge/roles/ol10_stig : Declare found syscalls] *********************
skipping: [localhost]

TASK [/stigforge/roles/ol10_stig : Declare missing syscalls] *******************
skipping: [localhost]

TASK [/stigforge/roles/ol10_stig : Replace the audit rule in {{ audit_file }}] ***
skipping: [localhost]

TASK [/stigforge/roles/ol10_stig : Add the audit rule to {{ audit_file }}] *****
skipping: [localhost]

TASK [/stigforge/roles/ol10_stig : Declare list of syscalls] *******************
skipping: [localhost]

TASK [/stigforge/roles/ol10_stig : Check existence of  in /etc/audit/rules.d/] ***
skipping: [localhost]

TASK [/stigforge/roles/ol10_stig : Reset syscalls found per file] **************
skipping: [localhost]

TASK [/stigforge/roles/ol10_stig : Declare syscalls found per file] ************
skipping: [localhost]

TASK [/stigforge/roles/ol10_stig : Declare files where syscalls were found] ****
skipping: [localhost]

TASK [/stigforge/roles/ol10_stig : Count occurrences of syscalls in paths] *****
skipping: [localhost]

TASK [/stigforge/roles/ol10_stig : Get path with most syscalls] ****************
skipping: [localhost]

TASK [/stigforge/roles/ol10_stig : No file with syscall found, set path to /etc/audit/rules.d/privileged.rules] ***
skipping: [localhost]

TASK [/stigforge/roles/ol10_stig : Declare found syscalls] *********************
skipping: [localhost]

TASK [/stigforge/roles/ol10_stig : Declare missing syscalls] *******************
skipping: [localhost]

TASK [/stigforge/roles/ol10_stig : Replace the audit rule in {{ audit_file }}] ***
skipping: [localhost]

TASK [/stigforge/roles/ol10_stig : Add the audit rule to {{ audit_file }}] *****
skipping: [localhost]

TASK [/stigforge/roles/ol10_stig : Declare list of syscalls] *******************
skipping: [localhost]

TASK [/stigforge/roles/ol10_stig : Check existence of  in /etc/audit/audit.rules] ***
skipping: [localhost]

TASK [/stigforge/roles/ol10_stig : Set path to /etc/audit/audit.rules] *********
skipping: [localhost]

TASK [/stigforge/roles/ol10_stig : Declare found syscalls] *********************
skipping: [localhost]

TASK [/stigforge/roles/ol10_stig : Declare missing syscalls] *******************
skipping: [localhost]

TASK [/stigforge/roles/ol10_stig : Replace the audit rule in {{ audit_file }}] ***
skipping: [localhost]

TASK [/stigforge/roles/ol10_stig : Add the audit rule to {{ audit_file }}] *****
skipping: [localhost]

TASK [/stigforge/roles/ol10_stig : Declare list of syscalls] *******************
skipping: [localhost]

TASK [/stigforge/roles/ol10_stig : Check existence of  in /etc/audit/rules.d/] ***
skipping: [localhost]

TASK [/stigforge/roles/ol10_stig : Reset syscalls found per file] **************
skipping: [localhost]

TASK [/stigforge/roles/ol10_stig : Declare syscalls found per file] ************
skipping: [localhost]

TASK [/stigforge/roles/ol10_stig : Declare files where syscalls were found] ****
skipping: [localhost]

TASK [/stigforge/roles/ol10_stig : Count occurrences of syscalls in paths] *****
skipping: [localhost]

TASK [/stigforge/roles/ol10_stig : Get path with most syscalls] ****************
skipping: [localhost]

TASK [/stigforge/roles/ol10_stig : No file with syscall found, set path to /etc/audit/rules.d/privileged.rules] ***
skipping: [localhost]

TASK [/stigforge/roles/ol10_stig : Declare found syscalls] *********************
skipping: [localhost]

TASK [/stigforge/roles/ol10_stig : Declare missing syscalls] *******************
skipping: [localhost]

TASK [/stigforge/roles/ol10_stig : Replace the audit rule in {{ audit_file }}] ***
skipping: [localhost]

TASK [/stigforge/roles/ol10_stig : Add the audit rule to {{ audit_file }}] *****
skipping: [localhost]

TASK [/stigforge/roles/ol10_stig : Declare list of syscalls] *******************
skipping: [localhost]

TASK [/stigforge/roles/ol10_stig : Check existence of  in /etc/audit/audit.rules] ***
skipping: [localhost]

TASK [/stigforge/roles/ol10_stig : Set path to /etc/audit/audit.rules] *********
skipping: [localhost]

TASK [/stigforge/roles/ol10_stig : Declare found syscalls] *********************
skipping: [localhost]

TASK [/stigforge/roles/ol10_stig : Declare missing syscalls] *******************
skipping: [localhost]

TASK [/stigforge/roles/ol10_stig : Replace the audit rule in {{ audit_file }}] ***
skipping: [localhost]

TASK [/stigforge/roles/ol10_stig : Add the audit rule to {{ audit_file }}] *****
skipping: [localhost]

TASK [/stigforge/roles/ol10_stig : Declare list of syscalls] *******************
skipping: [localhost]

TASK [/stigforge/roles/ol10_stig : Check existence of  in /etc/audit/rules.d/] ***
skipping: [localhost]

TASK [/stigforge/roles/ol10_stig : Reset syscalls found per file] **************
skipping: [localhost]

TASK [/stigforge/roles/ol10_stig : Declare syscalls found per file] ************
skipping: [localhost]

TASK [/stigforge/roles/ol10_stig : Declare files where syscalls were found] ****
skipping: [localhost]

TASK [/stigforge/roles/ol10_stig : Count occurrences of syscalls in paths] *****
skipping: [localhost]

TASK [/stigforge/roles/ol10_stig : Get path with most syscalls] ****************
skipping: [localhost]

TASK [/stigforge/roles/ol10_stig : No file with syscall found, set path to /etc/audit/rules.d/privileged.rules] ***
skipping: [localhost]

TASK [/stigforge/roles/ol10_stig : Declare found syscalls] *********************
skipping: [localhost]

TASK [/stigforge/roles/ol10_stig : Declare missing syscalls] *******************
skipping: [localhost]

TASK [/stigforge/roles/ol10_stig : Replace the audit rule in {{ audit_file }}] ***
skipping: [localhost]

TASK [/stigforge/roles/ol10_stig : Add the audit rule to {{ audit_file }}] *****
skipping: [localhost]

TASK [/stigforge/roles/ol10_stig : Declare list of syscalls] *******************
skipping: [localhost]

TASK [/stigforge/roles/ol10_stig : Check existence of  in /etc/audit/audit.rules] ***
skipping: [localhost]

TASK [/stigforge/roles/ol10_stig : Set path to /etc/audit/audit.rules] *********
skipping: [localhost]

TASK [/stigforge/roles/ol10_stig : Declare found syscalls] *********************
skipping: [localhost]

TASK [/stigforge/roles/ol10_stig : Declare missing syscalls] *******************
skipping: [localhost]

TASK [/stigforge/roles/ol10_stig : Replace the audit rule in {{ audit_file }}] ***
skipping: [localhost]

TASK [/stigforge/roles/ol10_stig : Add the audit rule to {{ audit_file }}] *****
skipping: [localhost]

TASK [/stigforge/roles/ol10_stig : Declare list of syscalls] *******************
skipping: [localhost]

TASK [/stigforge/roles/ol10_stig : Check existence of  in /etc/audit/rules.d/] ***
skipping: [localhost]

TASK [/stigforge/roles/ol10_stig : Reset syscalls found per file] **************
skipping: [localhost]

TASK [/stigforge/roles/ol10_stig : Declare syscalls found per file] ************
skipping: [localhost]

TASK [/stigforge/roles/ol10_stig : Declare files where syscalls were found] ****
skipping: [localhost]

TASK [/stigforge/roles/ol10_stig : Count occurrences of syscalls in paths] *****
skipping: [localhost]

TASK [/stigforge/roles/ol10_stig : Get path with most syscalls] ****************
skipping: [localhost]

TASK [/stigforge/roles/ol10_stig : No file with syscall found, set path to /etc/audit/rules.d/privileged.rules] ***
skipping: [localhost]

TASK [/stigforge/roles/ol10_stig : Declare found syscalls] *********************
skipping: [localhost]

TASK [/stigforge/roles/ol10_stig : Declare missing syscalls] *******************
skipping: [localhost]

TASK [/stigforge/roles/ol10_stig : Replace the audit rule in {{ audit_file }}] ***
skipping: [localhost]

TASK [/stigforge/roles/ol10_stig : Add the audit rule to {{ audit_file }}] *****
skipping: [localhost]

TASK [/stigforge/roles/ol10_stig : Declare list of syscalls] *******************
skipping: [localhost]

TASK [/stigforge/roles/ol10_stig : Check existence of  in /etc/audit/audit.rules] ***
skipping: [localhost]

TASK [/stigforge/roles/ol10_stig : Set path to /etc/audit/audit.rules] *********
skipping: [localhost]

TASK [/stigforge/roles/ol10_stig : Declare found syscalls] *********************
skipping: [localhost]

TASK [/stigforge/roles/ol10_stig : Declare missing syscalls] *******************
skipping: [localhost]

TASK [/stigforge/roles/ol10_stig : Replace the audit rule in {{ audit_file }}] ***
skipping: [localhost]

TASK [/stigforge/roles/ol10_stig : Add the audit rule to {{ audit_file }}] *****
skipping: [localhost]

TASK [/stigforge/roles/ol10_stig : Configure auditd mail_acct Action on Low Disk Space - Configure auditd mail_acct Action on Low Disk Space] ***
skipping: [localhost]

TASK [/stigforge/roles/ol10_stig : Configure auditd admin_space_left Action on Low Disk Space] ***
skipping: [localhost]

TASK [/stigforge/roles/ol10_stig : Configure auditd admin_space_left on Low Disk Space] ***
skipping: [localhost]

TASK [/stigforge/roles/ol10_stig : Configure auditd space_left Action on Low Disk Space] ***
skipping: [localhost]

TASK [/stigforge/roles/ol10_stig : Configure auditd space_left on Low Disk Space] ***
skipping: [localhost]

TASK [/stigforge/roles/ol10_stig : Check for duplicate values] *****************
skipping: [localhost]

TASK [/stigforge/roles/ol10_stig : Deduplicate values from /etc/audit/auditd.conf] ***
skipping: [localhost]

TASK [/stigforge/roles/ol10_stig : Insert correct line to /etc/audit/auditd.conf] ***
skipping: [localhost]

TASK [/stigforge/roles/ol10_stig : Check for duplicate values] *****************
skipping: [localhost]

TASK [/stigforge/roles/ol10_stig : Deduplicate values from /etc/audit/auditd.conf] ***
skipping: [localhost]

TASK [/stigforge/roles/ol10_stig : Insert correct line to /etc/audit/auditd.conf] ***
skipping: [localhost]

TASK [/stigforge/roles/ol10_stig : Check for duplicate values] *****************
skipping: [localhost]

TASK [/stigforge/roles/ol10_stig : Deduplicate values from /etc/audit/auditd.conf] ***
skipping: [localhost]

TASK [/stigforge/roles/ol10_stig : Insert correct line to /etc/audit/auditd.conf] ***
skipping: [localhost]

TASK [/stigforge/roles/ol10_stig : Set type of computer node name logging in audit logs - Define Value to Be Used in the Remediation] ***
skipping: [localhost]

TASK [/stigforge/roles/ol10_stig : Check for duplicate values] *****************
skipping: [localhost]

TASK [/stigforge/roles/ol10_stig : Deduplicate values from /etc/audit/auditd.conf] ***
skipping: [localhost]

TASK [/stigforge/roles/ol10_stig : Insert correct line to /etc/audit/auditd.conf] ***
skipping: [localhost]

TASK [/stigforge/roles/ol10_stig : Check for duplicate values] *****************
skipping: [localhost]

TASK [/stigforge/roles/ol10_stig : Deduplicate values from /etc/audit/auditd.conf] ***
skipping: [localhost]

TASK [/stigforge/roles/ol10_stig : Insert correct line to /etc/audit/auditd.conf] ***
skipping: [localhost]

TASK [/stigforge/roles/ol10_stig : Check for duplicate values] *****************
skipping: [localhost]

TASK [/stigforge/roles/ol10_stig : Deduplicate values from /etc/audit/auditd.conf] ***
skipping: [localhost]

TASK [/stigforge/roles/ol10_stig : Insert correct line to /etc/audit/auditd.conf] ***
skipping: [localhost]

TASK [/stigforge/roles/ol10_stig : Test for existence /etc/audit/auditd.conf] ***
skipping: [localhost]

TASK [/stigforge/roles/ol10_stig : Ensure permission u-xs,g-xws,o-xwrt on /etc/audit/auditd.conf] ***
skipping: [localhost]

TASK [/stigforge/roles/ol10_stig : Find /etc/audit/rules.d/ file(s)] ***********
skipping: [localhost]

TASK [/stigforge/roles/ol10_stig : Set permissions for /etc/audit/rules.d/ file(s)] ***
skipping: [localhost]

PLAY RECAP *********************************************************************
localhost                  : ok=655  changed=70   unreachable=0    failed=0    skipped=3659 rescued=2    ignored=0   

